Rank,Player,Age,Team,Pos,G,GS,MPAVG,FG,FGA,FG%,3P,3PA,3P%,2P,2PA,2P%,eFG%,FT,FTA,FT%,ORB,DRB,TRB,AST,STL,BLK,TOV,PF,PTS,Awards,MPTotal,PER,TS%,3PAr,FTr,ORB%,DRB%,TRB%,AST%,STL%,BLK%,TOV%,USG%,OWS,DWS,WS,WS/48,OBPM,DBPM,BPM,VORP,SEASON
1,Precious Achiuwa,26,SAC,C,73,57,23.9,4.3,8.2,0.528,0.4,1.3,0.278,4,6.9,0.577,0.551,1.1,1.9,0.554,2.4,4.3,6.7,1.4,0.9,0.7,0.9,1.7,10.1,,1745,16.2,0.558,0.162,0.232,11,20.8,15.8,8.5,1.8,2.6,9,17.6,1.8,1.2,2.9,0.081,-0.5,-1.1,-1.6,0.2,2025
2,Steven Adams,32,HOU,C,32,11,22.8,2.2,4.3,0.504,0,0,,2.2,4.3,0.504,0.504,1.5,2.5,0.58,4.5,4.1,8.6,1.5,0.7,0.6,1.1,1.7,5.8,,730,15.8,0.535,0,0.583,22.3,19.6,21,8.3,1.5,2.5,16.7,12.1,1.1,1,2.1,0.141,-0.1,-0.3,-0.5,0.3,2025
3,Bam Adebayo,28,MIA,C,73,73,32.4,6.9,15.7,0.442,1.7,5.5,0.318,5.2,10.2,0.509,0.497,4.5,5.8,0.778,2,8,10,3.2,1.2,0.7,1.6,1.7,20.1,"DPOY-11,DEF2",2365,18.7,0.551,0.349,0.369,6.5,25.7,16.1,14.1,1.7,1.8,8.3,25,2.8,3.6,6.4,0.129,1.5,0.4,2,2.4,2025
4,Ochai Agbaji,25,2TM,SG,62,13,15.7,2,4.5,0.436,0.5,2.1,0.266,1.4,2.5,0.579,0.496,0.6,0.7,0.837,0.7,1.5,2.3,0.8,0.4,0.3,0.5,1.5,5.1,,973,8.9,0.525,0.457,0.154,5.3,11.5,8.3,6.8,1.2,1.7,9.4,14.6,0.1,0.8,0.9,0.046,-3.5,-0.5,-4,-0.5,2025
5,Santi Aldama,25,MEM,PF,43,11,27.9,5.3,11.1,0.479,1.6,4.7,0.35,3.7,6.4,0.572,0.553,1.8,2.7,0.667,1.6,5.1,6.7,2.9,0.9,0.7,1.3,1.6,14,,1198,16.3,0.572,0.42,0.239,6,20.2,13,15.7,1.5,2.4,9.5,20.2,1.3,1,2.3,0.092,1.3,0.4,1.7,1.1,2025
6,Trey Alexander,22,NOP,SG,9,0,12.3,2.1,4.1,0.514,0.7,1.3,0.5,1.4,2.8,0.52,0.595,0.3,0.6,0.6,0.1,1.1,1.2,1,0.7,0.2,0.3,1.4,5.2,,111,13.2,0.599,0.324,0.135,1,9.8,5.3,11.6,2.6,1.7,7.1,15.8,0.1,0.1,0.2,0.09,-1.5,-0.1,-1.6,0,2025
7,Nickeil Alexander-Walker,27,ATL,SG,78,71,33.4,7,15.3,0.459,3.2,8.1,0.399,3.8,7.3,0.525,0.564,3.6,3.9,0.902,0.7,2.8,3.4,3.7,1.3,0.5,2.1,2.2,20.8,MIP-1,2603,16.5,0.61,0.526,0.257,2.1,9.1,5.6,15.8,1.9,1.5,10.9,23.9,3.6,2.7,6.3,0.116,1.6,-0.4,1.2,2.1,2025
8,Grayson Allen,30,PHO,SG,51,27,28.8,5.3,13.1,0.403,3.1,8.9,0.349,2.2,4.2,0.519,0.522,2.8,3.3,0.857,0.7,2.3,3,3.8,1.4,0.3,1.6,2.3,16.5,,1467,16.1,0.568,0.682,0.252,2.7,9.2,5.9,19.9,2.3,0.8,10.1,23.8,2.3,1.6,3.9,0.127,1.9,0.2,2.1,1.5,2025
9,Jarrett Allen,27,CLE,C,56,56,27.1,6,9.4,0.638,0,0.2,0.1,6,9.3,0.649,0.639,3.3,4.7,0.709,2.6,5.9,8.5,1.8,1,0.8,1.3,1.7,15.4,,1519,22.1,0.669,0.019,0.494,10.5,24,17.2,9.7,1.7,2.9,10.4,19.9,4.2,2.2,6.4,0.202,2.2,0.4,2.6,1.8,2025
10,Jose Alvarado,27,2TM,PG,69,3,19.9,2.7,6.5,0.416,1.5,4.2,0.352,1.2,2.3,0.531,0.529,0.5,0.7,0.761,0.4,2.1,2.5,3.4,1,0.1,1.1,1.9,7.4,,1370,12.1,0.543,0.639,0.102,2.1,11.6,6.8,23.1,2.3,0.6,14.1,16.8,1,1.2,2.2,0.077,-1.3,0.3,-1,0.3,2025
11,Kyle Anderson,32,3TM,SF,43,5,19.8,2.5,4.7,0.53,0.1,0.3,0.364,2.4,4.4,0.539,0.54,1.1,1.6,0.706,1,2.5,3.5,2.9,1,0.6,0.9,2.2,6.2,,853,13.7,0.573,0.054,0.337,5.4,13.8,9.6,19.4,2.5,2.8,14.4,13.2,1,0.8,1.9,0.105,-1.3,1.7,0.4,0.5,2025
12,Alex Antetokounmpo,24,MIL,SF,6,0,3.5,0.5,1.3,0.375,0.3,1.2,0.286,0.2,0.2,1,0.5,1.8,2.5,0.733,0.3,0.7,1,0.2,0,0.2,0.2,0.2,3.2,,21,28.6,0.651,0.875,1.875,10.9,21.4,16.2,6.8,0,4.8,6.4,32.8,0.1,0,0.1,0.282,7.3,-1.9,5.4,0,2025
13,Giannis Antetokounmpo,31,MIL,PF,36,36,28.9,10.4,16.6,0.624,0.4,1.3,0.333,9.9,15.4,0.647,0.636,6.4,9.9,0.65,2.7,7.1,9.8,5.4,0.9,0.7,3.2,2.4,27.6,AS,1039,32.6,0.658,0.075,0.597,10.7,27.4,19.2,38.7,1.6,2.3,13.2,37,3.9,1.1,5,0.231,7.7,1.8,9.5,3,2025
14,Thasis Antetokounmpo,33,MIL,SF,34,0,4.4,0.4,0.9,0.469,0,0.1,0,0.4,0.8,0.536,0.469,0.5,0.9,0.567,0.4,0.5,0.9,0.4,0.4,0.2,0.3,0.5,1.4,,148,14,0.52,0.125,0.938,9.2,13.7,11.5,13.6,4.3,4,18.1,16.5,0,0.2,0.2,0.076,-3.5,1.8,-1.7,0,2025
15,Cole Anthony,25,MIL,PG,35,0,15.1,2.8,6.6,0.424,0.6,2.1,0.306,2.2,4.5,0.478,0.472,0.5,0.7,0.615,0.5,2,2.5,3.5,0.6,0.3,1.9,2.1,6.7,,527,10.7,0.483,0.312,0.113,3.5,15.1,9.3,34.8,1.9,2.1,21.1,25.8,-0.9,0.4,-0.5,-0.042,-3.9,-0.9,-4.7,-0.4,2025
16,OG Anunoby,28,NYK,PF,67,67,33.2,5.8,12,0.484,2.3,6.1,0.386,3.5,5.9,0.584,0.581,2.7,3.3,0.828,1.3,4,5.2,2.2,1.6,0.7,1.8,2.4,16.7,"DPOY-10,DEF2",2224,15.8,0.62,0.506,0.275,4.3,13.4,8.8,9.2,2.3,2.2,12,19.7,3.1,3.2,6.3,0.135,0.9,1.1,2,2.3,2025
17,Deni Avdija,25,POR,SF,66,66,33.3,7.5,16.1,0.462,1.9,6,0.318,5.6,10.2,0.547,0.521,7.4,9.2,0.802,1.1,5.8,6.9,6.7,0.8,0.6,3.8,2.5,24.2,AS,2199,20.3,0.6,0.369,0.573,3.6,19,11.2,32.2,1.1,1.7,16,29.3,4.5,2.4,7,0.152,3.7,0.6,4.3,3.5,2025
18,Deandre Ayton,27,LAL,C,72,72,27.2,5.6,8.3,0.671,0,0,,5.6,8.3,0.671,0.671,1.3,2,0.645,2.6,5.4,8,0.8,0.6,1,1.2,2.2,12.5,,1958,18.2,0.676,0,0.235,11.5,22.6,17.2,4.5,1,3.3,11.1,16.7,4,2.2,6.2,0.152,0,-0.9,-0.9,0.6,2025
19,Marvin Bagley III,26,2TM,PF,60,12,20,4.2,6.9,0.618,0.4,0.9,0.462,3.8,6,0.641,0.647,1.6,2.4,0.66,2.5,3.6,6.1,1.4,0.5,0.7,1,2.1,10.5,,1201,20.2,0.661,0.127,0.35,13.2,19.3,16.3,10.8,1.1,3.1,11.4,18.6,3,0.8,3.8,0.15,1.8,-1,0.8,0.8,2025
20,Ace Bailey,19,UTA,SF,72,61,27.6,5.5,12.4,0.443,1.9,5.5,0.344,3.6,6.9,0.522,0.52,0.9,1.2,0.75,1.4,2.8,4.2,1.8,0.8,0.7,1.5,2.7,13.8,,1988,11.6,0.533,0.446,0.099,5.5,11,8.2,9.7,1.4,2.4,10.3,21.4,-0.4,0.3,-0.1,-0.001,-1.9,-2.5,-4.4,-1.2,2025
21,Adama-Alpha Bal,22,MEM,SG,8,1,30.1,3.5,8.5,0.412,2.3,5.5,0.409,1.3,3,0.417,0.544,1.1,1.3,0.9,0.8,2.4,3.1,2.4,1.1,0.1,0.8,3.4,10.4,,241,9.6,0.573,0.647,0.147,2.6,8.7,5.6,10.6,1.8,0.4,7.7,13.5,0.2,0.1,0.3,0.065,-3.6,-1.8,-5.4,-0.2,2025
22,Patrick Baldwin Jr.,23,3TM,SF,9,1,11.3,1.2,3,0.407,0.7,1.6,0.429,0.6,1.4,0.385,0.519,0.6,0.8,0.714,1.3,1.2,2.6,0.6,0.3,0.6,0.6,1.7,3.7,,102,11.8,0.549,0.519,0.259,12.8,12.3,12.6,6.4,1.4,4.5,14.3,14.7,0,0.1,0.1,0.05,-2.9,-1.5,-4.4,-0.1,2025
23,LaMelo Ball,24,CHO,PG,72,69,28,7,17.3,0.407,3.8,10.3,0.368,3.3,7,0.464,0.516,2.2,2.5,0.899,0.9,3.9,4.8,7.1,1.2,0.2,2.8,2.7,20.1,,2017,19.7,0.546,0.595,0.144,3.7,15.5,9.7,42.6,2.1,0.8,13.2,32,3.6,2.6,6.2,0.147,4.8,-0.1,4.7,3.4,2025
24,Lonzo Ball,28,CLE,PG,35,3,20.8,1.5,5,0.301,1.1,4.2,0.272,0.4,0.8,0.448,0.415,0.4,0.6,0.667,0.7,3.3,4,3.9,1.3,0.3,1.5,1.3,4.6,,728,9.5,0.432,0.835,0.119,3.9,17.2,10.6,22.6,3,1.2,21.9,13.7,-0.4,1,0.6,0.042,-2.9,1.8,-1.1,0.2,2025
25,Mo Bamba,27,2TM,C,4,0,11,1.3,2.8,0.455,0,0,,1.3,2.8,0.455,0.455,0,0,,2.5,3,5.5,0.3,0,0.8,0.5,1.5,2.5,,44,12.9,0.455,0,0,24.1,30.3,27.1,3,0,6.6,15.4,12.2,0,0,0.1,0.056,-4.3,-3.6,-8,-0.1,2025
26,Paolo Banchero,23,ORL,PF,72,72,34.8,7.3,16,0.459,1.2,3.8,0.305,6.2,12.2,0.507,0.496,6.3,8.2,0.775,1.2,7.2,8.4,5.2,0.7,0.6,3.1,2,22.2,,2502,17.6,0.566,0.239,0.512,3.8,23.4,13.5,23.4,1,1.4,13.6,27.6,2,3,5,0.095,1.4,0,1.4,2.1,2025
27,Desmond Bane,27,ORL,SG,82,82,33.6,7.1,14.7,0.484,2,5.2,0.391,5.1,9.5,0.535,0.553,3.8,4.2,0.908,1.2,2.9,4.1,4.1,1,0.5,2,3.1,20.1,,2756,16.9,0.607,0.354,0.287,3.9,9.8,6.8,19.3,1.5,1.2,10.8,23.3,4.8,2.6,7.4,0.129,1.6,-0.2,1.4,2.3,2025
28,Dalano Banton,26,2TM,PG,6,0,10.3,0.7,2,0.333,0,0.2,0,0.7,1.8,0.364,0.333,0.7,0.7,1,0.3,0.5,0.8,1.8,0.3,0.8,1.3,0.5,2,,62,7,0.436,0.083,0.333,3.7,5.2,4.5,22.9,1.6,8.1,36.8,15.3,-0.1,0.1,-0.1,-0.044,-5.3,1.3,-4,0,2025
29,Dominick Barlow,22,PHI,PF,71,59,23.8,3,5.6,0.539,0.3,1.2,0.256,2.7,4.5,0.612,0.565,1.3,1.8,0.718,1.9,2.9,4.8,1.2,0.9,0.7,0.8,2.1,7.7,,1689,13.2,0.597,0.206,0.328,8.5,13.5,11,7,1.8,2.9,10.9,12.8,2.2,1.8,3.9,0.112,-1.5,0.4,-1.1,0.4,2025
30,Harrison Barnes,33,SAS,PF,77,52,25.8,3.4,7.5,0.456,1.8,4.6,0.388,1.6,2.8,0.567,0.577,1.3,1.6,0.829,0.8,2,2.8,1.9,0.6,0.2,0.8,1.1,9.9,,1986,11.8,0.608,0.623,0.214,3.5,7.9,5.8,9.7,1.2,0.5,8.8,14.6,2.7,2.1,4.8,0.117,-0.2,0.1,-0.1,1,2025
31,Scottie Barnes,24,TOR,PF,80,80,33.5,7.1,14,0.507,0.9,2.8,0.304,6.3,11.2,0.557,0.537,3,3.7,0.815,1.9,5.6,7.5,5.9,1.4,1.5,2.6,2.6,18.1,"DPOY-5,AS,DEF2",2681,19.2,0.577,0.199,0.264,6.3,19.3,12.7,26.3,2.1,4.2,14.3,23.4,3.3,4.5,7.8,0.14,1.9,2.3,4.2,4.2,2025
32,Brooks Barnhizer,23,OKC,SG,40,0,8.7,0.7,1.8,0.38,0.2,0.6,0.292,0.5,1.2,0.426,0.43,0.2,0.3,0.7,0.5,1.5,2,0.6,0.3,0.1,0.3,0.7,1.7,,348,7.9,0.451,0.338,0.141,6.2,17.7,12.2,7.8,1.5,1.4,11.7,10.6,-0.1,0.6,0.6,0.082,-4.1,1,-3.1,-0.1,2025
33,RJ Barrett,25,TOR,SF,57,57,30.3,7,14.3,0.491,1.7,5,0.339,5.4,9.4,0.572,0.55,3.5,4.9,0.717,1,4.3,5.3,3.3,0.7,0.3,1.7,2.6,19.3,,1726,17,0.585,0.347,0.342,3.6,16.3,9.9,16.8,1.2,1.1,9.5,25.8,2,2,4,0.111,1,-0.7,0.2,1,2025
34,Charles Bassey,25,4TM,C,13,0,11.8,2.4,3.6,0.66,0,0,,2.4,3.6,0.66,0.66,1.1,1.5,0.7,1.8,2.6,4.4,0.5,0.3,0.8,0.5,1.5,5.8,,153,22.7,0.681,0,0.426,16.4,25,20.6,6.8,1.3,6.7,9.7,17.2,0.4,0.2,0.7,0.211,1.4,0.5,1.9,0.2,2025
35,Jamison Battle,24,TOR,SF,61,2,8.5,1.2,2.4,0.51,0.6,1.4,0.412,0.6,1,0.65,0.631,0.1,0.2,0.643,0.3,1.1,1.5,0.4,0.1,0,0.3,0.7,3.1,,517,10.6,0.635,0.586,0.097,4.4,15.3,9.8,6.3,0.7,0.6,11.2,14.1,0.4,0.5,0.9,0.086,-1.6,-1,-2.6,-0.1,2025
36,Nicolas Batum,37,LAC,PF,74,6,17.5,1.3,3.2,0.403,1.2,3.1,0.404,0.1,0.1,0.4,0.597,0.1,0.1,0.818,0.3,2.2,2.5,0.9,0.6,0.3,0.5,1.4,4,,1295,8.4,0.603,0.958,0.046,2.1,14.1,8.3,6.5,1.8,1.7,13.2,9.6,0.6,1.2,1.8,0.066,-1.7,0.7,-1,0.3,2025
37,Bradley Beal,32,LAC,SG,6,6,20.2,3,8,0.375,1.2,3.2,0.368,1.8,4.8,0.379,0.448,1,1.3,0.75,0.3,0.5,0.8,1.7,0.5,0,1.5,2.3,8.2,,121,5.1,0.476,0.396,0.167,2,2.8,2.4,12,1.2,0,14.9,22.2,-0.2,0,-0.2,-0.07,-6.7,-3.9,-10.6,-0.3,2025
38,MarJon Beauchamp,25,PHI,SF,14,1,14,2.4,5.4,0.434,1.1,3.4,0.34,1.2,2.1,0.586,0.539,0.9,1.4,0.684,0.5,1.8,2.3,1.1,0.6,0.3,0.9,0.9,6.8,,196,13.4,0.563,0.618,0.25,3.8,14.1,8.9,11.1,2.2,1.9,13.4,21,0,0.2,0.2,0.06,-0.6,-1,-1.6,0,2025
39,Joan Beringer,19,MIN,PF,40,3,7.9,1.6,2.5,0.663,0,0,,1.6,2.5,0.663,0.663,0.7,0.9,0.703,1.1,1.2,2.3,0.3,0.2,0.7,0.3,1.2,3.9,,314,21.3,0.683,0,0.378,16.1,16.1,16.1,5.6,1.1,7.2,8.8,16.8,1,0.5,1.5,0.222,0.2,0.2,0.4,0.2,2025
40,Saddiq Bey,26,NOP,SF,72,64,31.2,6.1,13.4,0.451,2.1,5.7,0.367,4,7.7,0.514,0.529,3.4,4.1,0.841,1.7,3.9,5.6,2.5,0.9,0.1,0.9,1.3,17.7,,2246,17.1,0.579,0.426,0.305,5.7,13.5,9.6,11.9,1.4,0.3,5.8,21.6,4.5,1,5.4,0.116,2.3,-1.8,0.5,1.4,2025
41,Goga Bitadze,26,ORL,C,64,3,15.2,2.4,3.5,0.676,0,0.2,0.182,2.3,3.3,0.701,0.68,1.1,1.5,0.711,2.1,2.9,5,1.3,0.6,1,0.7,2.1,5.9,,972,20.1,0.7,0.049,0.431,15.6,21.2,18.4,12.5,1.8,5.7,13.8,13.5,2.8,1.6,4.4,0.218,0.8,2,2.8,1.2,2025
42,Bismack Biyombo,33,SAS,C,25,1,5.6,0.4,0.6,0.6,0,0,,0.4,0.6,0.6,0.6,0.2,0.3,0.714,0.2,0.8,1,0.2,0.2,0.1,0.3,1.1,0.9,,141,4.5,0.636,0,0.467,3.9,15.6,9.9,4.2,1.4,1.3,30.7,7.8,0,0.2,0.2,0.057,-7.2,1.4,-5.8,-0.1,2025
43,Anthony Black,22,ORL,PG,64,40,29.8,5.4,12.1,0.447,1.6,4.7,0.333,3.8,7.4,0.519,0.512,2.6,3.6,0.732,0.7,3.1,3.8,3.7,1.4,0.7,2.1,2.7,15,,1910,13.7,0.549,0.389,0.299,2.7,11.6,7.1,18.5,2.3,2.1,13.1,22.2,0.3,2.4,2.6,0.067,-1.2,0.7,-0.6,0.7,2025
44,Leaky Black,26,WAS,SF,15,9,28.9,2.7,6.9,0.388,1.3,3.7,0.345,1.4,3.2,0.438,0.481,0.5,0.5,0.875,1,4,5,1.5,1.2,0.5,0.9,2.7,7.1,,433,7.8,0.498,0.534,0.078,3.7,15.2,9.3,6.6,2,1.6,11.6,11.6,-0.1,0.1,0,0.004,-4.2,-1.1,-5.3,-0.4,2025
45,Buddy Boeheim,26,OKC,SF,4,0,3.8,0.5,1.5,0.333,0.5,1.5,0.333,0,0,,0.5,0,0,,0,0,0,0,0,0,0,0.3,1.5,,15,4.6,0.5,1,0,0,0,0,0,0,0,0,17.3,0,0,0,0.012,-3.8,-4.5,-8.4,0,2025
46,Bogdan Bogdanović,33,LAC,SG,23,3,19.7,2.6,6.6,0.388,1.4,4.1,0.347,1.1,2.5,0.456,0.497,0.9,1.1,0.8,0.3,2.3,2.6,2.2,0.4,0.1,1.2,2,7.4,,452,8.9,0.525,0.625,0.164,1.6,13.3,7.6,15.9,1.1,0.6,14.2,18.6,-0.1,0.3,0.2,0.02,-2.3,-0.8,-3.1,-0.1,2025
47,Adem Bo,22,PHI,C,71,18,17.4,1.8,3.1,0.595,0,0.1,0.333,1.8,3,0.603,0.6,1.1,1.6,0.708,1.8,2.5,4.3,0.5,0.4,1.2,0.8,2.2,4.8,,1234,12.8,0.638,0.027,0.514,11.2,16,13.6,3.4,1.2,6.2,17.2,11.1,1.4,1.5,2.9,0.112,-3.2,0.3,-2.9,-0.3,2025
48,Devin Booker,29,PHO,SG,64,64,33.5,8.5,18.7,0.456,1.9,5.8,0.33,6.6,12.9,0.512,0.507,7.1,8.1,0.873,0.8,3.1,3.9,6,0.8,0.3,3.1,2.6,26.1,AS,2146,20.4,0.585,0.309,0.434,2.4,10.7,6.4,30.2,1.2,0.8,12.3,32.2,4.7,1.8,6.5,0.145,3.2,-1,2.2,2.3,2025
49,Chris Boucher,33,BOS,PF,9,0,10.4,0.9,2.8,0.32,0.2,1.7,0.133,0.7,1.1,0.6,0.36,0.3,0.4,0.75,0.2,1.8,2,0.3,0.6,0.8,0.1,1.9,2.3,,94,7.7,0.392,0.6,0.16,2.4,18.3,10.5,4,2.7,7.5,3.6,12.8,-0.1,0.2,0.1,0.064,-5.9,2.7,-3.1,0,2025
50,Jamaree Bouyea,26,PHO,PG,46,1,14,2.3,5.1,0.458,0.5,1.7,0.295,1.8,3.4,0.538,0.506,0.5,0.8,0.686,0.4,1.4,1.8,1.8,0.6,0.3,0.7,0.8,5.7,,644,13.5,0.523,0.331,0.148,3,11.4,7.1,18.6,2.2,2.4,10.7,18.5,0.4,0.8,1.1,0.086,-1.4,1.1,-0.4,0.3,2025
51,Tony Bradley,28,2TM,C,41,4,11,1.6,2.9,0.547,0,0.1,0.5,1.5,2.8,0.549,0.556,0.8,1,0.744,1.5,1.4,2.8,0.5,0.1,0.2,0.4,1.5,4,,450,12.8,0.596,0.034,0.368,14.2,13.8,14,6.9,0.6,1.3,11.7,14.5,0.7,0.2,0.9,0.099,-2.5,-1.7,-4.2,-0.3,2025
52,Malaki Branham,22,WAS,SG,28,0,9.8,1.5,3.3,0.473,0.5,1.3,0.378,1,1.9,0.537,0.549,1,1.2,0.824,0.4,1.1,1.6,0.8,0.4,0.1,0.5,0.8,4.6,,275,14,0.604,0.407,0.374,4.6,12.7,8.6,11.8,1.7,1,12.4,18.4,0.3,0,0.4,0.064,-0.8,-1.5,-2.2,0,2025
53,Christian Braun,24,DEN,SG,44,44,31.8,4.6,8.8,0.519,1,3.3,0.301,3.6,5.6,0.646,0.575,1.8,2.3,0.782,1.4,3.4,4.8,2.7,0.7,0.3,1,2.3,12,,1399,12.6,0.607,0.368,0.26,5.1,11.5,8.4,11.4,1,0.8,9,14.8,2.2,0.8,3,0.103,-0.4,-0.9,-1.2,0.3,2025
54,Koby Brea,23,PHO,SG,12,0,7,1.3,3,0.417,1.1,2.5,0.433,0.2,0.5,0.333,0.597,0.2,0.2,1,0.1,0.6,0.7,0.8,0.1,0,0.3,0.5,3.8,,84,13.6,0.61,0.833,0.056,1.3,9.6,5.3,17.7,0.6,0,9.8,20.7,0.2,0.1,0.2,0.117,1.7,-1.4,0.2,0,2025
55,Mikal Bridges,29,NYK,SF,82,82,32.8,5.8,11.7,0.49,1.9,5.1,0.371,3.9,6.6,0.582,0.571,1,1.2,0.827,1,2.8,3.8,3.7,1.3,0.8,1,2,14.4,,2692,15.3,0.587,0.436,0.102,3.3,9.7,6.5,15.9,2,2.4,7.6,17.3,4.7,3.3,8,0.143,1.3,1.4,2.7,3.2,2025
56,Miles Bridges,27,CHO,PF,77,77,31,6.2,13.5,0.46,1.9,5.8,0.333,4.3,7.8,0.554,0.531,2.7,3.3,0.822,1,4.9,5.8,3.2,0.6,0.4,1.4,1.7,17.1,,2387,16,0.57,0.427,0.243,3.6,17.4,10.6,15.9,1,1.3,8.5,22.3,4,2.5,6.5,0.13,1.2,-0.1,1.1,1.9,2025
57,Dillon Brooks,30,PHO,SF,56,56,30.4,7.4,17.1,0.435,2.3,6.6,0.344,5.2,10.5,0.492,0.501,3,3.6,0.842,0.8,2.9,3.6,1.8,1,0.2,1.8,3.3,20.2,,1702,14.1,0.54,0.385,0.211,2.7,10.8,6.6,9.6,1.7,0.5,8.6,28.6,0.4,1.6,2.1,0.058,-1,-1.3,-2.3,-0.1,2025
58,Johni Broome,23,PHI,C,11,0,5,0.4,2.2,0.167,0,0.5,0,0.4,1.7,0.211,0.167,0.2,0.5,0.333,0.6,0.8,1.5,0.4,0.3,0.2,0.3,0.6,0.9,,55,0.4,0.188,0.208,0.25,13.7,18.1,15.9,9.2,2.6,3.4,10.1,22.8,-0.3,0.1,-0.2,-0.212,-11.9,-4.4,-16.2,-0.2,2025
59,Bruce Brown,29,DEN,SG,82,4,24.4,3,6.4,0.475,0.7,1.8,0.385,2.3,4.6,0.511,0.53,1.2,1.5,0.762,1,2.8,3.9,2.1,1,0.2,1.1,2.4,7.9,,1998,10.8,0.562,0.284,0.241,5,12.5,8.9,11.3,2.1,0.9,13.6,14.5,1.2,1.8,2.9,0.071,-2.5,0.1,-2.4,-0.2,2025
60,Darius Brown II,26,CLE,SG,1,0,3,0,1,0,0,0,,0,1,0,0,0,0,,0,1,1,0,0,0,0,0,0,,3,-7.7,0,0,0,0,36.5,18.3,0,0,0,0,14,0,0,0,-0.269,-16.3,-2.4,-18.7,0,2025
61,Jaylen Brown,29,BOS,SF,71,71,34.4,10.4,21.7,0.477,2,5.7,0.347,8.4,16,0.523,0.522,6,7.5,0.795,1.1,5.8,6.9,5.1,1,0.4,3.6,2.7,28.7,"MVP-6,AS,NBA2",2443,22,0.573,0.262,0.347,3.7,18.1,11.1,25.9,1.5,1.1,12.7,36.2,3.5,3.4,6.9,0.135,3.5,-0.1,3.3,3.3,2025
62,Kobe Brown,26,2TM,PF,61,10,15.8,2.1,4.4,0.469,0.9,2.3,0.374,1.2,2.2,0.568,0.565,0.8,1,0.797,1.1,1.9,3,1.3,0.4,0.2,0.9,1.1,5.8,,963,12,0.594,0.513,0.218,7.8,13.6,10.7,11.6,1.2,1.1,15.1,15.6,0.8,0.6,1.3,0.066,-1.2,-1.4,-2.7,-0.2,2025
63,Jalen Brunson,29,NYK,PG,74,74,35,9.3,19.9,0.467,2.6,7.1,0.369,6.7,12.8,0.522,0.533,4.8,5.7,0.841,0.4,2.9,3.3,6.8,0.8,0.1,2.4,2.3,26,"CPOY-5,AS,NBA2",2590,20.1,0.58,0.358,0.285,1.3,9.4,5.3,31.3,1.1,0.3,9.5,30.4,6.5,2.2,8.8,0.163,4,-0.9,3.1,3.3,2025
64,Carter Bryant,20,SAS,PF,71,0,11.5,1.5,3.7,0.408,0.7,2.2,0.335,0.8,1.5,0.509,0.506,0.4,0.6,0.714,0.5,2,2.5,0.7,0.2,0.3,0.5,1.3,4.2,,818,9.9,0.526,0.585,0.158,5.1,17.9,11.7,7.5,0.9,2.5,10.4,16.3,0.1,1.2,1.3,0.076,-3.1,0.2,-3,-0.2,2025
65,Thomas Bryant,28,CLE,C,60,1,12.2,2.3,4.5,0.506,0.8,2.2,0.359,1.5,2.3,0.647,0.594,0.9,1.1,0.803,1,2.4,3.4,0.6,0.3,0.4,0.5,1.3,6.2,,732,17.2,0.625,0.491,0.247,8.9,21.9,15.4,6.3,1.2,3.4,8.6,18.6,1.4,0.9,2.3,0.153,0.8,-0.7,0.1,0.4,2025
66,Kobe Bufkin,22,LAL,SG,16,1,7.4,0.9,3.1,0.3,0.3,1.6,0.192,0.6,1.5,0.417,0.35,0.7,0.8,0.917,0.1,0.8,0.8,0.6,0.1,0.2,0.3,0.6,2.9,,119,6.2,0.416,0.52,0.24,1,11.4,6.4,11.2,0.8,2.3,8.3,22.1,-0.2,0.1,-0.1,-0.056,-6.2,-3.2,-9.4,-0.2,2025
67,Tyler Burton,25,MEM,SF,12,0,25.6,3.5,9.3,0.375,1.8,5.5,0.333,1.7,3.8,0.435,0.473,1.9,2.3,0.852,0.7,3.5,4.2,1,0.9,0.3,0.9,2.6,10.8,,307,9.5,0.521,0.589,0.241,2.8,15.1,8.8,5.4,1.7,1.2,8.2,18.3,-0.1,0.2,0.1,0.023,-3.4,-1.9,-5.3,-0.3,2025
68,Jimmy Butler,36,GSW,SF,38,38,31.1,6.3,12.2,0.519,0.8,2.2,0.376,5.5,9.9,0.552,0.554,6.5,7.6,0.864,2.3,3.2,5.6,4.9,1.4,0.2,1.6,1.2,20,,1182,23.5,0.646,0.184,0.621,8.2,11.8,10,24.3,2.3,0.6,9.3,23.3,4.6,1.1,5.7,0.233,5,0.5,5.5,2.3,2025
69,Matas Buzelis,21,CHI,PF,77,77,29.2,5.8,12.5,0.463,2.2,6.4,0.349,3.5,6.1,0.583,0.553,2.4,3.1,0.786,1,4.8,5.8,2.1,0.7,1.5,2.1,2.3,16.3,,2248,14.8,0.586,0.514,0.247,3.7,17.3,10.6,10.3,1.1,4.5,13,22.8,0.4,2.1,2.6,0.055,-0.6,-0.4,-1,0.5,2025
70,Jamal Cain,26,ORL,SF,40,1,12.2,1.9,3.8,0.487,0.7,1.8,0.384,1.2,2,0.582,0.579,1,1.2,0.848,0.7,1.3,2,0.7,0.3,0.1,0.5,1.3,5.4,,486,13,0.624,0.48,0.303,6.4,11.6,9,8.6,1.1,0.7,9.9,16.6,0.8,0.4,1.2,0.116,-0.4,-1,-1.4,0.1,2025
71,Kentavious Caldwell-Pope,32,MEM,SG,51,14,21.3,2.9,7.2,0.41,1.1,3.4,0.316,1.9,3.8,0.495,0.485,1.4,1.6,0.913,0.4,2.1,2.5,2.7,0.8,0.2,1.2,1.1,8.4,,1088,11,0.533,0.475,0.219,2,10.6,6.2,17.7,1.9,0.7,13.2,17.7,0.2,0.5,0.7,0.032,-2.3,-0.2,-2.5,-0.1,2025
72,Toumani Camara,25,POR,PF,82,82,33.3,4.8,10.9,0.44,2.7,7.2,0.37,2.1,3.6,0.579,0.563,1.2,1.7,0.708,1.6,3.6,5.1,2.5,1.1,0.4,1.8,2.9,13.4,,2731,11.3,0.578,0.664,0.154,5,11.7,8.4,10.4,1.6,1.1,13.1,16.3,2.1,2.7,4.8,0.084,-1,0,-1,0.7,2025
73,Clint Capela,31,HOU,C,75,3,12.3,1.6,3,0.52,0,0,0.5,1.6,3,0.52,0.522,0.6,1,0.577,2.1,2.5,4.6,0.7,0.5,0.8,0.5,1,3.8,,926,17.9,0.54,0.009,0.344,19.4,21.8,20.6,7.1,1.9,6.3,13.6,13.7,1.3,1.7,3,0.156,-0.5,0.9,0.4,0.6,2025
74,Dylan Cardwell,24,SAC,C,44,1,20.6,2.4,4.1,0.587,0,0.1,0.5,2.3,4,0.589,0.592,0.6,1.2,0.51,3.3,4.2,7.5,1.4,0.7,1.5,0.9,3.7,5.4,,907,15.8,0.591,0.022,0.285,17.6,23.5,20.5,9.2,1.6,6.8,16.2,11.3,1.4,0.9,2.3,0.122,-2.5,0.6,-1.9,0,2025
75,Branden Carlson,26,OKC,C,42,4,11.6,2.3,4.4,0.527,0.7,2,0.36,1.6,2.4,0.67,0.61,0.4,0.6,0.577,0.7,2.3,3,0.7,0.2,0.6,0.4,0.9,5.8,,488,17.7,0.613,0.462,0.14,6.7,20.3,13.8,8.6,0.8,5.4,7.5,18.9,0.8,1,1.7,0.171,0.5,0.3,0.8,0.4,2025
76,Bub Carrington,20,WAS,PG,82,48,27.7,3.8,9,0.424,2.1,5,0.408,1.8,4,0.443,0.538,1,1.4,0.73,0.4,3,3.4,4.6,0.6,0.2,2.3,2.2,10.7,,2271,9.9,0.556,0.559,0.15,1.5,11.7,6.5,23,1.1,0.7,19.5,18,-0.3,-0.1,-0.4,-0.009,-2.2,-2.5,-4.7,-1.6,2025
77,Devin Carter,23,SAC,PG,38,12,18.4,3.2,7.7,0.414,0.8,3,0.263,2.4,4.7,0.511,0.466,1.8,2.5,0.713,0.9,2.3,3.3,2.7,0.9,0.2,1.4,1.3,8.9,,700,13.8,0.508,0.39,0.322,5.6,14.6,10,20.9,2.3,1.2,13.9,23.5,-0.2,0.4,0.2,0.012,-1.5,-1.2,-2.6,-0.1,2025
78,Jevon Carter,30,2TM,PG,53,1,16.4,2.3,5.8,0.401,1.5,4.1,0.363,0.8,1.7,0.489,0.528,0.3,0.4,0.789,0.3,1.4,1.7,1.6,0.8,0.2,0.7,1.1,6.4,,867,10.7,0.537,0.7,0.062,1.8,9.6,5.6,14,2.2,1,10.2,17,0.1,0.8,0.9,0.052,-1.4,0.4,-1.1,0.2,2025
79,Wendell Carter Jr.,26,ORL,C,78,78,29.3,4.2,8.2,0.512,0.9,2.9,0.319,3.3,5.3,0.618,0.568,2.5,3.2,0.792,2.1,5.3,7.4,2,0.8,0.6,1.3,3.4,11.8,,2288,14.1,0.617,0.355,0.392,7.8,20.5,14.1,9.5,1.3,1.9,11.8,15.6,3.4,2.8,6.2,0.131,-1,0.5,-0.6,0.8,2025
80,Alex Caruso,31,OKC,SG,56,0,18.2,2.3,5.4,0.423,0.9,3.2,0.293,1.3,2.1,0.622,0.512,0.7,0.9,0.804,0.5,2.3,2.8,2,1.3,0.3,0.9,1.2,6.2,,1020,12.8,0.54,0.603,0.17,3.1,13,8.2,14.1,3.4,1.6,13,15.7,0.3,2.2,2.5,0.12,-1.4,3.3,1.9,1,2025
81,Stephon Castle,21,SAS,PG,68,67,30,5.7,12,0.471,1.2,3.6,0.332,4.5,8.4,0.531,0.521,4.1,5.6,0.734,1.4,3.9,5.3,7.4,1.1,0.3,3.2,3.3,16.7,,2038,17.4,0.575,0.299,0.47,5.3,13.5,9.5,34.5,1.8,0.8,18,24.9,2.8,2.9,5.8,0.136,1,0.9,1.9,2,2025
82,Colin Castleton,25,ORL,C,4,0,5.3,0.5,1.3,0.4,0,0,,0.5,1.3,0.4,0.4,0.3,0.3,1,0.5,1.5,2,0.3,0.3,0,0.5,0.5,1.3,,21,7.9,0.46,0,0.2,10.5,32.2,21.3,6.3,2.3,0,26.9,15,0,0,0,-0.003,-6.1,-1.5,-7.7,0,2025
83,Julian Champagnie,24,SAS,SF,82,68,27.6,3.7,8.4,0.437,2.4,6.2,0.381,1.3,2.2,0.599,0.578,1.4,1.6,0.844,0.9,4.9,5.8,1.5,0.8,0.5,0.8,1.6,11.1,,2266,13.1,0.609,0.743,0.196,3.6,18.4,11.2,7.3,1.3,1.5,8.4,15.2,2.8,3.4,6.2,0.132,0.5,0.8,1.4,1.9,2025
84,Justin Champagnie,24,WAS,SF,69,19,20,3.4,6.7,0.502,0.8,2.4,0.319,2.6,4.3,0.605,0.56,1.2,1.5,0.784,2.1,3.5,5.6,1.2,0.9,0.6,0.7,1.7,8.7,,1377,17.3,0.589,0.359,0.221,11.1,19,15,8.7,2,2.7,8.2,16.7,2.4,0.8,3.1,0.109,0.6,-1,-0.4,0.6,2025
85,Kennedy Chandler,23,UTA,PG,11,2,32.3,5.5,12.5,0.445,1.4,3.5,0.395,4.2,9,0.465,0.5,2.5,3.9,0.651,0.5,2.8,3.4,6.7,1,0.2,2.1,2.1,15,,355,13,0.529,0.277,0.314,1.8,9.7,5.6,29.4,1.5,0.5,12.9,20.7,0.2,0,0.2,0.029,-2.5,-3.1,-5.7,-0.3,2025
86,Cam Christie,20,LAC,SG,55,0,8.7,1,2.5,0.381,0.2,0.9,0.245,0.7,1.6,0.456,0.424,0.7,0.9,0.76,0.3,1.1,1.4,0.6,0.3,0.1,0.4,0.3,2.8,,480,9.2,0.484,0.353,0.36,4.7,13.9,9.4,8.9,1.7,0.6,12,16.9,-0.2,0.4,0.2,0.016,-3.5,-1.1,-4.6,-0.3,2025
87,Max Christie,22,DAL,SG,77,68,29.1,4.2,9.4,0.441,2.3,5.8,0.404,1.8,3.6,0.502,0.566,1.6,1.8,0.899,0.2,3,3.2,2,0.6,0.4,1.2,1.3,12.3,,2244,11,0.601,0.615,0.192,0.7,10.9,5.9,9.3,1,1,10.9,16.5,1.3,1.4,2.7,0.058,-1,-0.6,-1.5,0.3,2025
88,Moussa Cisse,23,DAL,C,38,1,13.9,1.7,3,0.574,0,0,,1.7,3,0.574,0.574,1,2.1,0.469,2.3,3.3,5.7,0.2,0.5,1.2,0.8,1.9,4.5,,530,16,0.564,0,0.704,17.9,25.2,21.6,2.3,1.7,7.2,16.6,14.3,0.4,0.9,1.3,0.116,-3.6,0.7,-2.9,-0.1,2025
89,Sidy Cissoko,21,POR,SF,75,26,19.1,1.8,4.5,0.398,0.8,2.6,0.298,1,1.8,0.544,0.487,0.8,1.2,0.659,0.8,1.4,2.2,1.5,0.7,0.3,0.9,2.4,5.1,,1435,7.1,0.514,0.593,0.263,4.6,8,6.3,10.2,1.7,1.5,15.8,12.5,0,1.3,1.3,0.045,-4.6,0.5,-4,-0.7,2025
90,Jaylen Clark,24,MIN,SG,68,1,13.1,1.5,3.4,0.434,0.5,1.5,0.327,1,1.9,0.52,0.507,0.6,1,0.657,0.8,1,1.8,0.6,0.7,0.1,0.3,1.3,4,,888,10.3,0.534,0.443,0.294,6.8,8,7.4,6.3,2.5,0.9,8.2,13.3,0.6,1,1.7,0.09,-3.2,0.7,-2.4,-0.1,2025
91,Brandon Clarke,29,MEM,PF,2,2,10,1.5,4.5,0.333,0,0,,1.5,4.5,0.333,0.333,1,2,0.5,2,1,3,0.5,1,0,0,2.5,4,,20,12.3,0.372,0,0.444,21.3,11,16.2,7.1,4.7,0,0,22.4,0,0,0,0.038,-4.7,-0.2,-4.9,0,2025
92,Jordan Clarkson,33,NYK,SG,72,1,17.8,3.3,7.3,0.451,1,3,0.327,2.3,4.3,0.535,0.517,1.1,1.3,0.83,0.9,0.9,1.8,1.3,0.4,0.1,0.9,1.7,8.6,,1279,11.6,0.548,0.407,0.179,5.4,5.7,5.6,10.7,1.2,0.7,10,21.1,0.9,1,1.9,0.072,-1.9,-1.4,-3.3,-0.4,2025
93,Nic Claxton,26,BRK,C,69,68,27.8,4.8,8.4,0.571,0,0.3,0.158,4.8,8.2,0.585,0.574,2,3.3,0.616,2.4,4.5,6.9,3.7,0.7,1.1,1.4,2.3,11.7,,1920,17.6,0.592,0.033,0.393,9.6,19.9,14.5,21.8,1.2,3.7,12.3,17.7,3.3,1.5,4.8,0.121,0.3,0.6,0.9,1.4,2025
94,Walter Clayton,22,2TM,PG,69,6,20.4,2.6,6.7,0.384,1.1,3.5,0.307,1.5,3.1,0.47,0.465,1.6,1.8,0.901,0.4,1.7,2,4,0.6,0.3,1.7,1.7,7.8,,1410,10.3,0.523,0.529,0.262,1.9,8.9,5.3,26.6,1.5,1.3,18.4,18.5,0,0.3,0.3,0.009,-2.2,-2.1,-4.3,-0.8,2025
95,Nique Clifford,23,SAC,SG,75,28,25.1,3.3,7.9,0.418,1,3.1,0.333,2.3,4.9,0.471,0.482,0.9,1.3,0.722,0.9,2.9,3.8,2.4,0.9,0.3,1.5,2.1,8.6,,1882,9,0.505,0.388,0.163,3.8,13.3,8.4,13,1.7,1.2,15.4,17,-1.2,0.6,-0.6,-0.014,-3.7,-1.2,-4.9,-1.4,2025
96,Donovan Clingan,21,POR,C,77,77,27.2,4.6,8.9,0.52,1.1,3.2,0.341,3.5,5.7,0.621,0.582,1.8,2.6,0.68,4.5,7.1,11.6,2.1,0.6,1.7,1.2,2.4,12.1,,2094,20.9,0.604,0.36,0.297,17.7,28.6,23.1,11.4,1,5.5,10.9,16.9,5.1,3.5,8.6,0.197,2.4,0.6,3,2.6,2025
97,Noah Clowney,21,BRK,PF,66,60,27,3.8,9.6,0.396,2,5.9,0.329,1.8,3.6,0.506,0.498,2.7,3.4,0.804,0.8,3.3,4.1,1.6,0.8,0.7,1.5,2.5,12.3,,1780,11.2,0.554,0.621,0.355,3.2,15.3,8.9,9.5,1.4,2.3,12.3,20.4,-0.1,1.2,1.1,0.029,-2.3,-1.1,-3.4,-0.6,2025
98,Amir Coffey,28,2TM,SG,46,3,10.7,1.2,2.5,0.487,0.4,1.1,0.347,0.8,1.4,0.594,0.562,0.5,0.6,0.786,0.4,0.8,1.2,0.6,0.2,0.1,0.2,0.7,3.2,,490,10.2,0.594,0.434,0.248,4.2,8.8,6.5,7.5,0.9,1,6.7,11.9,0.6,0.2,0.8,0.083,-2.2,-0.9,-3.1,-0.1,2025
99,Isaiah Collier,21,UTA,PG,59,19,25.7,4.3,8.7,0.495,0.5,1.7,0.27,3.9,7,0.549,0.521,2.6,3.5,0.722,0.4,2.2,2.5,7.2,1.1,0.3,2.5,2.3,11.7,,1517,14.8,0.567,0.194,0.406,1.5,9.4,5.3,39.2,2,1.3,19.6,20.4,1.3,0.3,1.7,0.053,-0.7,-1.8,-2.4,-0.2,2025
100,John Collins,28,LAC,PF,69,56,27.1,5.3,9.6,0.552,1.3,3.2,0.406,4,6.4,0.625,0.62,1.7,2.2,0.766,1.6,3.7,5.3,1,0.9,0.7,1.4,2.7,13.6,,1872,16.3,0.643,0.332,0.234,7,15.6,11.4,5.8,1.6,2.6,11.6,19.5,2.7,1.8,4.6,0.117,0,-0.5,-0.5,0.7,2025
101,Zach Collins,28,CHI,C,10,0,18.4,3.7,6.4,0.578,0.9,2.1,0.429,2.8,4.3,0.651,0.648,1.4,2,0.7,1.6,4,5.6,1.5,0.2,0.4,1,1.8,9.7,,184,17.9,0.666,0.328,0.313,9.4,22.8,16.2,12,0.5,1.9,12.1,18.8,0.4,0.1,0.5,0.137,1,-0.7,0.2,0.1,2025
102,Mike Conley,38,MIN,PG,54,15,18.4,1.3,4,0.335,1,3.1,0.337,0.3,0.9,0.327,0.465,0.8,0.9,0.9,0.3,1.4,1.7,2.9,0.6,0.3,0.6,1.6,4.5,,991,9.4,0.517,0.772,0.233,2,8.2,5.2,19.5,1.7,1.2,12.5,11.5,0.9,1,1.9,0.092,-2.3,1,-1.3,0.2,2025
103,Pat Conughton,33,CHO,SG,42,0,7.1,0.9,2,0.447,0.5,1.2,0.404,0.4,0.8,0.515,0.571,0.3,0.5,0.65,0.4,1.1,1.5,0.4,0.3,0,0.3,0.2,2.6,,297,12.9,0.586,0.612,0.235,5.8,17.2,11.6,8.4,1.8,0.3,10.5,14.9,0.3,0.4,0.7,0.113,-0.2,0.3,0.1,0.2,2025
104,Javonte Cooke,26,POR,SG,19,0,4.9,0.5,2.2,0.22,0.2,1.2,0.13,0.3,0.9,0.333,0.256,0.1,0.1,1,0.2,0.8,1,0.4,0.3,0,0.5,0.3,1.2,,94,-0.1,0.275,0.561,0.049,4.5,17.5,11,9.9,3,0,17.7,22,-0.5,0.1,-0.3,-0.175,-10.5,-1.1,-11.7,-0.2,2025
105,Sharife Cooper,24,WAS,PG,41,1,17.1,3.1,6,0.514,0.7,1.9,0.382,2.4,4.2,0.573,0.573,1.2,1.5,0.833,0.4,1.7,2.1,3,0.4,0.1,1.5,1.5,8.1,,700,13.8,0.609,0.308,0.243,2.7,10.6,6.6,25.8,1.1,0.6,18.2,20,0.7,-0.1,0.6,0.041,-1,-2.9,-3.9,-0.3,2025
106,Bilal Coulibaly,21,WAS,SG,56,56,26.2,4.1,9.7,0.425,1.2,3.6,0.319,2.9,6,0.49,0.485,2.4,3.2,0.746,0.9,3.5,4.3,2.6,1.3,1,1.4,2.3,11.7,,1468,13.5,0.531,0.377,0.327,3.5,14.5,8.9,13.9,2.4,3.2,11.6,19.9,0.2,0.8,1,0.031,-1.7,-0.4,-2.1,-0.1,2025
107,Cedric Coward,22,MEM,SG,62,47,25.8,4.9,10.5,0.471,1.5,4.4,0.338,3.4,6,0.568,0.542,2.3,2.7,0.843,1.3,4.5,5.9,2.8,0.6,0.4,1.7,2,13.6,ROY-5,1598,15.3,0.585,0.424,0.256,5.5,19.4,12.3,16,1.2,1.6,12.7,21.5,1.4,1.1,2.5,0.076,0.4,-0.6,-0.2,0.7,2025
108,Isaiah Crawford,24,HOU,SF,14,0,6.6,0.7,1.7,0.417,0.2,0.9,0.231,0.5,0.8,0.636,0.479,0.4,0.4,0.833,0.2,0.9,1.1,0.4,0.1,0.2,0.3,0.3,2,,92,9.8,0.526,0.542,0.25,3.7,15.4,9.6,7,1.1,3,13.1,14,0,0.1,0.1,0.069,-3,0.1,-3,0,2025
109,LJ Cryer,24,GSW,PG,18,1,16.2,2.6,6.5,0.402,2.1,5.2,0.394,0.6,1.3,0.435,0.56,0.9,1.1,0.895,0.2,1.3,1.6,1,0.2,0,0.8,1.6,8.2,,292,9.9,0.59,0.803,0.162,1.5,9.3,5.3,9,0.5,0,10,20.3,0.2,0.1,0.3,0.045,-1.8,-2.9,-4.7,-0.2,2025
110,Cade Cunningham,24,DET,PG,64,64,33.9,8.6,18.6,0.461,2,5.7,0.342,6.6,12.9,0.514,0.513,4.8,6,0.812,0.9,4.7,5.5,9.9,1.4,0.8,3.7,3.1,23.9,"MVP-5,CPOY-4,AS,NBA1",2172,21.6,0.564,0.308,0.321,2.9,15.2,9.2,45.2,2,2.5,14.8,30.5,4.2,3.6,7.9,0.174,4.8,1.5,6.3,4.6,2025
111,Seth Curry,35,GSW,SG,10,0,13.3,2.4,4.9,0.49,1.2,2.5,0.48,1.2,2.4,0.5,0.612,1.1,1.2,0.917,0.4,0.8,1.2,1,0.3,0,0.2,0.7,7.1,,133,16,0.654,0.51,0.245,3.3,6.8,5,11.3,1.1,0,3.6,18,0.4,0.1,0.4,0.152,1.6,-1.3,0.2,0.1,2025
112,Stephen Curry,37,GSW,PG,43,41,30.9,8.7,18.6,0.468,4.4,11.3,0.393,4.3,7.3,0.584,0.587,4.7,5.1,0.923,0.4,3.2,3.6,4.7,1.1,0.4,2.8,1.7,26.6,AS,1329,22.6,0.637,0.606,0.277,1.4,11.7,6.5,27,1.8,1.2,11.9,32.5,2.9,1.2,4.1,0.147,6.3,-1,5.4,2.5,2025
113,Tristan Da Silva,24,ORL,SF,77,34,24.7,3.6,8.1,0.45,1.6,4.2,0.374,2.1,3.9,0.532,0.547,1.1,1.2,0.884,0.8,2.9,3.7,1.6,0.9,0.3,0.9,1.5,9.9,,1899,12,0.576,0.518,0.153,3.4,13.4,8.3,9.3,1.7,1.2,9.4,16.2,1.3,2.1,3.3,0.084,-0.7,0.1,-0.6,0.7,2025
114,Pacôme Dadiet,20,NYK,SG,29,0,4.7,0.6,1.7,0.333,0.2,1.1,0.219,0.3,0.6,0.563,0.406,0.3,0.4,0.818,0.1,0.8,0.9,0.4,0.1,0,0.1,0.3,1.7,,136,9.6,0.454,0.667,0.229,3.3,19,11.1,11.5,1.1,0.8,5.4,17.6,0,0.2,0.2,0.062,-3,-0.2,-3.3,0,2025
115,Dyson Daniels,22,ATL,SG,76,76,33.2,5.3,10.2,0.517,0.3,1.5,0.188,5,8.7,0.576,0.532,1,1.6,0.615,2.4,4.4,6.8,5.9,2,0.4,1.8,2.2,11.9,"DPOY-9,DEF2",2520,15.5,0.542,0.151,0.157,7.8,14.7,11.2,23.9,2.8,1.1,14,16,3.1,3.6,6.6,0.126,-0.6,1.8,1.3,2.1,2025
116,N'Faly Dante,24,ATL,C,4,0,3.8,0.3,1,0.25,0,0,,0.3,1,0.25,0.25,0.3,0.3,1,0.8,1,1.8,0,0.5,0,0.3,0.3,0.8,,15,12.4,0.338,0,0.25,21.4,29.4,25.3,0,6.3,0,18.4,15.1,0,0,0,0.051,-3.7,-0.8,-4.5,0,2025
117,Anthony Davis,32,DAL,PF,20,20,31.3,8.5,16.7,0.506,0.5,1.9,0.27,8,14.9,0.535,0.521,3,4.1,0.728,3.1,8,11.1,2.8,1.1,1.7,2.1,2.1,20.4,,626,21.5,0.551,0.111,0.243,10.6,26.7,18.7,15.1,1.7,4.5,10,27.5,0.4,1,1.3,0.103,1.5,0.9,2.4,0.7,2025
118,JD Davison,23,HOU,PG,28,0,7.8,0.9,2.3,0.375,0.3,1.1,0.25,0.6,1.1,0.5,0.438,0.5,0.7,0.684,0.1,1.1,1.2,1.3,0.2,0.2,0.3,0.6,2.5,,218,11.4,0.477,0.5,0.297,1.5,15.5,8.6,20.7,1.4,2.5,8.8,15.3,0.2,0.3,0.5,0.102,-2.4,1.3,-1.1,0,2025
119,RayJ Dennis,24,3TM,PG,17,0,12.1,1.5,4.9,0.313,0.8,2.6,0.311,0.7,2.2,0.316,0.398,0.5,0.5,0.889,0.5,1.1,1.5,1.9,0.2,0.2,1,1.2,4.4,,206,6.2,0.425,0.542,0.108,4.1,9.7,6.9,21.9,0.9,1.7,16.4,21.4,-0.4,0.1,-0.3,-0.072,-4.7,-1.3,-6,-0.2,2025
120,DeMar DeRozan,36,SAC,PF,77,77,31.2,6.5,13.1,0.497,0.6,1.9,0.32,5.9,11.1,0.527,0.52,4.9,5.6,0.868,0.5,2.5,2.9,4.1,1,0.3,1.2,1.9,18.4,,2406,17.8,0.594,0.146,0.429,1.6,9.1,5.3,20,1.6,0.9,7.4,22.8,5.2,0.4,5.6,0.112,0.9,-1,-0.1,1.1,2025
121,Moussa Diabaté,24,CHO,C,73,47,26,3.1,5,0.631,0,0,0.5,3.1,4.9,0.632,0.632,1.6,2.4,0.659,3.7,5,8.7,1.9,0.8,1,1,2.4,7.9,,1899,17.2,0.653,0.006,0.485,16.5,21.1,18.9,10.2,1.5,3.5,14.2,11.4,4.7,2.8,7.4,0.188,0.4,1.2,1.7,1.8,2025
122,Mohamed Diawara,20,NYK,SF,69,7,9.2,1.3,3.1,0.423,0.7,1.9,0.369,0.6,1.2,0.506,0.535,0.3,0.3,0.75,0.2,1.1,1.4,0.8,0.2,0.1,0.4,0.7,3.6,,634,10.3,0.55,0.61,0.113,2.6,14,8.3,11.2,1.3,1,11.8,17.1,0.2,0.7,0.9,0.072,-1.8,0.1,-1.7,0,2025
123,Gradey Dick,22,TOR,SG,76,1,14,2.1,5.1,0.419,0.7,2.4,0.301,1.4,2.6,0.53,0.492,1,1.2,0.875,0.6,1.4,1.9,0.7,0.6,0.1,0.6,1.3,6,,1067,10.7,0.538,0.484,0.229,4.4,11.3,7.8,6.5,2.1,0.6,9.2,18.7,0.2,1.3,1.4,0.064,-3.2,-0.4,-3.6,-0.4,2025
124,Hunter Dickinson,25,NOP,C,5,0,8.4,1,2.8,0.357,0,0.8,0,1,2,0.5,0.357,0.4,0.4,1,0.4,0.6,1,0.4,0.2,0.4,0.6,1.2,2.4,,42,3.8,0.403,0.286,0.143,5.1,7.8,6.4,6.3,1.1,4.5,16.8,17.7,-0.1,0,-0.1,-0.094,-8.4,-2.9,-11.4,-0.1,2025
125,Ousmane Dieng,22,2TM,C,57,20,19.3,2.9,7,0.422,1.1,3.2,0.341,1.8,3.7,0.493,0.501,0.6,0.8,0.711,0.5,2.6,3.2,2.4,0.4,0.3,1.3,1.4,7.6,,1099,10.2,0.516,0.465,0.113,3,15.2,9.2,17.7,1.1,1.5,15.2,19.7,-0.6,0.9,0.3,0.012,-2.6,-1.2,-3.8,-0.5,2025
126,Rob Dillingham,21,2TM,PG,65,0,14.9,2.5,6.3,0.396,0.6,2,0.316,1.9,4.3,0.434,0.447,0.6,0.8,0.745,0.3,1.7,2,2.2,0.7,0.1,1.5,1.8,6.3,,970,7.7,0.469,0.323,0.133,2.1,12.2,7.2,20.6,2.3,0.5,18.6,23.1,-2,0.9,-1.1,-0.056,-6.3,-0.9,-7.3,-1.3,2025
127,Donte DiVincenzo,29,MIN,SG,82,82,30.4,4.1,10.2,0.406,3,7.9,0.379,1.2,2.3,0.497,0.552,1,1.3,0.743,0.8,3.3,4.1,3.8,1.3,0.4,1.4,2.4,12.2,,2494,12.5,0.567,0.771,0.126,3,11.6,7.4,16.8,2,1.2,11.8,16.9,2.3,2.9,5.2,0.1,0,0.7,0.8,1.7,2025
128,Luka Dončić,26,LAL,PG,64,64,35.8,10.8,22.8,0.476,4,10.8,0.366,6.9,11.9,0.575,0.563,7.9,10.1,0.78,0.6,7.1,7.7,8.3,1.6,0.5,4,2.4,33.5,"MVP-4,CPOY-8,AS,NBA1",2289,27.9,0.616,0.476,0.443,2.2,22.5,12.7,40.5,2.2,1.4,12.8,38.1,6.6,2.9,9.5,0.199,8,1.3,9.3,6.6,2025
129,Luguentz Dort,26,OKC,SF,69,69,26.8,2.9,7.6,0.385,1.9,5.4,0.344,1.1,2.2,0.487,0.508,0.6,0.8,0.759,0.8,2.7,3.6,1.2,0.9,0.4,0.8,2.6,8.3,,1849,8.3,0.524,0.71,0.111,3.4,10.7,7.2,5.9,1.6,1.4,8.9,14.1,0,3,3,0.078,-2.8,0.8,-2,0,2025
130,Ayo Dosunmu,26,2TM,SG,69,19,27.3,5.6,10.8,0.517,1.8,4.1,0.439,3.8,6.8,0.563,0.599,1.8,2.1,0.876,0.7,2.8,3.4,3.6,0.8,0.3,1.4,1.9,14.8,6MOY-9,1881,16.5,0.63,0.375,0.194,2.7,10.7,6.8,19.6,1.5,0.8,10.6,20.2,3.5,1.3,4.9,0.124,1.3,-0.3,1,1.4,2025
131,Andre Drummond,32,PHI,C,63,25,19.5,2.5,5.3,0.472,0.5,1.4,0.356,2,3.9,0.514,0.519,0.8,1.3,0.631,3.2,5.3,8.4,1.3,0.6,0.8,1,2,6.4,,1231,16.4,0.539,0.267,0.249,17.5,29.8,23.6,8.9,1.5,3.7,14,14.9,1.5,1.9,3.4,0.133,-0.4,-0.2,-0.6,0.4,2025
132,Kris Dunn,31,LAC,PG,82,68,27.2,2.8,5.8,0.476,1,2.6,0.374,1.8,3.2,0.559,0.56,0.8,1,0.765,0.7,2.6,3.3,3.6,1.6,0.2,1.4,2.3,7.3,,2230,11.3,0.581,0.449,0.17,3.1,10.8,7.1,17.9,2.9,0.6,17.8,12.4,1.7,2.3,4,0.085,-2.3,1.5,-0.8,0.6,2025
133,Ryan Dunn,23,PHO,SF,70,16,19.4,2.3,5.2,0.453,0.8,2.4,0.331,1.5,2.8,0.56,0.53,0.3,0.7,0.489,1.4,2.8,4.2,1.5,0.9,0.4,0.8,1.9,5.8,,1355,11.7,0.532,0.467,0.13,7.8,16.8,12.2,10.3,2.2,2,12.8,13.7,0.7,1.9,2.6,0.093,-2.1,1.2,-0.9,0.4,2025
134,Kevin Durant,37,HOU,SF,78,78,36.4,9.2,17.6,0.52,2.4,5.8,0.413,6.8,11.9,0.572,0.588,5.2,6,0.874,0.5,4.9,5.5,4.8,0.8,0.9,3.2,1.8,26,"CPOY-9,AS,NBA2",2840,21.1,0.641,0.327,0.339,1.6,14.8,8.3,20.7,1.1,2.3,13.5,27.1,7.5,3.2,10.7,0.18,4.4,0.1,4.5,4.7,2025
135,Jalen Duren,22,DET,C,70,70,28.2,7.5,11.5,0.65,0,0,,7.5,11.5,0.65,0.65,4.6,6.1,0.747,3.8,6.7,10.5,2,0.8,0.8,1.9,2.8,19.5,"DPOY-11,AS,NBA3",1976,26.1,0.688,0,0.535,15.3,26.4,20.9,11,1.4,3,11.6,23.6,7.2,3.8,11,0.266,4.4,0.5,5,3.5,2025
136,Egor Dёmin,19,BRK,PG,52,45,25.2,3.4,8.6,0.399,2.4,6.2,0.385,1.1,2.4,0.433,0.537,1,1.3,0.831,0.4,2.8,3.2,3.3,0.8,0.3,1.7,1.8,10.3,,1308,11.3,0.561,0.717,0.145,1.8,13.5,7.3,20.7,1.6,1.2,15.3,18.8,0.1,0.7,0.9,0.032,-0.9,-0.7,-1.6,0.1,2025
137,Tari Eason,24,HOU,PF,60,34,25.8,4,9.7,0.416,1.6,4.3,0.358,2.5,5.3,0.463,0.496,0.9,1.1,0.776,2.1,4.2,6.3,1.5,1.2,0.5,1.4,2.3,10.5,,1549,12.9,0.514,0.448,0.116,9,17.8,13.5,8,2.3,1.7,11.7,18.7,0.6,2.3,2.9,0.091,-1.8,0.2,-1.6,0.2,2025
138,Zach Edey,23,MEM,C,11,11,25.8,5.6,8.9,0.633,0.1,0.5,0.2,5.5,8.5,0.656,0.638,2.3,2.9,0.781,3.9,7.2,11.1,1.1,0.6,1.9,2.4,3.4,13.6,,284,20.7,0.669,0.051,0.327,16.1,30.6,23.3,6.6,1.2,6.8,18.8,20.2,0.4,0.4,0.8,0.134,-0.6,1.1,0.5,0.2,2025
139,VJ Edgecombe,20,PHI,SG,75,75,35,6,13.7,0.438,2,5.6,0.354,4,8.1,0.496,0.51,2,2.4,0.818,1.6,4,5.6,4.2,1.4,0.5,1.8,2.9,16,ROY-3,2623,14,0.54,0.409,0.176,5,12.7,8.8,17.4,2,1.4,11,20.1,1.9,2.5,4.4,0.081,-0.4,-0.1,-0.5,1,2025
140,Anthony Edwards,24,MIN,SG,61,60,35,9.9,20.2,0.489,3.4,8.4,0.399,6.5,11.8,0.554,0.572,5.7,7.2,0.796,0.6,4.4,5,3.7,1.4,0.8,2.9,1.9,28.8,"CPOY-3,AS",2137,21.8,0.617,0.418,0.355,1.9,13.4,7.8,17.6,1.9,2,10.9,31.5,3.9,2.7,6.5,0.147,4.7,-0.1,4.5,3.5,2025
141,Justin Edwards,22,PHI,SF,64,12,15.3,2.2,5,0.447,1,2.8,0.372,1.2,2.2,0.543,0.552,0.5,0.6,0.846,0.4,1.1,1.5,1.3,0.8,0.2,0.6,1.4,6,,977,12.1,0.572,0.563,0.122,2.9,7.7,5.2,11.5,2.7,1.1,9.6,16.1,0.8,0.9,1.7,0.086,-1.8,0.6,-1.3,0.2,2025
142,Keon Ellis,26,2TM,SG,72,11,20.5,2.3,5.3,0.44,1.3,3.5,0.363,1.1,1.8,0.586,0.559,0.7,1,0.729,0.5,1.3,1.9,1,1.2,0.6,0.6,1.9,6.7,,1478,10.8,0.579,0.654,0.182,2.8,7.3,5.1,6.3,2.7,2.9,9,13,1,1.2,2.2,0.072,-1.8,1.3,-0.5,0.6,2025
143,Joel Embiid,31,PHI,C,38,38,31.6,9,18.3,0.489,1.4,4.2,0.333,7.6,14.2,0.535,0.527,7.5,8.8,0.854,2,5.7,7.7,3.9,0.6,1.2,2.9,2.2,26.9,,1201,24.7,0.605,0.228,0.481,6.7,20,13.3,21.7,0.8,3.6,11.4,33.5,2.8,1.3,4.1,0.163,5.1,-0.2,4.9,2.1,2025
144,Tristan Eru,24,CLE,SF,9,0,9.4,1.6,3.1,0.5,0.3,1.1,0.3,1.2,2,0.611,0.554,0.7,0.9,0.75,0.8,0.8,1.6,0.8,0.6,0,0.3,0.3,4.1,,85,16.2,0.587,0.357,0.286,9.1,9,9.1,11.2,2.8,0,8.7,17.1,0.2,0.1,0.2,0.137,-0.5,-0.4,-1,0,2025
145,Noa Essengue,19,CHI,PF,2,0,3,0,1.5,0,0,1,0,0,0.5,0,0,0,0,,0,0,0,0,0.5,0,0,0.5,0,,6,-11.9,0,0.667,0,0,0,0,0,7.8,0,0,20.8,-0.1,0,-0.1,-0.417,-20.7,-3,-23.7,0,2025
146,Tyson Etienne,26,BRK,PG,24,2,15.8,2.4,6,0.4,1.8,4.5,0.398,0.6,1.5,0.405,0.548,1.3,1.5,0.833,0.2,0.9,1.1,1.7,0.5,0,0.7,2,7.9,,380,11.9,0.588,0.745,0.248,1.4,7.1,4.1,16.9,1.4,0,9,20.3,0.4,0.1,0.5,0.069,-0.8,-2,-2.8,-0.1,2025
147,Drew Eubanks,28,SAC,C,42,11,13.1,2.2,3.7,0.596,0,0.2,0.143,2.2,3.5,0.617,0.599,0.8,1.4,0.561,0.9,2.1,3,0.5,0.4,0.6,0.7,1.4,5.2,,552,13.6,0.605,0.045,0.365,7.7,18.3,12.9,5,1.3,4.3,14.2,16.3,0.3,0.3,0.6,0.053,-3,-0.7,-3.7,-0.2,2025
148,Tosan Evbuomwan,24,NYK,SF,5,0,1.6,0,0.2,0,0,0,,0,0.2,0,0,0,0,,0.2,0.2,0.4,0,0,0,0,0.2,0,,8,-0.3,0,0,0,13.9,14,14,0,0,0,0,5.4,0,0,0,-0.025,-8.5,-3,-11.5,0,2025
149,Jeremiah Fears,19,NOP,PG,82,49,25.8,5.3,12.3,0.434,1.2,3.7,0.33,4.1,8.5,0.48,0.485,2.4,3,0.789,0.7,2.9,3.7,3.4,1.2,0.4,2.2,1.8,14.3,,2112,13.8,0.525,0.304,0.245,3,12.4,7.7,19.9,2.2,1.3,13.8,25.5,-0.8,1.4,0.6,0.015,-1.4,-1.3,-2.7,-0.4,2025
150,Kyle Filipowski,22,UTA,C,77,41,23.4,4.2,8.5,0.492,1,3,0.325,3.2,5.6,0.58,0.548,2.1,2.8,0.75,1.9,5.3,7.2,2.6,0.9,0.5,1.6,3,11.4,,1801,16,0.586,0.347,0.323,8.4,25.1,16.6,15.7,1.9,2.1,14.3,20,1.8,1.3,3.1,0.082,-0.6,-0.5,-1.1,0.4,2025
151,Dorian Finney-Smith,32,HOU,PF,37,1,16.8,1.2,3.6,0.333,0.7,2.7,0.27,0.5,0.9,0.531,0.436,0.2,0.2,0.889,0.9,1.6,2.5,1,0.4,0.2,0.6,1.6,3.3,,620,5.8,0.452,0.758,0.068,6.3,10.2,8.3,7.1,1.3,0.9,13.9,10.7,0,0.6,0.5,0.042,-4.3,-0.1,-4.3,-0.4,2025
152,Cooper Flagg,19,DAL,SF,70,70,33.5,8,17.1,0.468,1,3.5,0.295,7,13.6,0.513,0.498,4,4.9,0.827,1.2,5.4,6.7,4.5,1.2,0.9,2.3,2,21,ROY-1,2344,17.9,0.548,0.204,0.286,3.9,17,10.5,21.5,1.7,2.3,10.7,26.9,1.3,2.5,3.8,0.078,1,0.4,1.4,2,2025
153,Rasheer Fleming,21,PHO,PF,55,1,12.2,1.6,3.9,0.405,0.8,2.4,0.346,0.8,1.5,0.494,0.509,0.3,0.6,0.559,1,1.2,2.3,0.3,0.4,0.4,0.5,1.2,4.3,,673,10.2,0.517,0.605,0.158,9.1,11.4,10.2,3.3,1.6,3,11.2,16.3,0,0.8,0.8,0.055,-3,-0.7,-3.8,-0.3,2025
154,Trentyn Flowers,20,CHI,SF,2,0,3,1,1.5,0.667,0,0.5,0,1,1,1,0.667,0,0,,0.5,0,0.5,0.5,0,0,0.5,0.5,2,,6,16.7,0.667,0.333,0,17.9,0,8.8,30.5,0,0,25,27.8,0,0,0,0.023,1.7,-2.7,-1,0,2025
155,Simone Fontecchio,30,MIA,SF,70,9,16.8,2.8,6.7,0.412,1.8,4.7,0.375,1,2,0.497,0.542,1.2,1.5,0.843,0.8,2.2,3,1.4,0.5,0.1,0.7,1.5,8.5,,1173,13.8,0.579,0.696,0.217,4.9,13.8,9.3,11.6,1.5,0.7,8.7,19.6,1.4,1.2,2.6,0.106,0.7,-0.2,0.5,0.7,2025
156,De'Aaron Fox,28,SAS,PG,72,72,31,7.1,14.5,0.486,1.8,5.5,0.332,5.3,9.1,0.58,0.549,2.6,3.4,0.76,0.6,3.2,3.8,6.2,1.2,0.3,2.3,2.3,18.6,AS,2231,17.6,0.578,0.377,0.235,2.1,10.7,6.5,29.6,1.9,0.8,12.4,24.9,3.4,3,6.4,0.138,1.5,0.6,2.2,2.4,2025
157,Enrique Freeman,25,MIN,PF,4,0,9.3,1,2,0.5,0.5,1,0.5,0.5,1,0.5,0.625,0.8,1,0.75,0.5,2,2.5,0.5,0.5,0.8,0.5,1.3,3.3,,37,15.6,0.666,0.5,0.5,6.1,23.3,14.8,7,2.6,7,17,13.4,0,0.1,0.1,0.162,-1.5,1.5,0,0,2025
158,Markelle Fultz,27,TOR,PG,5,0,7.2,0.4,2.2,0.182,0,0,,0.4,2.2,0.182,0.182,0,0,,0,0.2,0.2,1.6,0.4,0,0.8,0.4,0.8,,36,-2,0.182,0,0,0,3.2,1.6,26.8,2.7,0,26.7,17.9,-0.2,0,-0.2,-0.209,-12.3,-4,-16.3,-0.1,2025
159,Johnny Furphy,21,IND,SG,35,21,18.4,2,4.3,0.47,0.7,2,0.324,1.3,2.2,0.603,0.547,0.5,1,0.486,0.9,3.5,4.4,1.2,0.6,0.2,0.8,1.9,5.1,,643,9.2,0.547,0.477,0.235,5.3,20.9,12.9,8.6,1.5,0.9,15,12.8,0,0.5,0.5,0.036,-3.9,0.2,-3.7,-0.3,2025
160,Daniel Gafford,27,DAL,C,55,44,21.7,3.8,5.7,0.655,0,0,,3.8,5.7,0.655,0.655,2,2.9,0.683,2.5,4.4,6.9,1.1,0.8,1.3,1.1,2.6,9.5,,1195,18.8,0.677,0,0.509,12.3,21.1,16.7,7,1.7,4.9,14,15.8,2.5,1.7,4.1,0.167,-0.5,1.2,0.7,0.8,2025
161,Andersson Garcia,25,UTA,SF,5,2,33.8,1.8,5.8,0.31,0.2,2.6,0.077,1.6,3.2,0.5,0.328,1.4,1.8,0.778,3.4,5,8.4,2.8,1.6,0.8,1.4,3.2,5.2,,169,8.3,0.394,0.448,0.31,10.6,16.4,13.4,10,2.2,2.3,17.5,9.7,0,0.1,0.1,0.014,-5.2,-0.5,-5.7,-0.2,2025
162,Myron Gardner,24,MIA,SF,45,7,9.1,1.3,2.7,0.48,0.6,1.4,0.406,0.7,1.3,0.559,0.585,0.4,0.6,0.731,0.9,1.8,2.7,1,0.4,0.2,0.4,1.7,3.6,,411,15.2,0.606,0.52,0.211,9.8,21.1,15.4,14,2.3,1.7,11.2,15,0.8,0.6,1.4,0.163,-1.1,1.9,0.9,0.3,2025
163,Darius Garland,26,2TM,PG,45,43,29.9,6.9,14.9,0.46,2.7,6.8,0.396,4.2,8.1,0.514,0.551,2.3,2.7,0.861,0.4,2,2.4,6.7,1,0.2,2.9,1.9,18.8,,1344,17.1,0.582,0.458,0.182,1.5,7.4,4.5,34.9,1.6,0.6,15.2,27.4,1.7,0.9,2.6,0.092,2.2,-2.4,-0.2,0.6,2025
164,Luka Garza,27,BOS,C,69,6,16.2,3,5.2,0.577,0.8,1.8,0.433,2.2,3.3,0.657,0.654,1.3,1.7,0.769,2.3,1.8,4.1,1,0.4,0.4,0.7,2.3,8.1,,1118,19.9,0.682,0.356,0.328,15.7,12,13.8,8.5,1.2,2.5,10.1,17.7,3.9,1.4,5.3,0.226,2.2,0.2,2.4,1.2,2025
165,Keyonte George,22,UTA,PG,54,54,33.1,7.4,16.3,0.456,2.5,6.7,0.371,5,9.6,0.515,0.532,6.2,7,0.892,0.4,3.3,3.7,6.1,1.1,0.3,3.1,2.2,23.6,,1786,18.5,0.609,0.41,0.429,1.4,10.9,6,28.4,1.5,0.8,13.7,27.9,3.1,0.1,3.3,0.088,3,-2.1,0.9,1.3,2025
166,Kyshawn George,22,WAS,SF,48,48,29,5.3,12,0.438,2.1,5.4,0.381,3.2,6.6,0.486,0.524,2.2,2.7,0.802,0.9,4.2,5.1,4.5,1,0.9,2.6,3.5,14.8,,1391,13.8,0.559,0.451,0.227,3.3,15.9,9.5,22.4,1.6,2.7,16.5,22.8,0.1,0.5,0.6,0.022,-0.5,-0.6,-1.2,0.3,2025
167,Paul George,35,PHI,PF,37,37,30.7,6.1,13.9,0.439,2.7,6.9,0.392,3.4,7,0.484,0.536,2.5,3,0.82,0.5,4.8,5.3,3.6,1.7,0.4,1.7,2.3,17.3,,1135,16.7,0.57,0.497,0.216,1.9,17.1,9.4,17.7,2.6,1.3,10.2,23.3,1.1,1.4,2.5,0.108,1,0.7,1.7,1.1,2025
168,Taj Gibson,40,MEM,C,10,1,9.7,1.2,2.6,0.462,0.3,0.6,0.5,0.9,2,0.45,0.519,0.7,0.8,0.875,1.1,1.6,2.7,0.6,0.2,0.1,0.1,1.4,3.4,,97,13.6,0.576,0.231,0.308,12.1,18.2,15.1,8.4,1,0.9,3.3,13.1,0.2,0.1,0.3,0.134,-1.4,-2.1,-3.5,0,2025
169,Josh Giddey,23,CHI,PG,54,51,32.1,5.9,13.3,0.448,1.9,5.2,0.364,4,8,0.502,0.52,3.2,4.2,0.763,1.2,7.1,8.3,9.1,1,0.5,3.6,1.7,17,,1731,18,0.562,0.395,0.318,4.2,23.1,13.7,41.1,1.5,1.4,19.3,24.4,1.6,1.7,3.2,0.09,2.3,0.4,2.7,2,2025
170,Keshon Gilbert,22,2TM,SG,4,0,18.5,1.3,3,0.417,0,0.8,0,1.3,2.3,0.556,0.417,1.8,1.8,1,0.5,0.8,1.3,3,0.8,1,2,1.3,4.3,,74,8.5,0.564,0.25,0.583,2.9,4.4,3.6,21,1.9,4.8,34.7,13,0,0,0,-0.005,-4.1,-0.4,-4.6,0,2025
171,Shai Gilgeous-Alexander,27,OKC,PG,68,68,33.2,10.8,19.4,0.553,1.7,4.4,0.386,9.1,15,0.602,0.597,7.9,9,0.879,0.6,3.7,4.3,6.6,1.4,0.8,2.2,2,31.1,"MVP-1,CPOY-1,AS,NBA1",2259,30.8,0.665,0.226,0.465,1.9,11.7,7,35,2,2.3,8.7,33.4,11.1,4.1,15.2,0.323,8.7,3,11.7,7.8,2025
172,Anthony Gill,33,WAS,PF,55,8,17.3,2.5,3.9,0.628,0.3,0.9,0.354,2.1,3,0.707,0.667,0.6,0.8,0.739,1.1,1.8,2.9,1.3,0.6,0.4,0.7,1.6,5.8,,951,13.4,0.682,0.223,0.214,6.4,11.5,8.9,10,1.5,1.9,13.3,11.9,1.6,0.1,1.7,0.087,-1.3,-1.3,-2.6,-0.2,2025
173,Collin Gillespie,26,PHO,PG,80,58,28.5,4.4,10.5,0.418,2.9,7.2,0.401,1.5,3.3,0.455,0.556,1,1.1,0.874,1.1,3,4.1,4.6,1.2,0.2,1.6,1.6,12.7,,2282,15.3,0.575,0.686,0.103,4.2,12,8,23.3,2.1,0.7,12.4,18.7,3.6,2.5,6.2,0.13,1.9,0.6,2.5,2.6,2025
174,Rudy Gobert,33,MIN,C,76,76,31.3,4.4,6.5,0.682,0,0.1,0,4.4,6.4,0.689,0.682,2.1,4,0.526,3.9,7.5,11.5,1.7,0.8,1.6,1.4,2.6,10.9,"DPOY-4,DEF1",2380,17.5,0.664,0.01,0.615,14.1,25.9,20.1,7.2,1.2,4.5,14.5,12.9,4.8,4,8.7,0.176,0,0.9,1,1.8,2025
175,Vladislav Goldin,24,MIA,C,9,0,2.7,0.3,0.4,0.75,0,0,,0.3,0.4,0.75,0.75,0.1,0.1,1,0.3,0.7,1,0.3,0,0.3,0.3,0.6,0.8,,24,14.7,0.788,0,0.25,12.9,26.1,19.4,15.9,0,11.1,40.3,12.6,0,0,0.1,0.121,-5,4.5,-0.5,0,2025
176,Hugo González,19,BOS,SF,74,3,14.6,1.6,3.3,0.476,0.6,1.6,0.362,1,1.8,0.577,0.561,0.2,0.4,0.5,0.8,2.5,3.3,0.5,0.6,0.3,0.5,1.7,3.9,,1084,10.2,0.561,0.472,0.106,6.4,18.3,12.5,4.8,2,2,12.9,11.8,0.5,1.7,2.2,0.099,-3.1,1.6,-1.5,0.1,2025
177,Jordan Goodwin,27,PHO,PG,70,10,22.5,3.3,7.9,0.413,1.6,4.3,0.371,1.7,3.6,0.462,0.514,0.6,0.8,0.696,2,2.9,4.9,2.2,1.5,0.2,1,1.9,8.7,,1572,14.7,0.525,0.544,0.101,9.4,14.8,12,13.6,3.3,0.9,10.5,17.5,1.5,2.4,3.9,0.118,0.3,1.5,1.8,1.5,2025
178,Aaron Gordon,30,DEN,PF,36,33,27.9,5.5,11.1,0.497,1.7,4.4,0.389,3.8,6.7,0.568,0.574,3.5,4.5,0.767,1.4,4.4,5.8,2.7,0.6,0.3,1.1,1.7,16.2,,1005,18.5,0.62,0.394,0.41,6,16.8,11.6,13.7,1,0.9,7.5,21.9,2.4,0.7,3.2,0.153,2.9,-1.2,1.7,0.9,2025
179,Eric Gordon,37,PHI,SG,6,0,12.3,2,3.5,0.571,1.3,2.3,0.571,0.7,1.2,0.571,0.762,0.2,0.3,0.5,0.2,0.2,0.3,0.5,0.7,0.2,0.5,0.5,5.5,,74,14.4,0.754,0.667,0.095,1.5,1.5,1.5,5.8,2.6,1.3,12.1,14.2,0.1,0.1,0.2,0.116,2.1,0.3,2.4,0.1,2025
180,Jerami Grant,31,POR,PF,57,38,29.7,5.8,12.8,0.453,2.4,6.1,0.389,3.4,6.7,0.513,0.547,4.6,5.6,0.814,1,2.5,3.5,2.1,0.7,0.6,2.1,2.5,18.6,,1695,15.4,0.608,0.479,0.441,3.5,9.3,6.3,11,1.2,1.9,12,23.8,2.6,1.4,4,0.114,0.9,-0.9,0,0.9,2025
181,Hayden Gray,22,UTA,SG,1,0,25,2,3,0.667,0,1,0,2,2,1,0.667,2,2,1,0,0,0,1,1,1,1,0,6,,25,9.4,0.773,0.333,0.667,0,0,0,5,1.9,3.9,20.5,8,0,0,0,0.044,-3.7,-1.6,-5.3,0,2025
182,A.J. Green,26,MIL,SG,78,68,29.1,3.4,7.9,0.424,3,7.1,0.419,0.4,0.8,0.469,0.612,0.7,0.8,0.855,0.4,2.4,2.7,1.9,0.5,0.1,1,2.3,10.4,,2270,9.4,0.627,0.896,0.1,1.5,9.1,5.3,9.2,0.8,0.4,10.4,14,2,0.4,2.4,0.05,-1.5,-1.8,-3.3,-0.8,2025
183,Draymond Green,35,GSW,PF,68,68,27.5,3,7.2,0.418,1.5,4.6,0.326,1.5,2.7,0.575,0.52,0.9,1.2,0.702,0.8,4.7,5.5,5.5,0.9,0.6,2.7,2.9,8.4,DPOY-11,1869,10.4,0.54,0.631,0.171,3.2,19.5,11.2,27.3,1.6,2.1,25.5,16.1,-0.4,2.1,1.7,0.044,-2.4,1,-1.4,0.3,2025
184,Jalen Green,23,PHO,SG,32,27,25.9,6.8,16,0.422,2.2,7.1,0.313,4.5,8.9,0.509,0.491,2,2.7,0.747,0.5,3.1,3.6,2.8,1.1,0.3,2.3,1.3,17.8,,828,14.8,0.516,0.443,0.17,2.1,13.9,7.8,18.6,2,0.9,11.6,31.9,-0.6,1,0.3,0.019,-0.2,-0.9,-1.1,0.2,2025
185,Javonte Green,32,DET,SG,82,6,17.6,2.3,5,0.447,1.1,3,0.381,1.1,2,0.545,0.56,1.3,1.5,0.84,0.8,2,2.8,0.7,1.2,0.3,0.5,1.3,6.9,,1446,14.1,0.607,0.597,0.302,4.9,12.8,8.9,5,3.4,1.7,8.8,14.8,2,2.7,4.7,0.156,-0.3,2.4,2.1,1.5,2025
186,Jeff Green,39,HOU,PF,30,0,5.8,0.8,2.3,0.368,0.4,1.5,0.273,0.4,0.8,0.542,0.456,0.2,0.2,1,0.2,0.6,0.8,0.3,0.1,0.1,0.1,0.4,2.2,,175,8.5,0.477,0.647,0.074,4.5,11.2,7.9,6.2,0.6,1.1,5.4,17.8,0.1,0.1,0.2,0.054,-3.4,-2.2,-5.6,-0.2,2025
187,Josh Green,25,CHO,SG,58,0,15.7,1.4,3.1,0.459,1,2.4,0.42,0.4,0.7,0.581,0.619,0.4,0.5,0.893,0.8,1,1.8,0.8,0.6,0.1,0.6,1.1,4.3,,908,9.7,0.644,0.762,0.155,5.7,7,6.3,6.8,1.9,0.6,15.3,10.6,1,0.9,1.9,0.099,-1.7,1,-0.7,0.3,2025
188,Quentin Grimes,25,PHI,SG,75,19,29.4,4.5,10.1,0.45,1.7,5.1,0.334,2.8,5,0.568,0.534,2.7,3.2,0.84,0.6,3,3.6,3.3,0.9,0.4,1.8,2.1,13.4,,2206,12.9,0.585,0.503,0.314,2.2,11.4,6.7,15.7,1.4,1.2,13.4,19,1.9,1.7,3.6,0.078,-0.9,-0.6,-1.6,0.2,2025
189,Mouhamadou Gueye,27,CHI,PF,2,0,22.5,3,5.5,0.545,0.5,2.5,0.2,2.5,3,0.833,0.591,1.5,2,0.75,1,2,3,3,1,0.5,1.5,2,8,,45,12.8,0.627,0.455,0.364,4.8,9.3,7.1,17.9,2.1,1.9,19,14.6,0,0,0.1,0.086,-2.2,-1.7,-3.9,0,2025
190,Mouhamed Gueye,23,ATL,PF,77,8,15.3,1.7,3.8,0.452,0.5,1.7,0.308,1.2,2.1,0.569,0.521,0.5,0.8,0.645,1.2,2.4,3.6,0.9,0.8,0.5,0.4,1.6,4.4,,1179,12,0.539,0.448,0.214,8.1,17.4,12.7,7.4,2.4,3,9.4,12.4,0.9,1.8,2.7,0.11,-2.6,1.3,-1.3,0.2,2025
191,Rui Hachimura,27,LAL,PF,68,41,28.3,4.5,8.8,0.514,1.7,3.9,0.443,2.8,4.9,0.57,0.611,0.7,1.1,0.694,0.6,2.7,3.3,0.8,0.6,0.3,0.6,1.6,11.5,,1927,11.6,0.62,0.439,0.121,2.6,10.9,6.9,4.1,1,1,6.3,15.2,2.1,1.1,3.2,0.08,-0.8,-1.5,-2.2,-0.1,2025
192,PJ Hall,23,2TM,C,19,2,11.3,1.6,3.1,0.508,0.2,0.3,0.6,1.4,2.8,0.5,0.534,1.2,1.5,0.793,1.7,2.2,3.9,0.5,0.2,0.5,0.8,1.2,4.5,,214,15.9,0.599,0.085,0.492,17.6,21.7,19.7,6.6,0.7,4.3,18.2,17.3,0.3,0.3,0.6,0.125,-1.6,-0.7,-2.3,0,2025
193,Yang Hansen,20,POR,C,43,1,7,0.7,2.3,0.31,0.1,1,0.119,0.6,1.3,0.448,0.335,0.7,0.8,0.824,0.5,1.1,1.5,0.5,0.1,0.2,0.7,1,2.2,,300,3.7,0.413,0.42,0.34,7.1,16.8,11.9,9.8,0.5,3,21.8,19.9,-0.8,0.3,-0.5,-0.075,-8.9,-0.6,-9.5,-0.6,2025
194,Tim Hardaway Jr.,33,DEN,SG,80,6,26.6,4.4,9.7,0.447,2.8,6.9,0.407,1.6,2.9,0.541,0.591,2,2.5,0.811,0.2,2.4,2.6,1.4,0.5,0.1,0.5,1.3,13.5,6MOY-3,2127,13.5,0.624,0.706,0.252,0.9,9.5,5.4,6.9,1,0.4,4.7,18.5,3.5,1,4.4,0.1,1.3,-1.9,-0.7,0.7,2025
195,James Harden,36,2TM,PG,70,70,34.8,7,16,0.434,3.1,8.2,0.375,3.9,7.9,0.495,0.529,6.6,7.5,0.884,0.6,4.2,4.8,8,1.1,0.4,3.5,2,23.6,,2438,20.7,0.61,0.51,0.467,1.9,13.6,7.9,34.7,1.6,1.1,15.3,28.6,5.6,2.1,7.7,0.151,4.6,-0.8,3.9,3.6,2025
196,Jaden Hardy,23,2TM,SG,57,4,15.8,3.2,7.5,0.424,1.8,4.6,0.397,1.4,2.9,0.467,0.545,1,1.3,0.733,0.3,1.2,1.5,1,0.3,0.1,1.1,1.6,9.2,,898,10.9,0.566,0.611,0.175,1.8,8.5,5.1,9.7,0.8,0.6,11.8,24.4,-0.3,0.1,-0.2,-0.01,-1.5,-3.3,-4.8,-0.6,2025
197,Elijah Harkless,25,UTA,SG,26,9,21,2.1,6.2,0.335,0.8,3.4,0.239,1.3,2.8,0.452,0.401,1.9,2.5,0.766,0.4,1.7,2,2.9,1.2,0.2,1,2,6.8,,545,9.1,0.471,0.547,0.398,1.9,8.7,5.3,17.6,2.7,1.1,12.1,16.2,-0.1,0.2,0.1,0.005,-4.9,-0.7,-5.6,-0.5,2025
198,Dylan Harper,19,SAS,SG,69,4,22.6,4.8,9.5,0.505,0.9,2.6,0.343,3.9,6.9,0.565,0.551,1.3,1.7,0.756,0.8,2.6,3.4,3.9,0.8,0.3,1.4,2,11.8,"ROY-4,6MOY-11",1558,16.2,0.574,0.271,0.181,3.8,12.1,8.1,24.7,1.7,1.4,12.3,21.8,2,2.2,4.2,0.13,0.3,1.1,1.4,1.3,2025
199,Ron Harper Jr.,25,BOS,SF,29,3,11,1.6,3.8,0.418,1,2.8,0.35,0.6,1,0.6,0.545,0.1,0.1,0.75,0.5,1.1,1.7,0.8,0.3,0.3,0.3,0.7,4.2,,318,13.1,0.55,0.727,0.036,5.3,11.2,8.3,9.5,1.6,2.9,6.7,16.4,0.4,0.4,0.8,0.119,0.2,0.9,1.1,0.3,2025
200,Gary Harris,31,MIL,SG,48,2,13.8,1,2.2,0.442,0.6,1.4,0.412,0.4,0.8,0.5,0.577,0.2,0.2,0.889,0.3,0.9,1.3,1.1,0.6,0.2,0.4,1.1,2.7,,661,8,0.593,0.654,0.087,2.8,7.6,5.2,9.9,2,1.4,15,8.5,0.4,0.3,0.7,0.054,-3.2,0.7,-2.5,-0.1,2025
201,Tobias Harris,33,DET,PF,63,63,27.7,4.9,10.5,0.469,1.3,3.5,0.368,3.6,6.9,0.521,0.531,2.2,2.5,0.866,0.9,4.3,5.1,2.5,0.9,0.4,1,1.7,13.3,,1746,15,0.574,0.338,0.238,3.6,16.9,10.4,12.5,1.6,1.5,8,18.8,2.6,2.7,5.3,0.145,0.6,0.8,1.4,1.5,2025
202,Josh Hart,30,NYK,SF,66,52,30.2,4.6,9,0.508,1.5,3.7,0.413,3,5.3,0.574,0.593,1.4,1.9,0.72,1.4,6,7.4,4.8,1.1,0.3,1.9,2.5,12,,1994,15.7,0.612,0.409,0.211,5.2,22.1,13.6,21.6,1.9,0.9,16.5,16.7,3.1,3,6.1,0.147,1,2,3,2.5,2025
203,Isaiah Hartenstein,27,OKC,C,47,46,24.2,3.9,6.3,0.622,0,0.1,0,3.9,6.1,0.637,0.622,1.4,2.2,0.61,3.2,6.3,9.4,3.5,1,0.8,1.7,2.5,9.2,,1137,19.8,0.631,0.024,0.355,14.8,27,21.1,20.1,2,3.1,19.3,16.1,2.5,2.8,5.3,0.223,1,3.2,4.2,1.8,2025
204,Sam Hauser,28,BOS,PF,78,49,24.8,3.2,7.7,0.419,2.5,6.5,0.393,0.7,1.2,0.557,0.584,0.2,0.3,0.85,0.7,3.1,3.8,1.5,0.5,0.3,0.4,1.4,9.2,,1934,11.9,0.59,0.839,0.033,3.3,13.6,8.5,7.9,1,1.2,5.4,14.5,2.9,2.1,5,0.124,0.6,0,0.6,1.3,2025
205,Jordan Hawkins,23,NOP,SG,51,1,13.6,1.8,5,0.366,0.9,2.6,0.348,0.9,2.4,0.385,0.457,0.5,0.5,0.852,0.4,1.3,1.7,0.8,0.3,0.2,0.7,0.6,5.1,,692,7.6,0.48,0.525,0.105,3.1,10.7,6.9,8.2,0.9,1.4,11.2,18.2,-0.6,0.2,-0.4,-0.029,-3.2,-3,-6.2,-0.7,2025
206,Jaxson Hayes,25,LAL,C,66,9,18.3,3,4,0.756,0,0,1,3,3.9,0.753,0.761,1.5,2.3,0.653,1.5,2.6,4.1,0.9,0.4,0.8,0.5,1.9,7.5,,1207,18.3,0.758,0.011,0.573,10,16.1,13.2,6.9,1.2,4,8.6,13,3.8,1.2,5,0.199,0.8,0.4,1.2,1,2025
207,Killian Hayes,24,SAC,PG,23,3,17.7,1.8,6,0.304,0.7,2.7,0.27,1.1,3.3,0.333,0.366,1.1,1.2,0.929,0.2,2.2,2.3,3.5,0.9,0.2,1.2,1.6,5.5,,406,8.8,0.422,0.457,0.203,1.1,14.2,7.4,26.3,2.5,0.9,15.7,18.7,-0.5,0.2,-0.3,-0.031,-5.1,-0.9,-6,-0.4,2025
208,Nigel Hayes-Davis,31,PHO,SF,27,0,7.2,0.6,1.7,0.326,0.1,0.6,0.125,0.5,1.1,0.433,0.348,0.1,0.1,0.5,0.4,0.8,1.2,0.3,0.3,0.1,0.3,0.6,1.3,,195,4.2,0.356,0.348,0.087,6.6,12.4,9.4,4.6,2,1,14.3,12.1,-0.3,0.2,-0.1,-0.023,-6.4,-0.8,-7.3,-0.3,2025
209,Scoot Henderson,21,POR,PG,30,10,24.9,4.8,11.4,0.418,1.9,5.4,0.352,2.9,6,0.478,0.501,2.8,3.3,0.84,0.6,2.1,2.7,3.7,0.9,0.3,2.4,2.8,14.2,,748,12.9,0.553,0.474,0.292,2.6,9.1,5.8,22.8,1.7,1.1,15.9,25,0.3,0.7,1,0.064,-1.7,-0.5,-2.2,0,2025
210,Taylor Hendricks,22,2TM,PF,59,17,18.9,2.8,6,0.459,1.1,3.1,0.342,1.7,2.9,0.585,0.548,0.8,1.2,0.681,1.1,2.6,3.7,0.9,0.8,0.5,0.8,1.7,7.4,,1118,12.2,0.566,0.518,0.203,6.2,15.4,10.7,6.8,2.1,2.5,11.5,16.2,0.4,0.8,1.1,0.049,-1.5,-0.9,-2.4,-0.1,2025
211,Chucky Hepburn,22,TOR,PG,2,0,6.5,0,3,0,0,2.5,0,0,0.5,0,0,0,0,,0,0.5,0.5,1,0.5,0,0.5,1,0,,13,-13.5,0,0.833,0,0,8.8,4.4,17.4,3.8,0,14.3,23.1,-0.1,0,-0.1,-0.441,-20.7,-3.1,-23.8,-0.1,2025
212,Tyler Herro,26,MIA,SG,33,28,31.3,7.5,15.6,0.48,2.5,6.7,0.378,4.9,8.9,0.556,0.561,3,3.3,0.917,0.4,4.4,4.8,4.1,0.7,0.4,1.9,1.9,20.5,,1033,17.1,0.602,0.431,0.21,1.4,14.6,7.9,19.7,1,1,10.2,24.7,1.4,1,2.4,0.112,2.4,-0.4,2,1.1,2025
213,Buddy Hield,33,2TM,SG,51,3,16.1,2.8,6.4,0.437,1.5,4.2,0.349,1.4,2.3,0.6,0.55,0.6,0.7,0.811,0.5,1.7,2.3,1.4,0.8,0.2,0.9,1.1,7.6,,819,12.8,0.568,0.648,0.113,3.6,12.3,7.9,12.8,2.3,1,12.3,20.3,0.2,0.8,1,0.06,-0.9,-0.1,-1,0.2,2025
214,Haywood Highsmith,29,PHO,SF,7,0,13,1.7,3.3,0.522,1.1,2,0.571,0.6,1.3,0.444,0.696,0.9,1,0.857,0.9,1,1.9,1,0.6,0,0,1.3,5.4,,91,17.6,0.729,0.609,0.304,7.1,8.8,7.9,10.7,2.2,0,0,12.2,0.4,0.1,0.5,0.238,2.7,1.2,3.8,0.1,2025
215,Blake Hinson,26,UTA,SF,14,3,20.4,4.2,8.2,0.513,2.6,5.6,0.468,1.6,2.6,0.611,0.674,0.9,1.1,0.75,0.8,1.6,2.4,1.1,0.4,0.1,0.4,1.7,11.9,,285,16.5,0.684,0.687,0.139,4.1,8.6,6.3,8.3,0.8,0.7,3.9,18.3,0.7,0,0.7,0.112,2.5,-3,-0.6,0.1,2025
216,Aaron Holiday,29,HOU,PG,57,1,13.7,1.8,4.4,0.417,1.2,3,0.394,0.7,1.4,0.463,0.55,0.6,0.7,0.854,0.2,0.8,1,1.1,0.5,0.1,0.7,1.3,5.5,,781,10.1,0.578,0.675,0.163,1.9,6.3,4.1,10.2,1.7,0.6,12.3,16.6,0.7,0.7,1.4,0.088,-2.2,-0.2,-2.4,-0.1,2025
217,Jrue Holiday,35,POR,PG,53,51,29.4,6,13.4,0.451,2.6,6.8,0.378,3.5,6.5,0.527,0.548,1.7,2,0.838,1.3,3.3,4.6,6.1,1,0.1,2.8,1.5,16.3,,1560,16.4,0.573,0.511,0.148,4.9,12.3,8.5,32.1,1.7,0.3,16.2,23.5,2.1,1.5,3.6,0.109,2.4,-0.5,1.9,1.6,2025
218,Ron Holland,20,DET,SF,78,5,19.9,3,7,0.432,0.6,2.5,0.253,2.4,4.4,0.535,0.478,1.5,1.9,0.805,1.1,3,4,1.2,1.2,0.3,1.2,2.3,8.2,,1551,11.7,0.525,0.364,0.274,6.1,16.5,11.4,8.2,2.9,1.7,13.6,18.9,-0.1,2.9,2.8,0.087,-3.3,1.4,-2,0,2025
219,DaRon Holmes,23,DEN,PF,25,6,8.4,1.2,2.4,0.508,0.8,1.8,0.444,0.4,0.6,0.688,0.672,0.4,0.6,0.786,0.3,1.1,1.4,0.6,0,0.2,0.5,0.8,3.7,,210,13.4,0.692,0.738,0.23,4.5,13.8,9.3,10.2,0.2,2.7,15.2,16.4,0.3,0.1,0.4,0.103,0.7,-1.2,-0.5,0.1,2025
220,Chet Holmgren,23,OKC,PF,69,69,28.9,6.3,11.3,0.557,1.3,3.5,0.362,5,7.8,0.646,0.614,3.3,4.1,0.792,1.9,7,8.9,1.7,0.6,1.9,1.6,2.3,17.1,"DPOY-2,AS,NBA3,DEF1",1997,21.6,0.653,0.312,0.365,7.4,25.3,16.7,8.6,1,6.4,10.6,21.9,4.4,4.7,9.1,0.219,2.4,1.9,4.2,3.1,2025
221,Al Horford,39,GSW,C,45,13,21.5,3.1,7.2,0.426,1.6,4.6,0.361,1.4,2.6,0.538,0.54,0.5,0.6,0.846,1,3.9,4.9,2.6,0.7,1.1,0.9,1.1,8.3,,969,14.7,0.554,0.633,0.08,5,20.5,12.6,17,1.5,4.9,11.1,16.5,0.8,1.3,2.1,0.105,0.3,1.3,1.6,0.9,2025
222,Caleb Houstan,23,ATL,SF,18,0,4.2,0.8,1.4,0.538,0.6,1.2,0.524,0.2,0.3,0.6,0.75,0.2,0.2,1,0.3,0.3,0.6,0.2,0.1,0.1,0.2,0.6,2.3,,75,16.4,0.769,0.808,0.115,7.1,8.8,8,7.4,1.3,1.2,12.8,17.4,0.2,0.1,0.2,0.16,1.6,-1.2,0.3,0,2025
223,Jett Howard,22,ORL,SF,55,0,12.6,1.9,4.6,0.418,1,2.6,0.372,0.9,1.9,0.481,0.526,0.7,0.7,0.949,0.4,1.2,1.6,0.8,0.2,0.2,0.3,1.2,5.5,,695,11.2,0.561,0.578,0.155,3.7,10.4,7,9.3,0.7,1.4,5.3,17.2,0.7,0.5,1.3,0.087,-0.8,-1.1,-1.8,0,2025
224,Kevin Huerter,27,2TM,SF,69,14,22.4,3.9,8.6,0.451,1.4,4.7,0.308,2.4,3.9,0.624,0.535,0.8,1,0.775,0.5,3,3.5,2.6,0.9,0.5,1,1.7,10,,1549,13.2,0.552,0.545,0.119,2.4,14.2,8.4,16.1,1.9,1.9,10.3,18.8,0.8,1.7,2.5,0.078,-1.1,0.5,-0.6,0.6,2025
225,Jay Huff,27,IND,C,82,47,21,3.5,7.5,0.476,1.5,4.5,0.319,2.1,2.9,0.723,0.574,1,1.2,0.828,0.9,3.1,4,1.5,0.5,1.9,0.9,2.4,9.5,,1719,15.2,0.598,0.61,0.162,4.5,16.2,10.3,10.4,1.1,7.6,10.4,18,1.3,1.9,3.2,0.089,-0.9,1.3,0.4,1.1,2025
226,Ariel Hukporti,23,NYK,C,54,5,9.2,0.8,1.5,0.563,0,0.1,0.25,0.8,1.4,0.579,0.569,0.5,0.6,0.788,1,1.9,2.9,0.5,0.2,0.5,0.6,1.2,2.2,,498,11.9,0.619,0.05,0.413,12.5,23.2,17.9,7.3,0.9,5.3,25.3,10.9,0.4,0.8,1.2,0.115,-3.7,1.4,-2.3,0,2025
227,De'Andre Hunter,28,2TM,SF,45,25,26.1,4.6,11.1,0.415,1.7,5.5,0.305,3,5.7,0.522,0.49,2.8,3.2,0.867,0.7,3.4,4.1,2,0.7,0.1,1.7,2.5,13.7,,1176,11.4,0.545,0.491,0.285,2.8,14.5,8.7,10.6,1.2,0.5,11.7,22.9,0.1,1,1.1,0.044,-2.5,-1.5,-3.9,-0.6,2025
228,CJ Huntley,24,PHO,SF,4,0,10,1.5,2.8,0.545,0,0.8,0,1.5,2,0.75,0.545,0,0,,0.5,0.8,1.3,0.5,0.3,0,0,0.5,3,,40,10.9,0.545,0.273,0,5.4,8.6,6.9,7.1,1.2,0,0,11.7,0.1,0,0.1,0.099,-3.9,-0.5,-4.4,0,2025
229,Bones Hyland,25,MIN,PG,71,3,16.6,3,6.6,0.453,1.6,4.2,0.388,1.4,2.4,0.568,0.577,0.9,1.2,0.78,0.3,1.5,1.8,2.6,0.6,0.2,1,1.7,8.5,,1177,15.1,0.599,0.639,0.175,2.2,9.5,5.9,22.7,1.8,1.3,12.2,20.6,1.8,1.3,3.1,0.126,1.2,0.5,1.7,1.1,2025
230,Oso Ighodaro,23,PHO,PF,82,24,22,2.9,4.5,0.653,0,0,0,2.9,4.5,0.655,0.653,0.6,1.4,0.453,1.7,3.4,5.1,2.3,0.9,0.7,1.2,2.7,6.5,,1808,13.8,0.636,0.003,0.32,8.2,17.8,12.8,14.2,2,3,19.5,12.2,2.1,2.6,4.7,0.125,-2.2,2.3,0.1,0.9,2025
231,Joe Ingles,38,MIN,SF,27,2,5.7,0.6,1,0.593,0.3,0.6,0.438,0.3,0.4,0.818,0.722,0.1,0.1,1,0,0.7,0.7,1.3,0.3,0.1,0.5,0.3,1.5,,153,13,0.735,0.593,0.074,0,13.4,6.8,28.5,2.8,1.1,33.4,11.5,0.2,0.2,0.4,0.12,-1.2,1.4,0.2,0.1,2025
232,Brandon Ingram,28,TOR,SF,77,77,33.8,8,16.7,0.477,1.8,4.6,0.382,6.2,12.1,0.512,0.529,3.8,4.6,0.82,0.8,4.8,5.6,3.7,0.8,0.7,2.4,1.9,21.5,AS,2604,16.3,0.573,0.274,0.276,2.7,16.1,9.4,16.8,1.1,2,11.5,26.9,1.5,3.1,4.6,0.084,1,-0.5,0.5,1.7,2025
233,Harrison Ingram,23,SAS,SF,7,0,3.7,0.7,0.9,0.833,0.1,0.1,1,0.6,0.7,0.8,0.917,0,0,,0.4,0,0.4,0.1,0,0,0.1,0.3,1.6,,26,15.8,0.917,0.167,0,12.8,0,6.2,5.4,0,0,14.3,11.3,0.1,0,0.1,0.178,3.6,-1.4,2.3,0,2025
234,Jothan Isaac,28,ORL,PF,52,0,10,0.9,2.1,0.422,0.1,0.7,0.184,0.8,1.4,0.549,0.454,0.7,1.1,0.603,0.8,1.7,2.5,0.4,0.4,0.6,0.3,0.8,2.6,,521,11.5,0.498,0.349,0.532,9.1,19.3,14.1,5.6,1.8,5.4,11.8,12.4,0.1,0.8,0.9,0.085,-2.9,1.3,-1.6,0.1,2025
235,Jaden Ivey,23,2TM,SG,37,5,18.1,3.1,6.9,0.445,1.4,3.6,0.373,1.7,3.3,0.525,0.543,1,1.3,0.809,0.6,1.8,2.5,1.8,0.6,0.4,1.1,1.4,8.5,,670,13,0.571,0.523,0.184,4,10.9,7.5,14,1.6,2,12.9,19.7,0.5,0.9,1.3,0.096,-0.2,0.2,0,0.3,2025
236,Andre Jackson Jr.,24,MIL,SG,48,1,8.5,0.8,2.5,0.328,0.3,1.3,0.25,0.5,1.2,0.407,0.391,0.4,0.7,0.625,0.5,1,1.5,0.9,0.4,0.1,0.6,0.9,2.4,,408,6.8,0.425,0.504,0.269,7,12.9,10,14,2.3,1,18.9,17.8,-0.7,0.3,-0.4,-0.047,-5.7,-1.4,-7.1,-0.5,2025
237,GG Jackson II,21,MEM,PF,55,28,21.4,4.6,9.3,0.496,1.2,3.5,0.332,3.5,5.8,0.595,0.558,2,2.7,0.742,0.9,3.4,4.3,1.5,0.6,0.8,1.5,1.4,12.5,,1178,15.6,0.591,0.375,0.294,4.4,17.4,10.8,10.7,1.2,3.4,12.8,23.5,0.4,0.9,1.3,0.052,0,-1.2,-1.2,0.2,2025
238,Isaiah Jackson,24,2TM,C,55,14,16.5,2.7,4.3,0.637,0,0.1,0,2.7,4.3,0.645,0.637,1.2,1.9,0.648,2.1,3.2,5.3,0.9,0.7,0.9,1.1,2.7,6.7,,908,17.3,0.653,0.013,0.443,13.6,21.8,17.7,8.5,1.9,4.8,17,16.2,1.4,1.2,2.6,0.139,-1.9,0.8,-1.2,0.2,2025
239,Jaren Jackson Jr.,26,2TM,C,48,48,30.3,7.1,15,0.476,1.8,4.9,0.357,5.4,10.1,0.533,0.534,3.4,4.2,0.803,0.9,4.8,5.7,2,1.1,1.4,2.2,3.7,19.4,,1454,15.7,0.576,0.327,0.282,3.1,17.4,10.1,10.4,1.7,4.4,11.7,26.2,0.1,1.3,1.4,0.047,-1.1,0.5,-0.6,0.5,2025
240,Quenton Jackson,27,IND,PG,49,19,18.3,3.1,6.7,0.47,0.9,2.4,0.356,2.3,4.3,0.533,0.534,2,2.4,0.824,0.6,1.8,2.3,2.9,0.6,0.1,1.3,1.7,9.1,,897,14.4,0.589,0.36,0.363,3.3,10.7,6.9,23.1,1.6,0.6,14,20.9,0.9,0.5,1.4,0.076,-1.1,-0.8,-1.8,0,2025
241,Trayce Jackson-Davis,25,2TM,C,53,1,9.4,1.3,2.3,0.573,0,0,1,1.3,2.3,0.569,0.577,0.7,1.4,0.514,1.2,1.5,2.7,0.7,0.3,0.5,0.4,0.8,3.4,,496,16.6,0.578,0.008,0.597,14.7,18.1,16.4,11.1,1.7,4.5,12.3,15.3,0.8,0.7,1.4,0.138,-0.8,0.4,-0.4,0.2,2025
242,Kasparas Jakučionis,19,MIA,PG,53,12,17.8,1.9,4.5,0.429,1.2,2.9,0.423,0.7,1.5,0.439,0.567,1.1,1.2,0.879,0.8,1.8,2.6,2.6,0.6,0.1,0.9,1.9,6.2,,945,11.9,0.614,0.655,0.277,4.7,10.5,7.6,18.1,1.6,0.7,15.8,13.7,1.4,0.9,2.3,0.114,-1,0.6,-0.4,0.4,2025
243,Bronny James,21,LAL,SG,42,1,8.9,1.1,2.7,0.409,0.5,1.4,0.386,0.6,1.4,0.431,0.504,0.1,0.2,0.857,0.1,0.4,0.5,1.2,0.5,0.1,0.6,0.7,2.9,,375,9,0.517,0.496,0.061,1.6,5.4,3.6,18.1,2.5,1,17.5,16.7,-0.2,0.3,0.1,0.018,-3.4,-0.9,-4.3,-0.2,2025
244,LeBron James,41,LAL,SF,60,60,33.2,7.9,15.3,0.515,1.3,4.1,0.317,6.6,11.3,0.586,0.557,3.9,5.3,0.737,0.7,5.4,6.1,7.2,1.2,0.6,3,1.4,20.9,AS,1989,20.8,0.594,0.264,0.344,2.6,18.3,10.7,34.1,1.8,1.6,14.5,27.2,3.4,2.1,5.4,0.131,3.3,0.2,3.5,2.8,2025
245,Sion James,23,CHO,SG,82,19,22.5,1.7,4.5,0.371,1,2.9,0.352,0.7,1.7,0.404,0.483,1,1.2,0.837,0.6,2.9,3.5,2,0.6,0.2,0.8,1.8,5.4,,1843,8.3,0.531,0.634,0.263,3.1,14.3,8.8,11.4,1.4,1,13.5,11,1.1,1.9,3.1,0.08,-3,1.1,-2,0,2025
246,Jaime Jaquez Jr.,24,MIA,SF,75,1,28.3,6.2,12.2,0.507,0.8,2.4,0.317,5.4,9.8,0.555,0.539,2.2,2.9,0.769,1.3,3.7,5,4.7,0.7,0.3,2,1.8,15.4,6MOY-2,2121,15.7,0.57,0.2,0.236,4.7,13.7,9.2,24,1.1,0.9,13.1,22.3,2.2,2,4.2,0.094,0.3,-0.1,0.1,1.1,2025
247,DeJon Jarreau,28,MEM,SG,11,0,21,3,7.5,0.398,0.4,2.7,0.133,2.6,4.8,0.547,0.422,1.6,2.1,0.783,1.1,3.5,4.6,3.3,0.9,0.7,2.4,2.5,8,,231,9.7,0.473,0.361,0.277,5.5,18.6,12,21.8,2.1,3.2,21.8,21.4,-0.4,0.2,-0.2,-0.035,-4.9,-0.3,-5.2,-0.2,2025
248,DaQuan Jeffries,28,SAC,SG,3,0,20,3.7,6.3,0.579,1.3,3,0.444,2.3,3.3,0.7,0.684,1.7,1.7,1,1,0.7,1.7,0.3,0.7,0,0,3,10.3,,60,16.3,0.731,0.474,0.263,5.4,3.8,4.7,2.5,1.6,0,0,15,0.2,0,0.2,0.165,0.9,-1.1,-0.2,0,2025
249,Trey Jemison,26,NYK,C,13,0,6.3,0.5,0.8,0.6,0,0,,0.5,0.8,0.6,0.6,0.1,0.1,1,0.6,0.8,1.4,0.4,0.1,0.2,0.8,0.8,1,,82,4.3,0.623,0,0.1,10.9,13.7,12.3,7.5,0.6,2.5,48.9,10.7,-0.1,0.1,0,-0.018,-8.3,-0.3,-8.6,-0.1,2025
250,Daniss Jenkins,24,DET,PG,72,19,20.2,3.2,7.9,0.408,1,2.7,0.374,2.2,5.2,0.426,0.473,1.9,2.2,0.832,0.7,1.6,2.3,3.9,0.9,0.2,1.6,1.5,9.3,,1455,13.4,0.525,0.343,0.283,4,8.7,6.4,25.8,2.1,1,15.3,21.5,0.9,2,2.9,0.095,-0.8,0.1,-0.7,0.5,2025
251,Ty Jerome,28,MEM,SG,15,15,22.6,6.8,14.3,0.474,2.8,6.7,0.42,4,7.7,0.522,0.572,3.3,3.7,0.875,0.7,2.1,2.8,5.7,1.1,0.3,1.8,2.1,19.7,,339,25.6,0.616,0.465,0.26,3.5,10.1,6.7,44.9,2.2,1.1,10.1,32.7,1.1,0.2,1.3,0.191,8.2,-0.6,7.7,0.8,2025
252,Isaiah Joe,26,OKC,SG,71,9,21.2,3.5,7.6,0.455,2.5,6,0.423,0.9,1.6,0.574,0.622,1.5,1.7,0.894,0.5,2.1,2.5,1.3,0.7,0.2,0.6,1.7,11.1,,1507,15.5,0.657,0.788,0.227,2.5,10.2,6.5,8.6,1.6,0.7,7,18.4,3.2,2.4,5.5,0.176,2,0.5,2.5,1.7,2025
253,AJ Johnson,21,2TM,SG,48,0,9.5,1.2,3.7,0.324,0.3,1.2,0.211,0.9,2.5,0.378,0.358,0.7,0.8,0.85,0.3,0.9,1.1,1,0.2,0.1,0.6,0.6,3.3,,454,5.6,0.413,0.324,0.227,3.3,9.7,6.5,14,1.1,0.6,13.4,20.6,-1,0.1,-0.9,-0.09,-6.4,-2.5,-8.9,-0.8,2025
254,Cameron Johnson,29,DEN,SF,54,54,30.5,4.2,8.8,0.48,2,4.7,0.43,2.2,4.1,0.539,0.596,1.7,2.1,0.839,0.8,3,3.8,2.4,0.7,0.4,0.9,2.3,12.2,,1647,12.8,0.629,0.539,0.236,3.1,10.6,7,10.6,1.2,1.2,8.2,15.1,2.7,1,3.7,0.108,0.3,-0.9,-0.6,0.6,2025
255,Chaney Johnson,23,BRK,SF,17,1,20.5,3,5.5,0.543,0.5,1.8,0.3,2.5,3.8,0.656,0.59,1.6,2.1,0.8,1.9,2.7,4.6,2.1,0.9,0.5,1.2,3,8.2,,348,16,0.635,0.319,0.372,10.4,16.3,13.2,16.4,2.1,2.4,15.5,16.2,0.6,0.3,0.9,0.128,-0.3,0.4,0.1,0.2,2025
256,Jalen Johnson,24,ATL,SF,72,72,35.2,8.3,17.1,0.489,1.7,4.7,0.352,6.7,12.3,0.541,0.537,4.2,5.3,0.788,1.4,8.9,10.3,7.9,1.2,0.4,3.4,2.1,22.5,"AS,NBA3",2532,20.4,0.581,0.278,0.311,4.3,27.8,15.9,33.5,1.7,1.1,14.9,27,3.6,3.9,7.5,0.141,2.8,1.4,4.2,4,2025
257,Keldon Johnson,26,SAS,SF,82,0,23.3,5,9.7,0.519,1.2,3.3,0.363,3.8,6.4,0.601,0.582,1.9,2.4,0.794,1.7,3.7,5.4,1.4,0.6,0.1,0.9,2,13.2,6MOY-1,1911,17.3,0.613,0.343,0.243,7.9,16.6,12.4,8.5,1.2,0.5,7.4,21,3.9,2.6,6.4,0.161,1.2,-0.3,0.9,1.4,2025
258,Keshad Johnson,24,MIA,SF,32,0,8.8,1.6,3.3,0.49,0.4,1.4,0.295,1.2,1.9,0.633,0.553,0.7,0.9,0.724,0.8,1.1,1.9,0.3,0.5,0.3,0.4,0.9,4.3,,280,15.2,0.582,0.423,0.279,9.6,13.4,11.5,3.9,2.5,2.5,10,18.9,0.3,0.4,0.6,0.11,-1.3,0,-1.3,0.1,2025
259,Tre Johnson,19,WAS,SG,60,42,24.1,4.5,10.8,0.419,1.9,5.4,0.358,2.6,5.4,0.479,0.508,1.3,1.5,0.874,0.5,2.4,2.8,2,0.6,0.3,1.6,2,12.2,,1443,10.6,0.535,0.496,0.134,2.1,10.7,6.3,12.4,1.1,1.1,11.9,22.5,-0.6,-0.1,-0.7,-0.024,-2.1,-2.9,-5,-1.1,2025
260,Nikola Jokić,30,DEN,C,65,65,34.8,9.9,17.4,0.569,1.7,4.5,0.38,8.2,12.9,0.636,0.618,6.1,7.4,0.831,3,9.9,12.9,10.7,1.4,0.8,3.7,2.7,27.7,"MVP-2,CPOY-6,AS,NBA1",2265,32.3,0.67,0.261,0.424,10,30.4,20.7,50.3,2,2.2,15.3,30.4,11.5,3.4,14.9,0.316,10.1,4.1,14.2,9.2,2025
261,Colby Jones,23,DET,SG,1,0,7,1,3,0.333,0,2,0,1,1,1,0.333,0,0,,0,4,4,2,0,0,0,1,2,,7,12.9,0.333,0.667,0,0,63.1,32.1,37.8,0,0,0,17.8,0,0,0,0.124,-3.2,5.7,2.4,0,2025
262,Curtis Jones,24,DEN,SG,10,0,8.8,1.1,2.7,0.407,0.6,1.8,0.333,0.5,0.9,0.556,0.519,0.1,0.2,0.5,0.2,0.9,1.1,1,0.4,0,0.2,0.6,2.9,,88,10.8,0.52,0.667,0.074,2.7,10.9,7,14.7,2.2,0,6.7,14.7,0.1,0.1,0.1,0.072,-3,-0.5,-3.5,0,2025
263,Derrick Jones Jr.,28,LAC,SF,50,45,27,3.8,7.6,0.499,1.1,3.1,0.359,2.7,4.5,0.593,0.571,1.4,1.9,0.763,1.2,2.2,3.5,1.4,0.9,1,0.8,2.1,10.1,,1350,13.3,0.6,0.404,0.245,5.4,9.4,7.5,7.3,1.7,3.5,8.7,15.1,1.7,1.1,2.8,0.1,-0.6,-0.1,-0.7,0.5,2025
264,Dillon Jones,24,NYK,SF,7,0,5.6,0.3,1.3,0.222,0.1,0.7,0.2,0.1,0.6,0.25,0.278,0.6,0.6,1,0.3,0.7,1,0.6,0.4,0,0,0.9,1.3,,39,10.3,0.418,0.556,0.444,5.7,14.4,10,12.3,3.8,0,0,11.8,0,0.1,0.1,0.134,-5.4,2.8,-2.6,0,2025
265,David Jones García,24,SAS,SF,11,0,6.2,1.2,2.3,0.52,0.3,0.5,0.6,0.9,1.8,0.5,0.58,0.3,0.5,0.5,0.4,0.8,1.2,1.6,0.5,0.1,0.5,0.5,2.9,,68,20.9,0.579,0.2,0.24,6.5,13.8,10.3,37.2,4.2,1.3,15.3,20.2,0.1,0.1,0.3,0.205,2.6,3.8,6.4,0.1,2025
266,Herbert Jones,27,NOP,SF,56,56,28.4,3.3,8.5,0.383,1.4,4.6,0.309,1.8,3.9,0.47,0.467,0.9,1.1,0.806,0.8,2.6,3.4,2.8,1.6,0.5,1.3,3.2,8.9,,1588,9.1,0.491,0.542,0.13,3.2,9.8,6.4,12.9,2.7,1.6,12.6,15.2,-0.4,1.1,0.7,0.022,-3.7,0.6,-3.1,-0.5,2025
267,Isaac Jones,25,2TM,PF,7,1,5.1,0.4,1,0.429,0,0.3,0,0.4,0.7,0.6,0.429,0.4,0.6,0.75,0.3,0.4,0.7,0.1,0,0.1,0.1,0.6,1.3,,36,6.4,0.514,0.286,0.571,6,9.2,7.8,3.5,0,2.8,10.2,11.3,0,0,0,0.038,-5.9,-2.2,-8.1,-0.1,2025
268,Kam Jones,23,IND,SG,37,7,16.6,1.8,4.6,0.402,0.6,2,0.293,1.2,2.5,0.489,0.467,0.1,0.2,0.5,0.4,1.2,1.6,3.2,0.5,0,1,1.1,4.4,,616,8.2,0.47,0.444,0.047,2.6,8.1,5.3,26.2,1.4,0,17.3,14.4,-0.2,0.2,0,0.002,-4.2,-1.9,-6.2,-0.6,2025
269,Spencer Jones,24,DEN,SF,64,37,22.1,2.1,4.1,0.504,0.9,2.3,0.396,1.2,1.8,0.636,0.613,0.5,0.8,0.608,1.2,2.1,3.3,0.8,0.8,0.5,0.5,2.7,5.5,,1417,9.3,0.619,0.55,0.195,6.2,10.1,8.3,4.5,1.8,1.9,9.8,9.7,1.5,1.2,2.6,0.089,-2.4,0,-2.4,-0.1,2025
270,Tre Jones,26,CHI,PG,65,41,27,5.2,9.5,0.553,0.6,2,0.315,4.6,7.5,0.616,0.586,2.9,3.5,0.841,0.6,2.6,3.1,5.4,1.2,0.2,1.4,1.4,14.1,,1752,18.7,0.637,0.211,0.368,2.3,9.9,6.2,29.2,2,0.5,11.4,19.2,4.6,1.1,5.7,0.157,1.2,0.1,1.3,1.5,2025
271,Tyus Jones,29,3TM,PG,67,12,14.6,1.1,3.3,0.349,0.6,2,0.292,0.5,1.2,0.444,0.44,0.1,0.1,0.778,0.2,1,1.1,2.4,0.6,0,0.4,0.5,3,,979,8.3,0.448,0.628,0.041,1.4,7.2,4.3,20.9,1.8,0.3,10.1,10.7,0.2,0.8,1,0.051,-2.9,0.5,-2.4,-0.1,2025
272,DeAndre Jordan,37,NOP,C,12,7,16.6,1.8,2.7,0.656,0,0,,1.8,2.7,0.656,0.656,0.9,1.4,0.647,2.2,4.2,6.3,0.9,0.3,0.8,0.8,1.3,4.4,,199,15.7,0.671,0,0.531,13.9,27.4,20.6,7.2,1,4.7,18.6,10.1,0.3,0.2,0.6,0.134,-0.4,0.2,-0.2,0.1,2025
273,Nikola Jović,22,MIA,PF,47,1,17.2,2.4,6.7,0.366,1,3.6,0.269,1.5,3.1,0.476,0.438,1.5,2.1,0.683,0.5,2.7,3.3,2.2,0.6,0.4,1.4,1.4,7.3,,808,9.5,0.48,0.532,0.322,3.2,16.5,9.8,16.5,1.5,1.9,15.4,21.4,-0.9,1,0,0.001,-3.5,-0.1,-3.5,-0.3,2025
274,Johnny Juzang,24,MIN,SG,21,0,4.2,0.8,1.8,0.421,0.3,1.1,0.25,0.5,0.7,0.714,0.5,0.2,0.4,0.625,0.2,0.6,0.8,0.3,0.1,0,0.2,0.1,2,,88,12.1,0.518,0.632,0.211,6.4,14.7,10.6,9.7,1.1,1,10.7,22.3,0,0.1,0.1,0.038,-1.6,-1.7,-3.3,0,2025
275,Ryan Kalkbrenner,24,CHO,C,69,31,21.4,3.2,4.2,0.753,0,0.1,0,3.2,4.1,0.766,0.753,1.2,1.7,0.716,2.4,3,5.5,0.8,0.5,1.5,0.9,1.6,7.6,,1479,17.9,0.762,0.017,0.399,13,15.7,14.4,5.2,1.1,6.3,15.3,11.6,3.6,2.1,5.7,0.185,0.5,1.3,1.8,1.4,2025
276,Yuki Kawamura,24,CHI,PG,18,0,11.6,0.9,2.9,0.327,0.6,2.1,0.297,0.3,0.8,0.4,0.433,0.9,1.1,0.895,0.4,1.4,1.8,2.6,0.5,0,0.8,0.8,3.4,,209,11.4,0.514,0.712,0.365,3.6,13,8.4,28.2,2,0,18.8,14.8,0.2,0.1,0.3,0.069,-2.7,-1,-3.7,-0.1,2025
277,Trevor Keels,22,MIA,SG,8,0,1.9,0.4,1.5,0.25,0.3,1.1,0.222,0.1,0.4,0.333,0.333,0,0,,0,0.3,0.3,0,0.1,0,0,0,1,,15,2.8,0.333,0.75,0,0,13.9,6.9,0,3.1,0,0,32.6,-0.1,0,-0.1,-0.197,-9.4,-5.2,-14.5,0,2025
278,Miles Kelly,23,DAL,PG,14,0,9.6,1.1,3.1,0.364,0.7,2.4,0.303,0.4,0.8,0.545,0.477,0.1,0.1,1,0.4,1.4,1.7,0.9,0.3,0.1,0.4,0.9,3.1,,134,8.2,0.484,0.75,0.023,4,14.9,9.5,12,1.4,0.6,11.9,15.8,-0.1,0.1,0,0.013,-4.6,-0.5,-5.1,-0.1,2025
279,Luke Kenrd,29,2TM,SG,78,6,21.6,3,5.7,0.533,1.5,3.1,0.478,1.5,2.5,0.601,0.665,0.8,0.9,0.913,0.4,1.9,2.3,2.2,0.7,0.1,0.8,1.3,8.4,,1681,13.5,0.689,0.553,0.156,2.1,10,6.1,13.8,1.6,0.4,11.2,13.5,3.2,1.4,4.5,0.13,0.1,0.1,0.1,0.9,2025
280,Jayson Kent,23,POR,SF,5,0,4.4,0.8,1.4,0.571,0.2,0.8,0.25,0.6,0.6,1,0.643,0.2,0.2,1,0,1,1,0,0.2,0.2,0,0.2,2,,22,17.3,0.672,0.571,0.143,0,25,12.3,0,2.2,4,0,13.8,0,0,0.1,0.181,0.6,3.6,4.2,0,2025
281,Walker Kessler,24,UTA,C,5,5,30.8,5.2,7.4,0.703,1.2,1.6,0.75,4,5.8,0.69,0.784,2.8,4,0.7,4.6,6.2,10.8,3,1.4,1.8,3.2,4.4,14.4,,154,20.6,0.786,0.216,0.541,15.7,22.3,18.9,13.7,2.1,5.6,25.9,16.5,0.3,0.1,0.5,0.148,1.6,1.7,3.3,0.2,2025
282,Corey Kispert,26,2TM,SF,58,10,18.6,3.2,6.8,0.467,1.5,4.1,0.367,1.7,2.7,0.618,0.577,1.3,1.7,0.794,0.5,1.8,2.3,1.6,0.3,0.2,0.8,1,9.2,,1080,13.1,0.609,0.602,0.246,2.7,10.7,6.6,11.8,0.7,0.7,9.3,18.6,1.4,0.5,1.8,0.082,0.1,-2,-1.9,0,2025
283,Maxi Kleber,34,LAL,PF,43,1,10.7,0.8,1.7,0.452,0.1,0.6,0.231,0.6,1.1,0.574,0.493,0.3,0.6,0.538,0.8,1.1,2,0.6,0.4,0.3,0.4,1.4,2,,461,8.1,0.509,0.356,0.356,9.5,11.8,10.7,7.3,1.9,2.2,16.8,9.6,0.2,0.4,0.6,0.063,-4.2,0.3,-3.9,-0.2,2025
284,Bobi Klintman,22,DET,SF,12,0,5.9,0.8,2.3,0.333,0.3,1.1,0.308,0.4,1.2,0.357,0.407,0,0.3,0,0.4,1.2,1.6,0.5,0.3,0,0.5,0.9,1.8,,71,4.5,0.388,0.481,0.111,8,21.8,15,10.9,2,0,17.5,20.1,-0.2,0.1,-0.1,-0.043,-7.7,-1,-8.7,-0.1,2025
285,Dalton Knecht,24,LAL,SF,54,1,10.2,1.6,3.5,0.455,0.7,2.1,0.342,0.9,1.5,0.613,0.555,0.3,0.4,0.727,0.3,1.1,1.4,0.4,0.2,0.2,0.4,0.8,4.2,,553,10.2,0.568,0.581,0.115,3.1,12.5,8,5.3,1,1.8,10.3,17.7,0.1,0.4,0.4,0.038,-2.1,-1.6,-3.6,-0.2,2025
286,Kon Knueppel,20,CHO,SF,81,80,31.5,6.4,13.4,0.475,3.4,7.9,0.425,3,5.5,0.548,0.601,2.4,2.8,0.863,1.2,4.1,5.3,3.4,0.7,0.2,2,2.1,18.5,ROY-2,2551,17.1,0.633,0.592,0.208,4.4,14.6,9.6,16.6,1.1,0.7,12,22.3,5.6,2.5,8,0.151,3.1,-0.4,2.8,3.1,2025
287,Tyler Kolek,24,NYK,PG,62,1,11.7,1.7,4,0.435,0.7,1.8,0.386,1,2.2,0.478,0.524,0.2,0.3,0.7,0.3,1.3,1.6,2.7,0.4,0.1,0.9,1,4.4,,727,12.5,0.533,0.46,0.081,2.5,12.7,7.5,31.7,1.5,0.6,17.6,18.4,0.6,0.8,1.4,0.093,-0.8,0.2,-0.6,0.3,2025
288,Christian Koloko,25,3TM,C,27,4,13.2,1.1,2.7,0.419,0,0.3,0.111,1.1,2.4,0.462,0.426,0.4,0.6,0.667,1.1,1.9,3,0.7,0.5,0.9,0.6,1.8,2.7,,357,8.8,0.453,0.122,0.203,9.3,15.4,12.3,6.4,1.9,5.9,16.6,11.3,-0.2,0.4,0.3,0.038,-5.9,1.2,-4.7,-0.2,2025
289,Yanic Kon Niederhäuser,22,LAC,C,41,0,10.3,1.6,2.4,0.64,0,0.1,0.2,1.5,2.3,0.663,0.645,1.1,1.5,0.758,0.9,2,2.9,0.3,0.1,0.7,0.6,1.6,4.3,,424,16.4,0.691,0.05,0.62,10.4,21.4,16,4.1,0.6,6.7,15.3,15.7,0.8,0.5,1.3,0.152,-2.6,0.4,-2.2,0,2025
290,John Konchar,29,2TM,SG,56,8,19.9,1.7,3.6,0.472,0.5,1.8,0.283,1.2,1.8,0.66,0.543,0.6,0.8,0.727,1.3,3,4.3,2.1,1.5,0.7,0.6,1.4,4.4,,1115,13.6,0.568,0.497,0.221,7,16.5,11.6,13.4,3.5,3.2,13.8,9.4,1.2,1.2,2.4,0.104,-1.3,2.2,0.9,0.8,2025
291,Luke Kornet,30,SAS,C,68,25,21,2.6,4,0.643,0,0,,2.6,4,0.643,0.643,1.4,1.7,0.825,2.7,3.4,6.1,1.9,0.5,1,0.4,1.8,6.5,,1430,17.9,0.689,0,0.419,14,17,15.5,11.3,1.1,4,8,10.3,4.6,2.3,6.9,0.231,1.6,2.1,3.6,2,2025
292,Vít Krejčí,25,2TM,PG,65,8,21.4,3,6.6,0.448,2,5,0.39,1,1.6,0.634,0.597,0.6,0.8,0.745,0.5,1.8,2.3,1.5,0.7,0.3,0.6,2.1,8.5,,1392,11.1,0.609,0.765,0.119,2.4,9.3,5.8,9.6,1.6,1.2,8.3,14.6,1.5,1.3,2.9,0.099,-1.5,0,-1.6,0.1,2025
293,Jothan Kuminga,23,2TM,PF,36,14,23.1,4.4,9.4,0.463,1,2.9,0.333,3.4,6.5,0.521,0.515,2.5,3.4,0.724,1.4,4.3,5.6,2.3,0.6,0.3,1.9,1.5,12.2,,830,14.2,0.557,0.31,0.363,6.4,20.7,13.4,14.7,1.3,1.2,14.6,23.4,0.1,0.9,1,0.059,-1.5,-0.5,-2,0,2025
294,Kyle Kuzma,30,MIL,PF,69,43,26.2,4.9,10,0.492,1.2,3.5,0.347,3.7,6.5,0.569,0.552,2,2.7,0.726,0.8,3.7,4.5,2.7,0.7,0.4,1.7,1.9,13,,1806,14.1,0.581,0.347,0.27,3.6,15.9,9.8,15.5,1.3,1.5,13.4,21.8,0.9,1,1.9,0.051,-1,-1.3,-2.3,-0.1,2025
295,Skal Labissière,29,WAS,PF,3,0,12.7,2,3.3,0.6,0.3,1.7,0.2,1.7,1.7,1,0.65,0,0,,1,2,3,1,0.7,0.3,0.3,1,4.3,,38,16.3,0.65,0.5,0,8.3,17.3,12.7,11.1,2.5,2.3,9.1,12.1,0.1,0,0.1,0.12,-0.1,0.4,0.3,0,2025
296,Jock Landale,30,2TM,C,68,27,22.1,4.1,8.1,0.515,1.1,2.8,0.383,3.1,5.2,0.586,0.582,1.2,1.9,0.635,2.7,3,5.7,1.7,0.5,0.5,0.9,2.2,10.6,,1506,16.6,0.595,0.352,0.23,12.9,14.9,13.9,11.1,1.1,2.2,9,18.3,2.7,1.1,3.8,0.122,0.9,-1,-0.1,0.7,2025
297,Chaz Lanier,24,DET,SG,34,0,7.7,0.8,2.6,0.315,0.6,2,0.284,0.3,0.6,0.409,0.421,0.1,0.2,0.833,0.2,0.4,0.7,0.5,0.2,0,0.1,0.4,2.4,,262,6.6,0.436,0.753,0.067,3.5,6.3,4.9,8.2,1.3,0,3.2,15,0,0.3,0.3,0.046,-3.8,-1.3,-5.1,-0.2,2025
298,Jake LaRavia,24,LAL,PF,82,43,25.1,2.9,6.4,0.459,1,3,0.321,2,3.4,0.579,0.533,1.4,1.9,0.763,1.4,2.6,4,1.8,1.3,0.5,1.1,2.4,8.2,,2061,11.9,0.571,0.465,0.291,6.8,11.5,9.3,9.3,2.5,1.7,12.9,14.4,1.7,2.1,3.8,0.089,-1.6,0.5,-1.2,0.4,2025
299,Pelle Larsson,24,MIA,SG,70,54,26.4,4,8,0.496,0.9,2.7,0.323,3.1,5.2,0.586,0.551,2.6,3.3,0.797,1,2.5,3.5,3.4,0.7,0.2,1.4,2.1,11.4,,1849,13.1,0.605,0.343,0.413,3.8,9.9,6.8,16.8,1.2,0.8,13.3,16.8,2.6,1.5,4.1,0.106,-1.2,0,-1.2,0.4,2025
300,Zach LaVine,30,SAC,SG,39,37,31.4,6.7,14,0.479,2.5,6.5,0.39,4.2,7.5,0.556,0.569,3.2,3.6,0.88,0.2,2.6,2.8,2.3,0.7,0.3,1.9,2.1,19.2,,1224,14.7,0.614,0.464,0.26,0.7,9.4,4.9,11.2,1.1,0.8,10.8,23.7,1.3,0,1.3,0.051,0.6,-2.2,-1.5,0.2,2025
301,A.J. Lawson,25,TOR,SG,24,0,9.4,1.4,3.3,0.436,0.8,1.9,0.422,0.6,1.4,0.455,0.558,0.6,0.8,0.778,0.4,1.4,1.8,0.3,0.5,0.2,0.3,1.1,4.2,,226,13.4,0.588,0.577,0.231,4.5,17.2,10.8,4.2,2.6,1.7,6.5,17.5,0.2,0.4,0.6,0.121,-1.3,0.4,-1,0.1,2025
302,Kawhi Leord,34,LAC,SF,65,65,32.1,9.8,19.4,0.505,2.6,6.8,0.387,7.1,12.5,0.569,0.573,5.7,6.4,0.892,1.1,5.3,6.4,3.6,1.9,0.4,2,1.2,27.9,"MVP-7,CPOY-10,AS,NBA2",2085,27.9,0.629,0.354,0.331,4.1,18.6,11.5,21,2.9,1.2,8.4,33.5,6.5,2.7,9.2,0.212,7.4,0.6,8,5.3,2025
303,Malevy Leons,26,GSW,SF,25,2,11,1.3,2.9,0.444,0.2,0.6,0.25,1.1,2.2,0.5,0.472,0.6,0.8,0.789,1.2,0.9,2.1,0.9,0.6,0.4,0.5,1.2,3.3,,276,12.2,0.516,0.222,0.264,11.9,9.5,10.7,11.4,2.5,3,13.9,14.4,0.2,0.3,0.5,0.087,-3,0.2,-2.8,-0.1,2025
304,Caris LeVert,31,DET,SG,60,0,19.2,2.7,6.5,0.417,1,3,0.333,1.7,3.5,0.488,0.494,1,1.4,0.679,0.4,1.6,2,2.7,0.9,0.7,1.4,1.5,7.4,,1154,10.9,0.518,0.46,0.215,2.3,9,5.7,18.2,2.1,3.5,16.1,18.4,-0.2,1.8,1.6,0.066,-1.8,1.5,-0.4,0.5,2025
305,E.J. Liddell,25,BRK,PF,26,5,13.4,2.1,4.3,0.486,0.7,2,0.346,1.4,2.3,0.61,0.568,0.8,1,0.808,0.5,2.1,2.7,0.9,0.2,0.4,0.6,1.7,5.7,,349,12.6,0.6,0.468,0.234,4.4,19.4,11.5,11,0.9,2.7,10.9,17.2,0.3,0.2,0.5,0.074,-2.2,-1.2,-3.3,-0.1,2025
306,Dereck Lively II,21,DAL,C,7,4,16.4,1.6,2.6,0.611,0,0,,1.6,2.6,0.611,0.611,1.1,1.4,0.8,2,3.3,5.3,1.9,0.6,1.6,1.4,3,4.3,,115,15,0.67,0,0.556,13,21,17,14.7,1.6,8.1,30.9,11.8,0.1,0.2,0.3,0.127,-3,3.6,0.6,0.1,2025
307,Isaiah Livers,27,PHO,PF,36,0,9.6,0.6,1.8,0.344,0.3,1.1,0.3,0.3,0.7,0.417,0.438,0.3,0.3,0.75,0.5,1.2,1.7,0.6,0.4,0.2,0.3,0.8,1.8,,347,7.6,0.469,0.625,0.188,5.9,13.9,9.8,7.7,1.9,2.2,14.8,9.9,0,0.4,0.4,0.057,-3.7,1.2,-2.5,0,2025
308,Chris Livingston,22,CLE,SF,3,0,5.7,1.3,2.3,0.571,0,1,0,1.3,1.3,1,0.571,0.3,0.3,1,0,1,1,0.3,0.3,0,0,1.3,3,,17,15.4,0.605,0.429,0.143,0,19.3,9.7,8.9,2.8,0,0,18.4,0,0,0.1,0.164,-4.7,2.1,-2.7,0,2025
309,Kevon Looney,29,NOP,C,21,8,14.7,1.2,2.9,0.417,0.1,0.6,0.154,1.1,2.2,0.489,0.433,0.3,0.5,0.7,2.3,3.3,5.6,1.6,0.4,0.5,0.4,1.6,2.8,,308,13.6,0.458,0.217,0.167,16.6,24.8,20.6,14,1.4,3.1,12.3,9.9,0.4,0.3,0.7,0.109,-1.2,-0.6,-1.8,0,2025
310,Brook Lopez,37,LAC,C,75,40,21.8,3.1,7.2,0.428,1.5,4.2,0.36,1.6,3,0.524,0.533,0.7,1,0.757,0.6,3,3.6,1.3,0.6,1.2,0.8,2.1,8.5,,1635,12.3,0.552,0.585,0.137,3.4,15.7,9.7,8.5,1.4,5,9.6,17.2,0.5,1.8,2.3,0.068,-1.3,0.4,-0.9,0.5,2025
311,Caleb Love,24,POR,SG,49,1,20.7,3.9,10,0.388,1.9,6,0.318,2,4,0.49,0.483,0.7,1,0.735,0.5,1.8,2.3,2.5,0.6,0.1,1.3,1,10.4,,1013,10.7,0.497,0.596,0.1,2.6,9.7,6.1,18.4,1.3,0.4,10.8,23,-0.1,0.8,0.6,0.031,-1.5,-1.6,-3.1,-0.3,2025
312,Kevin Love,37,UTA,PF,37,5,16.6,2.1,5.4,0.397,1.4,3.8,0.373,0.7,1.5,0.456,0.53,1,1.2,0.841,1.5,4.3,5.8,1.8,0.4,0.2,0.8,1.5,6.7,,613,14.7,0.568,0.714,0.221,9.5,28.9,18.9,14.6,1.1,1.4,12.1,16.6,0.8,0.3,1.1,0.088,1.1,-0.9,0.2,0.3,2025
313,Lawson Lovering,22,MEM,C,2,1,24.5,3,5,0.6,0,0,,3,5,0.6,0.6,1,2.5,0.4,3,4.5,7.5,1.5,1.5,0.5,1,3.5,7,,49,13.7,0.574,0,0.5,13,20.2,16.6,8.3,2.9,1.9,14.1,12.1,0.1,0.1,0.1,0.106,-3.7,0.1,-3.6,0,2025
314,Kyle Lowry,39,PHI,PG,14,0,8.4,0.3,1.8,0.16,0.3,1.8,0.16,0,0,,0.24,0.4,0.4,0.833,0,0.6,0.6,0.8,0.1,0.1,0.3,0.6,1.2,,118,1.4,0.308,1,0.24,0,8.4,4.2,11.3,0.8,1.6,12.6,11.3,-0.2,0.1,-0.2,-0.062,-8.2,-2.2,-10.4,-0.3,2025
315,Khaman Maluach,19,PHO,C,46,1,8.9,1.2,2.3,0.533,0.1,0.5,0.238,1.1,1.8,0.607,0.557,0.5,0.7,0.71,1.1,1.8,2.9,0.1,0.1,0.7,0.5,0.9,3,,411,14,0.586,0.2,0.295,12.8,23.5,18,2,0.6,7.7,17.4,14.8,0.2,0.6,0.8,0.099,-3.7,0,-3.7,-0.2,2025
316,Sandro Mamukelashvili,26,TOR,C,80,13,21.9,4.1,7.9,0.523,1.4,3.7,0.389,2.7,4.2,0.642,0.614,1.5,2,0.747,1.4,3.6,4.9,1.9,0.8,0.5,0.8,1.8,11.2,6MOY-10,1751,18.1,0.637,0.469,0.25,6.9,18.8,12.8,12.4,1.8,2.3,8.7,18.8,3.6,2.5,6.2,0.169,2.1,0.7,2.8,2.1,2025
317,Terance Mann,29,BRK,SG,63,51,24.3,2.7,5.8,0.457,0.9,2.4,0.364,1.8,3.4,0.523,0.533,1,1.3,0.788,1.1,2.1,3.2,3,0.7,0.2,1.1,2.5,7.2,,1529,10.2,0.564,0.418,0.217,5,10.5,7.6,18.6,1.3,0.9,15,13.5,1.2,0.6,1.8,0.056,-2.7,-0.7,-3.4,-0.6,2025
318,Tre Mann,24,CHO,PG,53,1,12.6,2.1,5.7,0.36,0.9,2.9,0.323,1.1,2.8,0.399,0.442,0.4,0.5,0.852,0.4,1.4,1.7,1.6,0.5,0.1,1,1.3,5.5,,669,8.3,0.462,0.512,0.089,3.4,11.9,7.8,18.7,1.9,0.7,14.6,23.3,-0.8,0.7,0,-0.003,-4.5,-0.8,-5.3,-0.5,2025
319,Chris Mañon,24,LAL,SG,9,0,5.1,0.2,0.7,0.333,0,0.3,0,0.2,0.3,0.667,0.333,0.3,0.4,0.75,0.2,0.9,1.1,0.3,0.6,0.2,0.1,0.7,0.8,,46,11.7,0.451,0.5,0.667,5.3,19.7,12.7,7.8,5.3,4,11.4,8.3,0,0.1,0.1,0.115,-4.6,4.7,0.1,0,2025
320,Lauri Markkanen,28,UTA,PF,42,42,34.4,9.1,19.2,0.477,2.7,7.7,0.355,6.4,11.5,0.559,0.548,5.7,6.4,0.896,2,4.9,6.9,2.1,1,0.5,1.5,1.8,26.7,,1443,21.1,0.608,0.402,0.333,6.1,15.7,10.8,10.1,1.4,1.4,6.4,28.1,3.2,0.3,3.5,0.118,4.6,-2,2.6,1.6,2025
321,ji Marshall,28,DAL,SF,74,47,29.5,5.7,11.1,0.51,0.8,2.9,0.291,4.8,8.2,0.587,0.548,3.1,4.1,0.76,0.9,3.8,4.7,3.3,1.1,0.1,1.6,1.9,15.2,,2184,15.4,0.592,0.259,0.365,3.2,13.6,8.4,16.4,1.8,0.2,11.1,20.5,2.5,1.8,4.3,0.095,-0.7,0.1,-0.6,0.8,2025
322,Alijah Martin,24,TOR,SG,23,0,6.3,0.7,2.2,0.32,0.2,0.9,0.19,0.5,1.3,0.414,0.36,0.7,0.8,0.789,0.4,0.5,0.9,0.5,0.3,0.2,0.3,0.5,2.2,,146,9.2,0.437,0.42,0.38,6.9,9.4,8.2,10.6,2.7,2.6,12.1,19.5,-0.2,0.2,0,0.015,-4.6,0.2,-4.3,-0.1,2025
323,Caleb Martin,30,DAL,SF,58,12,14.8,1.5,3.3,0.45,0.3,1,0.351,1.1,2.3,0.492,0.503,0.6,1.1,0.607,0.5,2,2.5,1.4,0.7,0.3,0.7,1.5,3.9,,856,9.3,0.526,0.302,0.323,3.5,14.1,8.8,12.4,2.2,1.5,15.6,12.5,-0.1,0.9,0.9,0.048,-4,1.7,-2.2,0,2025
324,Cody Martin,30,IND,SF,4,0,13.8,0.5,2.5,0.2,0,1.3,0,0.5,1.3,0.4,0.2,0.8,1.5,0.5,0.3,3.3,3.5,0.5,1,0.5,1,1.3,1.8,,55,3,0.277,0.5,0.6,1.9,26.3,13.8,4.5,3.5,3.1,24,12.8,-0.2,0.1,-0.1,-0.103,-10.1,2.1,-8,-0.1,2025
325,Tyrese Martin,26,2TM,SG,46,6,16.9,2.4,6,0.394,1.2,3.6,0.321,1.2,2.4,0.5,0.489,0.4,0.6,0.679,0.7,1.8,2.5,1.7,0.5,0.1,0.9,0.7,6.3,,777,10.3,0.501,0.596,0.101,4.8,12.9,8.6,15.6,1.6,0.7,12.1,18.4,-0.3,0.4,0.1,0.006,-2,-1.4,-3.4,-0.3,2025
326,Jahmai Mashack,23,MEM,SG,31,7,21.7,2.5,6.3,0.395,0.6,2.4,0.253,1.9,3.9,0.483,0.444,0.6,1.1,0.543,0.7,1.9,2.6,2.2,1.2,0.5,1.6,2.2,6.2,,673,7,0.456,0.385,0.179,3.6,9.5,6.5,13.8,2.6,1.9,18.9,16,-1,0.5,-0.5,-0.036,-6.1,-0.9,-7,-0.8,2025
327,Garrison Mathews,29,IND,SG,15,1,13.1,1.4,3.5,0.404,1.1,3.1,0.37,0.3,0.4,0.667,0.567,1.3,1.5,0.826,0.1,1,1.1,0.7,0.4,0.2,0.2,1.3,5.2,,196,11.2,0.628,0.885,0.442,1.1,8.5,4.7,6.9,1.5,1.3,4.6,14.1,0.3,0.1,0.4,0.097,-1.3,0,-1.3,0,2025
328,Bennedict Mathurin,23,2TM,SF,54,25,30,5.4,12.5,0.43,1.4,4.4,0.315,4,8.1,0.492,0.485,5.4,6.2,0.869,1,4.4,5.4,2.4,0.8,0.2,2.2,2.5,17.6,,1620,14.7,0.575,0.352,0.496,3.9,16.5,10.2,12,1.3,0.7,12.5,25.2,1,1.1,2.1,0.062,-1.1,-1.4,-2.5,-0.2,2025
329,Karlo Matković,24,NOP,PF,62,2,14.7,2.3,3.8,0.604,0.6,1.5,0.422,1.7,2.3,0.717,0.685,0.5,0.7,0.732,1.2,2.5,3.7,0.8,0.4,0.9,0.5,1.7,5.7,,912,16.5,0.696,0.383,0.174,8.4,18.8,13.5,7.7,1.3,5.6,11.8,13.1,1.8,0.9,2.7,0.141,0.2,0.4,0.7,0.6,2025
330,Tyrese Maxey,25,PHI,PG,70,70,38,9.9,21.4,0.462,3.1,8.6,0.367,6.8,12.9,0.525,0.536,5.3,6,0.892,0.3,3.8,4.1,6.6,1.9,0.8,2.4,2.2,28.3,"CPOY-7,AS,NBA3",2661,21.9,0.588,0.399,0.278,1,11,5.9,28.9,2.4,1.9,9.2,29.4,5.9,2.8,8.7,0.156,5,0.5,5.4,4.9,2025
331,Bez Mbeng,22,UTA,SG,15,5,32.8,3.3,6.7,0.5,0.4,2.1,0.194,2.9,4.6,0.638,0.53,1.1,1.7,0.64,1.2,2.6,3.8,4.1,2.3,0.3,1.5,3.1,8.1,,492,10.5,0.55,0.31,0.25,3.9,8.8,6.3,16.2,3.2,1,16.5,11.1,0.2,0.2,0.5,0.047,-5,0.1,-4.9,-0.4,2025
332,Miles McBride,25,NYK,SG,41,15,26.3,4.2,9.9,0.423,2.7,6.6,0.413,1.4,3.2,0.444,0.562,0.9,1.1,0.787,0.6,1.9,2.4,2.6,0.9,0.2,0.8,1.7,12,,1080,13.1,0.578,0.671,0.116,2.5,7.9,5.2,13.5,1.6,0.9,7.2,18.2,1.6,1.1,2.7,0.119,1,0.2,1.2,0.9,2025
333,Jared McCain,21,2TM,SG,67,3,17.3,3,7.2,0.425,1.5,3.8,0.385,1.6,3.3,0.471,0.528,0.8,0.9,0.864,0.3,1.7,2,1.3,0.5,0.1,0.8,1.2,8.3,,1160,11.6,0.551,0.535,0.123,2.2,10.6,6.4,11,1.5,0.4,10,20.7,0.2,1.2,1.5,0.06,-1.6,-0.8,-2.4,-0.1,2025
334,Mac McClung,27,2TM,SG,11,0,12.3,2.1,5.4,0.39,0.6,2.7,0.233,1.5,2.6,0.552,0.449,1.3,1.6,0.778,0.2,0.7,0.9,0.9,1,0.3,0.8,1.7,6.1,,135,10.4,0.501,0.508,0.305,1.6,6.4,4,10.4,3.8,1.9,11.9,23.6,-0.2,0.1,0,-0.007,-5.6,0.5,-5.1,-0.1,2025
335,CJ McCollum,34,2TM,PG,76,60,29.8,6.9,15.2,0.455,2.5,6.7,0.375,4.4,8.5,0.519,0.538,2.4,3.1,0.772,0.8,2.5,3.3,3.9,0.8,0.5,1.8,1.9,18.7,,2264,15.9,0.566,0.442,0.205,2.9,9.2,6,19.7,1.3,1.4,9.7,25.7,1.9,1,3,0.063,1.4,-1.7,-0.3,1,2025
336,T.J. McConnell,33,IND,PG,56,4,17.2,4.3,8,0.538,0.3,0.9,0.32,4,7.1,0.565,0.556,0.4,0.5,0.862,0.4,1.8,2.2,5.1,1,0.2,1.1,1.1,9.4,,963,20.5,0.567,0.111,0.064,2.4,11.8,7,50,2.8,0.9,12.1,23.2,1.8,0.8,2.6,0.132,2.1,0.4,2.5,1.1,2025
337,Kevin McCullar Jr.,24,NYK,SF,21,0,7.4,1,2.2,0.426,0.4,1.1,0.333,0.6,1.1,0.522,0.511,0.1,0.2,0.4,0.5,0.8,1.3,1,0.4,0,0.6,1,2.4,,155,9.9,0.508,0.511,0.106,7.9,12.3,10.1,17,2.9,0,19.6,16.9,0,0.2,0.2,0.059,-3.7,1,-2.8,0,2025
338,Jaden McDaniels,25,MIN,PF,73,73,31.7,5.7,11.1,0.515,1.4,3.4,0.412,4.3,7.7,0.562,0.579,2,2.4,0.835,1,3.2,4.2,2.7,1.1,1,1.8,3.3,14.8,,2316,14,0.611,0.309,0.218,3.7,10.9,7.4,12.2,1.7,2.7,12.9,18.5,2.5,2.7,5.2,0.109,-0.9,0.6,-0.3,1,2025
339,Doug McDermott,34,SAC,SF,29,0,15.1,1.9,4.8,0.388,1.7,4.2,0.39,0.2,0.6,0.375,0.561,0.3,0.3,0.889,0.2,1,1.3,0.8,0.2,0.1,0.4,1,5.7,,439,8.6,0.574,0.885,0.065,1.7,7.9,4.7,6.8,0.7,0.8,8.3,15.1,0.2,-0.1,0.2,0.018,-1.4,-3,-4.4,-0.3,2025
340,Bryce McGowens,23,NOP,SG,42,13,21,2.7,5.6,0.481,0.9,2.2,0.409,1.8,3.4,0.528,0.561,1.8,2.3,0.779,0.3,1.8,2.1,1.5,0.6,0.2,0.4,2.1,8.1,,880,11.7,0.61,0.392,0.401,1.5,9.4,5.4,9.5,1.5,0.9,5.7,14,1.4,0.3,1.7,0.094,-2,-0.9,-2.9,-0.2,2025
341,Jordan McLaughlin,29,SAS,PG,44,0,6.4,0.8,1.8,0.418,0.4,0.9,0.425,0.4,0.9,0.41,0.525,0.1,0.2,0.857,0.2,0.6,0.7,0.9,0.5,0,0.3,0.3,2,,282,12,0.542,0.506,0.089,2.7,9.3,6.1,17.2,3.4,0.6,15.5,14.5,0.1,0.5,0.6,0.1,-1.9,2.5,0.6,0.2,2025
342,Liam McNeeley,20,CHO,SF,31,0,11.9,1.2,3.1,0.4,0.8,1.9,0.4,0.5,1.1,0.4,0.526,1,1.3,0.821,0.4,1.9,2.4,0.8,0.2,0.1,0.4,1.2,4.3,,368,10.6,0.588,0.632,0.411,4.1,18.1,11.2,8.7,0.7,0.8,10.4,14.4,0.5,0.4,0.9,0.112,-1.3,0,-1.3,0.1,2025
343,De'Anthony Melton,27,GSW,PG,49,24,23,4.4,10.8,0.407,1.5,5,0.294,2.9,5.8,0.505,0.475,2,2.5,0.826,0.8,2.4,3.2,2.6,1.6,0.4,1.9,1.9,12.3,,1125,13.4,0.518,0.464,0.229,3.8,12,7.8,16.9,3.3,1.6,13.5,25.4,-0.7,1.5,0.7,0.031,-2.6,0.1,-2.5,-0.1,2025
344,Sam Merrill,29,CLE,SG,52,38,26.5,4.3,9.3,0.461,3,7.2,0.421,1.3,2.1,0.596,0.624,1.1,1.3,0.855,0.5,2,2.6,2.4,0.6,0.1,0.8,2.4,12.8,,1377,13.6,0.644,0.775,0.143,2.2,8.4,5.3,12.3,1.2,0.5,7.5,17,2.8,0.9,3.7,0.127,1,-1,0.1,0.7,2025
345,Khris Middleton,34,2TM,SF,63,50,22.8,3.6,8.6,0.42,1.1,3,0.36,2.5,5.6,0.452,0.482,1.9,2.2,0.875,0.8,2.9,3.7,2.8,0.7,0.1,1.7,2.3,10.2,,1439,10.9,0.533,0.344,0.252,3.8,13.4,8.6,17.3,1.3,0.5,15.3,20.6,-0.3,0.5,0.3,0.008,-2.8,-1.5,-4.4,-0.9,2025
346,Brandon Miller,23,CHO,SF,65,65,30.3,7,16.1,0.435,3.1,8.2,0.383,3.8,7.9,0.489,0.533,3.1,3.4,0.892,1.1,3.8,4.9,3.3,1,0.7,2.5,2.8,20.2,,1968,16.8,0.574,0.511,0.214,4.1,14,9.2,17.8,1.7,2.1,12.5,28.1,2.1,2.4,4.5,0.109,1.7,-0.1,1.6,1.8,2025
347,Emanuel Miller,25,CHI,PF,5,0,6.6,1.2,2.6,0.462,0.4,1.2,0.333,0.8,1.4,0.571,0.538,0.2,0.4,0.5,0.2,0.4,0.6,0.8,0.4,0,0,0.4,3,,33,15,0.54,0.462,0.154,3.3,6.4,4.8,17.4,2.8,0,0,17.5,0.1,0,0.1,0.111,1.6,0.9,2.5,0,2025
348,Jordan Miller,26,LAC,SF,60,1,22.1,3.5,6.7,0.531,0.6,1.8,0.345,2.9,4.8,0.602,0.579,2.3,2.9,0.777,0.8,2.2,3,2.3,0.8,0.2,1.1,1,10,,1325,15.9,0.628,0.276,0.439,4.5,11.3,8,15.1,1.7,0.8,11.7,18,2.5,1,3.5,0.125,0.6,-0.4,0.2,0.8,2025
349,Leord Miller,22,2TM,SF,46,12,15.6,3.2,5.7,0.553,0.7,2.2,0.323,2.5,3.5,0.693,0.615,0.8,1.2,0.736,1.2,2.8,3.9,0.9,0.4,0.3,0.8,1.4,7.8,,719,15.9,0.633,0.378,0.202,8.1,18.6,13.4,8.2,1.1,1.8,11.2,18.7,1,0.6,1.6,0.105,-0.2,-1.1,-1.3,0.1,2025
350,Riley Minix,25,2TM,SF,9,0,6.4,1.6,2.6,0.609,0.4,1.3,0.333,1.1,1.2,0.909,0.696,0.3,0.3,1,0.2,0.4,0.7,0.6,0.2,0.1,0.3,0.6,3.9,,58,19.1,0.72,0.522,0.13,3.8,7.5,5.6,14.1,1.7,1.6,11,19.8,0.1,0.1,0.2,0.162,1.9,-0.1,1.8,0.1,2025
351,Josh Minott,23,2TM,PF,49,11,17,2.6,5.1,0.5,1.3,3.1,0.418,1.3,2,0.626,0.627,1,1.2,0.787,1,2.2,3.2,0.9,0.9,0.5,0.9,1.5,7.4,,834,16,0.653,0.607,0.242,6.4,14.8,10.6,7.9,2.6,2.8,13.4,16.8,1.2,1.2,2.4,0.139,1.4,1.1,2.5,1,2025
352,Yves Missi,21,NOP,C,66,14,19.7,2.4,4.5,0.544,0,0,0,2.4,4.4,0.546,0.544,0.9,1.5,0.559,2.8,3.1,5.8,1.3,0.3,1.5,0.8,1.7,5.7,,1297,15,0.556,0.003,0.347,15,17,16,8.6,0.7,7.4,13.7,12.6,1.6,1.1,2.7,0.098,-1.4,-0.3,-1.7,0.1,2025
353,Ajay Mitchell,23,OKC,SG,57,16,25.8,5,10.4,0.485,1.1,3.1,0.347,3.9,7.3,0.543,0.536,2.5,2.8,0.87,0.7,2.6,3.3,3.6,1.2,0.3,1.4,2.1,13.6,6MOY-5,1473,16.8,0.585,0.298,0.275,3.1,10.6,7,20.1,2.3,1.2,10.9,21.8,2.2,2.6,4.8,0.156,0.3,1.6,1.9,1.4,2025
354,Davion Mitchell,27,MIA,PG,70,70,28.6,3.7,7.6,0.49,1.3,3.3,0.395,2.4,4.4,0.561,0.574,0.6,0.9,0.646,0.5,2.2,2.7,6.5,1,0.2,1.5,2.6,9.3,,2000,12.1,0.582,0.428,0.122,1.6,8,4.8,29.1,1.6,0.5,16.1,13.6,2.6,1.7,4.3,0.104,-1.3,0.4,-0.9,0.6,2025
355,Donovan Mitchell,29,CLE,SG,70,70,33.5,9.7,20,0.483,3.2,8.8,0.364,6.5,11.2,0.577,0.563,5.3,6.1,0.865,0.7,3.8,4.5,5.7,1.5,0.3,2.8,2.3,27.9,"MVP-7,AS,NBA2",2342,22.9,0.613,0.439,0.306,2.4,12.4,7.4,27.9,2.1,0.8,11.1,32.2,5.8,2.4,8.2,0.169,5.2,-0.2,5.1,4.2,2025
356,Evan Mobley,24,CLE,PF,65,63,31.9,7.2,13.2,0.546,1,3.2,0.297,6.3,10,0.626,0.582,2.8,4.6,0.606,2.4,6.6,9,3.6,0.7,1.7,1.9,2.4,18.2,,2074,20,0.596,0.243,0.346,8.3,22.7,15.5,16.8,1.1,5.2,11,22.6,3.6,2.9,6.5,0.15,1.8,1.2,3,2.6,2025
357,Jothan Mogbo,24,TOR,PF,40,0,6.2,0.7,1.1,0.591,0,0,0,0.7,1.1,0.605,0.591,0.2,0.4,0.643,0.5,1.2,1.7,0.6,0.3,0.2,0.4,0.7,1.5,,249,12.8,0.608,0.023,0.318,8.6,22.5,15.5,12.9,2.2,3.1,21.8,11.1,0.2,0.4,0.6,0.12,-2.6,1.9,-0.7,0.1,2025
358,Malik Monk,27,SAC,SG,62,3,22,4.5,10.2,0.438,2,5.1,0.395,2.5,5.1,0.481,0.536,1.5,1.7,0.879,0.2,1.6,1.9,3,0.6,0.4,1.5,1.6,12.5,,1364,14.2,0.568,0.497,0.169,1.2,8.6,4.8,20.6,1.3,1.6,11.8,24,0.8,0.2,1,0.034,0.8,-2.1,-1.3,0.2,2025
359,Moses Moody,23,GSW,SG,60,49,25.7,4.1,9.3,0.44,2.5,6.3,0.401,1.6,3,0.522,0.575,1.5,1.9,0.77,0.9,2.5,3.3,1.6,1,0.6,1,2,12.1,,1540,13.5,0.6,0.677,0.203,3.6,11,7.2,9.2,1.8,2,8.6,18.3,1.7,1.4,3.1,0.096,0.2,-0.3,-0.1,0.7,2025
360,Wendell Moore Jr.,24,DET,SG,6,0,10,0.7,1.2,0.571,0,0.2,0,0.7,1,0.667,0.571,0.3,0.3,1,0.2,0.8,1,0.7,0.3,0.3,0.2,0.5,1.7,,60,8.9,0.635,0.143,0.286,1.9,9.2,5.6,8,1.6,3.3,11.3,6.2,0.1,0.1,0.1,0.116,-3,1.8,-1.3,0,2025
361,Alex Morales,28,ORL,PG,4,0,6,0.8,1.8,0.429,0,0.3,0,0.8,1.5,0.5,0.429,0.5,0.5,1,0.3,0.5,0.8,1,0,0,1,1.8,2,,24,0.9,0.508,0.143,0.286,4.6,9.4,7,23.1,0,0,33.7,20.9,-0.1,0,-0.1,-0.104,-12.2,-3.8,-16,-0.1,2025
362,Ja Morant,26,MEM,PG,20,20,28.5,6.6,16.1,0.41,1,4.3,0.235,5.6,11.9,0.473,0.441,5.3,5.9,0.897,0.4,2.9,3.3,8.1,1,0.3,3.6,2,19.5,,569,16.6,0.521,0.264,0.363,1.5,11,6.2,45.1,1.7,1,16,32.5,0,0.3,0.3,0.024,0.5,-2,-1.5,0.1,2025
363,Monte Morris,30,IND,PG,6,0,10.8,1.2,3.3,0.35,0.3,1.3,0.25,0.8,2,0.417,0.4,0.3,0.7,0.5,0.2,1,1.2,1.5,0.2,0.2,0.3,0.5,3,,65,6.9,0.414,0.4,0.2,1.6,10.3,5.9,18.7,0.7,1.3,8.4,15.5,-0.1,0,0,-0.028,-4.5,-1.4,-5.9,-0.1,2025
364,Trey Murphy III,25,NOP,SF,66,66,35.5,7.5,15.9,0.47,3.2,8.6,0.379,4.2,7.3,0.577,0.572,3.3,3.7,0.886,1,4.8,5.7,3.8,1.5,0.4,1.8,2.1,21.5,,2341,18.3,0.613,0.538,0.234,2.9,14.6,8.7,16.2,2,1,9.4,22.7,4.5,1.6,6,0.123,3,-0.6,2.4,2.6,2025
365,Dejounte Murray,29,NOP,PG,14,14,27.8,6.3,13,0.484,1.4,4.4,0.306,4.9,8.6,0.575,0.536,2.8,3.2,0.867,0.3,5.1,5.4,6.4,1.6,0.2,3.4,2.4,16.7,,389,18.1,0.58,0.341,0.247,1.1,19.9,10.4,35.4,2.8,0.7,18.9,26.6,0.2,0.4,0.6,0.072,0.8,0.5,1.4,0.3,2025
366,Jamal Murray,28,DEN,PG,75,75,35.4,8.8,18.1,0.483,3.3,7.5,0.435,5.5,10.6,0.517,0.573,4.6,5.2,0.887,0.4,4,4.4,7.1,0.9,0.4,2.3,1.7,25.4,"CPOY-2,AS,NBA3",2652,21.8,0.622,0.414,0.287,1.4,12,7,31.1,1.2,1,10,27.9,7.8,1.7,9.5,0.173,5.5,-1.4,4.1,4.1,2025
367,Keegan Murray,25,SAC,PF,23,22,34.5,5.5,13,0.42,1.3,4.9,0.277,4.1,8.2,0.505,0.472,1.7,2.1,0.776,1.4,4.3,5.7,1.7,1,1.6,1.2,1.8,14,,793,11.7,0.499,0.373,0.163,4.5,14.4,9.3,6.8,1.5,4.2,7.7,18.7,-0.2,0.4,0.2,0.011,-2,-1,-3.1,-0.2,2025
368,Kris Murray,25,POR,SF,57,15,23.4,2.3,4.8,0.467,0.6,2.1,0.279,1.7,2.7,0.617,0.529,0.7,1,0.684,1.6,2,3.6,1.4,0.9,0.4,0.8,1.6,5.8,,1333,9.6,0.55,0.442,0.207,7.2,9.6,8.4,8.1,1.8,1.5,13.5,10.6,0.9,1.3,2.2,0.079,-2.3,0.8,-1.5,0.2,2025
369,Collin Murray-Boyles,20,TOR,PF,57,22,21.9,3.5,6,0.579,0.3,0.9,0.34,3.2,5.1,0.62,0.604,1.2,1.9,0.657,2.3,2.7,5,1.9,0.9,0.9,1,2.6,8.5,,1246,16.4,0.621,0.146,0.316,12,14,13,11.7,2,4.1,13.2,15.5,2.1,1.9,4,0.154,-0.5,1.5,1,1,2025
370,Svi Mykhailiuk,28,UTA,SF,50,41,23.1,3.5,7.2,0.478,2,4.8,0.408,1.5,2.4,0.615,0.613,0.5,0.6,0.893,0.7,1.8,2.5,1.9,0.5,0.1,0.8,1.3,9.4,,1156,11.4,0.626,0.663,0.077,3.3,8.4,5.8,11,1.1,0.3,10.1,14.8,1.3,-0.2,1.1,0.048,0.3,-2,-1.7,0.1,2025
371,Larry nce Jr.,33,CLE,PF,35,3,12.8,1.5,3.5,0.419,0.6,1.8,0.333,0.9,1.7,0.508,0.504,0.2,0.4,0.462,0.8,1.8,2.7,1,0.6,0.2,0.6,1.6,3.7,,449,9.5,0.505,0.508,0.105,7.1,15.6,11.4,9.7,2.2,1.3,13.4,14,0,0.5,0.6,0.06,-3.9,0.5,-3.4,-0.2,2025
372,Pete nce,25,MIL,PF,47,6,15.7,2.1,4.1,0.515,1.1,2.5,0.42,1.1,1.6,0.667,0.644,0.1,0.2,0.364,0.6,2.1,2.7,1,0.3,0.3,0.6,1.3,5.4,,737,11.6,0.639,0.613,0.057,4.2,14.9,9.6,9.2,0.9,1.9,11.6,13.5,0.8,0.4,1.1,0.072,-1,-1.2,-2.3,-0.1,2025
373,Grant Nelson,23,BRK,PF,4,0,8.8,1.3,2.3,0.556,0,0,,1.3,2.3,0.556,0.556,1.8,2.5,0.7,0.3,1.3,1.5,1.3,0.3,1.3,1,1.5,4.3,,35,17.6,0.634,0,1.111,3.1,17.6,10,22.5,1.4,13.3,23,21.7,0,0.1,0.1,0.098,-2.6,4.8,2.2,0,2025
374,Andrew Nembhard,26,IND,PG,57,57,31.3,5.8,13.2,0.442,1.9,5.2,0.361,4,8,0.495,0.513,3.4,4.1,0.825,0.4,2.4,2.8,7.7,0.9,0.1,2.4,2.2,16.9,,1786,15.7,0.564,0.393,0.311,1.5,8.4,4.9,37,1.4,0.4,13.8,23.6,2.2,0.7,2.8,0.077,1.1,-1.9,-0.8,0.6,2025
375,Ryan Nembhard,22,DAL,PG,60,27,19.5,2.7,6.5,0.415,0.8,2.3,0.356,1.9,4.3,0.447,0.477,0.4,0.5,0.806,0.2,2,2.2,5.3,0.4,0,1.4,1.4,6.6,,1171,10.9,0.492,0.346,0.079,1.2,10.8,6,37.2,1,0.1,17.4,17.5,0.1,0.7,0.8,0.031,-2.4,-1.7,-4.1,-0.6,2025
376,Aaron Nesmith,26,IND,SF,45,42,29.7,4.7,11.4,0.414,2.3,6.2,0.379,2.4,5.2,0.455,0.517,2,2.5,0.829,1.1,3.1,4.2,1.9,0.6,0.5,1.4,2.8,13.8,,1335,10.8,0.554,0.541,0.217,3.8,11.6,7.6,9.4,0.9,1.5,10.1,19.8,0.1,0.6,0.7,0.026,-1.7,-1.6,-3.4,-0.5,2025
377,Asa Newell,20,ATL,PF,44,2,11.4,2.1,3.8,0.538,0.7,1.7,0.387,1.4,2.1,0.66,0.624,0.4,0.7,0.552,1,1.2,2.2,0.6,0.4,0.3,0.5,1.5,5.2,,500,14.2,0.624,0.444,0.172,9.4,11.5,10.4,7.2,1.5,2.7,11.2,17.1,0.6,0.6,1.2,0.113,-1,-0.5,-1.5,0.1,2025
378,Tristen Newton,24,HOU,SG,1,0,12,4,9,0.444,2,5,0.4,2,4,0.5,0.556,2,3,0.667,2,1,3,0,1,0,0,0,12,,12,32.8,0.581,0.556,0.333,18.7,9.1,13.9,0,4.2,0,0,36.2,0.1,0,0.1,0.28,8.5,0,8.4,0,2025
379,Zeke Nji,25,DEN,PF,52,4,12,1.4,2.9,0.47,0.3,1,0.259,1.1,1.9,0.588,0.517,0.7,0.8,0.773,0.6,2,2.6,0.6,0.3,0.5,0.5,1.4,3.7,,626,10.3,0.558,0.358,0.291,6.2,17.6,12.2,5.9,1.3,3.6,13.7,13.7,0.2,0.7,0.9,0.066,-3.6,0,-3.5,-0.3,2025
380,Jusuf Nurkić,31,UTA,C,41,36,26.4,4.4,8.7,0.503,0.6,1.7,0.352,3.8,7,0.54,0.538,1.5,2.8,0.549,2.6,7.8,10.4,4.8,1.3,0.5,2.5,3.3,10.9,,1083,16.4,0.548,0.198,0.316,10.3,32.6,21.2,25.4,2.3,2,19.9,19.3,0.4,1.1,1.5,0.068,-0.5,1.6,1.1,0.9,2025
381,Royce O'Neale,32,PHO,SF,78,67,28.4,3.4,8,0.421,2.7,6.7,0.408,0.7,1.3,0.486,0.59,0.3,0.5,0.711,0.8,4,4.8,2.7,1.1,0.4,1.3,2.3,9.8,,2213,11.6,0.596,0.832,0.061,2.9,16.3,9.3,12.8,1.9,1.4,13.8,14.3,1.9,2.7,4.6,0.1,-0.3,1,0.7,1.5,2025
382,Josh Oduro,25,NOP,PF,3,1,27.3,3.7,5.7,0.647,0,0.7,0,3.7,5,0.733,0.647,1,2,0.5,3.7,4,7.7,1.3,0,0,0.7,4.7,8.3,,82,11.8,0.636,0.118,0.353,14.3,15.9,15.1,6.6,0,0,9.2,11,0.2,0,0.2,0.109,-3.5,-4.3,-7.7,-0.1,2025
383,Toby Okani,24,MEM,SG,6,4,36.2,4.2,11.7,0.357,1.5,5.2,0.29,2.7,6.5,0.41,0.421,0.2,1.3,0.125,1.5,2,3.5,1,0.7,0.5,0.5,3.3,10,,217,4.1,0.408,0.443,0.114,4.4,6.1,5.2,3.7,0.9,1.3,3.9,14.7,-0.3,0,-0.2,-0.052,-6.8,-3.9,-10.7,-0.5,2025
384,Josh Okogie,27,HOU,SG,78,32,17.4,1.6,3.8,0.425,0.8,2.1,0.385,0.8,1.7,0.474,0.531,0.5,0.9,0.594,1,1.5,2.6,0.9,0.8,0.2,0.5,1.4,4.5,,1354,9.9,0.544,0.548,0.235,6.7,9.6,8.2,6.4,2.3,1.1,11.2,11.3,1.1,1.6,2.7,0.095,-2.3,1.1,-1.2,0.3,2025
385,Onyeka Okongwu,25,ATL,C,74,63,31,5.6,11.6,0.48,1.9,5.2,0.376,3.6,6.4,0.564,0.564,2.1,2.7,0.757,1.9,5.7,7.6,3.1,1.1,1.1,1.7,3.3,15.2,,2297,15.9,0.592,0.445,0.235,6.5,20.3,13.3,13.9,1.7,3.1,11.8,19.5,2.6,3.3,6,0.125,-0.1,0.8,0.7,1.6,2025
386,Isaac Okoro,25,CHI,SG,63,62,26.9,3.3,7.3,0.46,1.2,3.5,0.33,2.2,3.8,0.58,0.539,1.4,1.8,0.795,1.1,1.7,2.7,1.6,0.7,0.5,0.7,2.6,9.3,,1695,9.8,0.574,0.481,0.244,4.4,6.4,5.4,7.8,1.3,1.5,8.3,13.6,1.4,0.7,2.2,0.061,-3,-0.8,-3.8,-0.8,2025
387,Lachlan Olbrich,22,CHI,C,37,2,9.3,1,2.1,0.468,0.1,0.5,0.105,0.9,1.6,0.586,0.481,0.4,1.1,0.375,1.2,1.8,3,1.1,0.3,0.2,0.4,1.3,2.4,,344,12,0.47,0.247,0.519,14.1,20.4,17.3,15.8,1.6,2,14.5,13.4,0.2,0.3,0.5,0.075,-3.3,-0.2,-3.4,-0.1,2025
388,Kelly Olynyk,34,SAS,C,42,0,8.6,1.1,2.3,0.49,0.3,1.1,0.255,0.8,1.2,0.714,0.552,0.6,0.9,0.711,0.6,1.2,1.8,1.2,0.4,0.1,0.6,0.9,3.2,,360,13.5,0.59,0.49,0.396,7.4,15.1,11.3,17.6,2,0.7,17.6,16,0.4,0.6,1,0.13,-1.3,1.3,-0.1,0.2,2025
389,Norchad Omier,24,LAC,PF,6,0,4,1.2,1.7,0.7,0,0.2,0,1.2,1.5,0.778,0.7,0.5,0.5,1,0.7,0.5,1.2,0.3,0.2,0,0,0.7,2.8,,24,31.5,0.751,0.1,0.3,19.9,14.2,17,15.2,2.1,0,0,20.9,0.2,0,0.2,0.38,6.2,-0.1,6,0,2025
390,Kelly Oubre Jr.,30,PHI,SF,50,41,31.5,5.1,10.9,0.467,1.7,4.8,0.36,3.4,6.1,0.551,0.546,2.2,2.9,0.766,1,4,5,1.6,1.4,0.5,1.4,2.5,14.1,,1574,13,0.58,0.439,0.267,3.4,14.2,8.7,7.3,2.1,1.4,10.2,18.2,1.1,1.6,2.7,0.083,-1.3,-0.1,-1.4,0.2,2025
391,Chris Paul,40,LAC,PG,16,0,14.3,1.1,3.5,0.321,0.6,1.9,0.333,0.5,1.6,0.308,0.411,0.1,0.1,0.5,0.4,1.4,1.8,3.3,0.7,0,1,1.4,2.9,,228,8.1,0.413,0.536,0.036,3.1,10.9,7.1,30.6,2.4,0,22,14.2,-0.1,0.2,0.1,0.017,-4,-0.2,-4.2,-0.1,2025
392,Cameron Payne,31,PHI,PG,22,1,17,2.5,6.8,0.376,1.5,4.4,0.33,1.1,2.4,0.462,0.483,0.9,1,0.864,0.1,1.9,2,2.6,1.1,0.3,0.5,1.4,7.4,,374,14.4,0.514,0.651,0.148,0.9,12.1,6.4,21.8,3.1,1.8,6.5,19.2,0.4,0.5,0.8,0.106,-0.7,1,0.3,0.2,2025
393,Gary Payton II,33,GSW,SG,73,1,15.6,3.3,5.7,0.583,0.5,1.7,0.291,2.8,3.9,0.712,0.628,0.4,0.5,0.65,1.4,2.2,3.6,1.7,0.9,0.3,0.8,1.8,7.5,,1142,18.3,0.632,0.306,0.096,9.7,16.3,12.9,16.9,2.8,1.7,12.5,18.4,2,1.5,3.5,0.149,0.7,1.3,1.9,1.1,2025
394,Micah Peavy,24,NOP,SG,61,4,15,1.7,4.5,0.385,0.5,1.8,0.259,1.3,2.7,0.467,0.436,0.4,0.5,0.759,0.8,1.2,1.9,1,0.7,0.1,0.3,1.6,4.3,,913,8.3,0.455,0.393,0.105,5.4,8.5,6.9,8.8,2.3,0.9,6.5,14,-0.1,0.5,0.4,0.02,-4.4,-0.8,-5.2,-0.7,2025
395,Sean Pedulla,23,LAC,PG,7,0,4.4,0.7,2.1,0.333,0.4,1.4,0.3,0.3,0.7,0.4,0.433,0,0,,0,0.4,0.4,0.7,0,0,0.1,0.6,1.9,,31,6.6,0.433,0.667,0,0,11,5.6,23.8,0,0,6.3,22.9,0,0,0,-0.03,-6.9,-4.9,-11.8,-0.1,2025
396,Noah Penda,21,ORL,SF,59,2,12.8,1.4,3.4,0.404,0.5,1.6,0.323,0.9,1.9,0.473,0.478,0.6,0.8,0.688,1.1,2,3.2,1.2,0.5,0.3,0.7,1.2,3.8,,757,11.3,0.506,0.458,0.236,9.8,17.9,13.8,12.5,1.9,2.2,15.8,14.8,0.1,1,1.1,0.07,-2,0.6,-1.5,0.1,2025
397,Taelon Peter,23,IND,SG,38,0,12.9,1.6,4.2,0.38,1.1,3.3,0.328,0.5,0.9,0.576,0.509,0.3,0.4,0.625,0.3,1.3,1.6,1.1,0.7,0.1,0.7,1,4.5,,492,8.6,0.518,0.791,0.101,2.2,11.1,6.5,11.2,2.5,0.7,14.1,16.6,-0.4,0.4,0,-0.001,-4.1,-0.4,-4.6,-0.3,2025
398,Drew Peterson,26,CHO,PF,6,0,10.7,0.3,2.7,0.125,0,2,0,0.3,0.7,0.5,0.125,0.2,0.3,0.5,0.5,1,1.5,0.3,0.5,0.2,0,0.5,0.8,,64,0.6,0.148,0.75,0.125,5.4,10.4,7.9,3.8,2.3,1.4,0,11.2,-0.2,0.1,-0.1,-0.077,-8.3,-1.5,-9.8,-0.1,2025
399,Julian Phillips,22,2TM,SF,48,2,8.9,1.1,2.5,0.421,0.4,1.4,0.308,0.6,1.2,0.554,0.504,0.4,0.5,0.783,0.5,0.5,1,0.2,0.5,0.1,0.2,0.9,2.9,,428,9.3,0.534,0.537,0.19,5.8,6.4,6.1,3.1,2.4,1.4,7.7,13.9,0.1,0.3,0.5,0.051,-3.3,-0.3,-3.6,-0.2,2025
400,Jalen Pickett,26,DEN,SG,50,18,16.1,2,4.6,0.422,1,2.5,0.386,1,2.1,0.467,0.528,0.3,0.4,0.789,0.4,1.9,2.3,2.3,0.3,0.1,0.7,0.8,5.2,,807,10.3,0.541,0.547,0.082,2.6,12.7,7.9,18.4,0.8,0.6,12.4,14.8,0.6,0.4,1,0.059,-1.1,-1.1,-2.3,-0.1,2025
401,Scotty Pippen Jr.,25,MEM,PG,10,6,21.2,4.3,9.6,0.448,1,3.2,0.313,3.3,6.4,0.516,0.5,1.8,2.3,0.783,0.8,1.4,2.2,4.7,1.9,0.4,2.7,3.1,11.4,,212,14.7,0.537,0.333,0.24,4,7.3,5.6,33.8,4.2,1.7,20.3,26.1,-0.1,0.2,0.1,0.025,-2.5,-0.3,-2.8,0,2025
402,Daeqwon Plowden,27,SAC,SG,32,7,26.4,3.8,8.7,0.43,1.9,5.8,0.333,1.8,2.9,0.624,0.541,1.3,1.5,0.857,1,2,3,1.3,0.7,0.2,0.8,2.4,10.8,,844,10.7,0.572,0.667,0.176,4.2,8.7,6.4,6.7,1.3,0.8,8,16.4,0.7,0.1,0.8,0.043,-2.1,-2.3,-4.4,-0.5,2025
403,Mason Plumlee,35,2TM,C,20,3,8.6,0.6,0.7,0.786,0,0,,0.6,0.7,0.786,0.786,0.5,0.7,0.643,0.9,1.8,2.7,1,0.5,0,0.6,0.9,1.6,,172,13,0.769,0,1,11.2,23,17.2,14.7,2.8,0,37.3,7.9,0.2,0.3,0.5,0.146,-2,2.6,0.5,0.1,2025
404,Brandin Podziemski,22,GSW,SG,82,43,28.5,4.8,10.6,0.455,1.9,5,0.371,2.9,5.5,0.531,0.543,2.3,2.9,0.797,0.9,4.2,5.1,3.7,1.1,0.2,1.6,1.7,13.8,,2333,15,0.583,0.476,0.278,3.4,16.9,10,19.2,1.8,0.6,11.9,20.1,2.8,2.3,5.1,0.105,0.3,-0.1,0.2,1.3,2025
405,Jakob Poeltl,30,TOR,C,46,44,25,4.7,6.7,0.7,0,0,,4.7,6.7,0.7,0.7,1.3,2.1,0.602,2.5,4.5,7,2,0.9,0.7,1.2,3.2,10.7,,1149,18.1,0.698,0,0.316,11.2,20.8,16,11.7,1.7,2.7,13.9,15.3,2.6,1.8,4.3,0.18,0.2,1.4,1.6,1,2025
406,Jordan Poole,26,NOP,PG,39,8,23.9,4.2,11.4,0.372,2.5,7.4,0.333,1.8,4,0.442,0.48,2.5,2.9,0.86,0.2,1.7,2,3.1,0.6,0.4,1.8,2.3,13.4,,933,11.5,0.53,0.649,0.257,1,7.9,4.4,18.3,1.1,1.5,12.3,25.1,0,0.2,0.2,0.01,-0.9,-2.6,-3.5,-0.4,2025
407,Craig Porter Jr.,25,CLE,PG,64,3,17.9,1.8,4,0.45,0.5,1.5,0.355,1.3,2.6,0.503,0.514,0.4,0.6,0.6,1.3,2.1,3.4,3.2,0.9,0.6,0.9,1.1,4.5,,1148,13.7,0.524,0.36,0.155,8.2,12.9,10.5,22.4,2.4,3.1,17.6,12.3,1.3,1.5,2.8,0.116,0,1.9,2,1.2,2025
408,Kevin Porter Jr.,25,MIL,PG,38,36,33.2,6.3,13.5,0.465,1.2,3.8,0.322,5.1,9.8,0.52,0.51,3.6,4.1,0.878,0.9,4.3,5.2,7.4,2.2,0.5,2.9,2.3,17.4,,1261,18.7,0.567,0.278,0.304,3.1,14.6,8.9,33.8,3.2,1.5,15.9,24.3,1.5,1.3,2.8,0.106,0.8,1.2,2.1,1.3,2025
409,Michael Porter Jr.,27,BRK,SF,52,52,32.5,8.5,18.4,0.463,3.4,9.3,0.363,5.2,9.1,0.567,0.555,3.8,4.4,0.859,1.3,5.7,7.1,3,1.1,0.3,2.3,2.2,24.2,,1689,19.9,0.595,0.506,0.237,4.5,21.7,12.6,18.2,1.6,0.7,10.3,30.5,1.7,1.3,2.9,0.083,4.2,-1.2,3,2.1,2025
410,Bobby Portis,30,MIL,PF,67,9,24.2,5.5,11.2,0.488,2,4.4,0.456,3.4,6.8,0.509,0.578,0.7,1,0.706,1.3,5.1,6.4,1.6,0.6,0.2,1,1.6,13.7,,1619,17.1,0.587,0.395,0.091,6.3,23.5,14.9,10.5,1.2,0.7,7.8,23.1,1.6,1.2,2.8,0.083,1.5,-1.6,0,0.8,2025
411,Kristaps Porziņģis,30,2TM,C,32,23,24,5.4,12.1,0.446,1.7,5,0.338,3.7,7.1,0.522,0.515,4.2,4.9,0.842,1.3,4,5.2,2.5,0.6,1.2,1.3,2.9,16.7,,769,19.6,0.582,0.412,0.407,5.6,18.5,11.9,16.1,1.1,4.5,8.2,27.3,1.4,1,2.4,0.148,1.6,0.3,1.9,0.8,2025
412,Quinten Post,25,GSW,PF,67,35,17.3,2.9,6.6,0.44,1.4,4.1,0.336,1.5,2.4,0.617,0.546,0.5,0.6,0.791,1,3,4,1.4,0.4,0.5,0.8,1.9,7.7,,1159,13,0.56,0.631,0.098,6.4,19.7,12.9,11.9,1.1,2.8,10.9,18.8,0.7,1.2,1.9,0.078,-1,-0.1,-1.1,0.3,2025
413,Micah Potter,27,IND,C,47,7,19.3,3.2,6.2,0.515,1.5,3.6,0.423,1.7,2.7,0.64,0.637,1.8,2.1,0.842,1.2,3.7,5,1.5,0.5,0.3,1,1.7,9.7,,908,17,0.679,0.573,0.345,6.8,21.4,14,11.2,1.2,1.4,12.2,18,1.8,0.7,2.6,0.135,1.5,-0.8,0.7,0.6,2025
414,John Poulakidas,22,DAL,SG,13,0,19.5,3,7,0.429,2.4,5.9,0.403,0.6,1.1,0.571,0.599,0.5,0.5,0.857,0.3,2,2.3,0.8,0.5,0.3,0.3,2.2,8.8,,253,12,0.611,0.846,0.077,1.7,10.8,6.3,6.1,1.3,1.3,4.1,16.2,0.3,0.2,0.5,0.095,-1,-1.2,-2.2,0,2025
415,Drake Powell,20,BRK,SG,63,24,21,2.3,5.7,0.402,0.8,2.9,0.28,1.5,2.8,0.528,0.473,1.1,1.2,0.896,0.3,1.4,1.8,1.4,0.6,0.2,1,1.4,6.5,,1320,7.3,0.521,0.508,0.215,1.8,8.4,4.9,10.3,1.3,1,13.3,14.9,-0.5,0.5,-0.1,-0.003,-4.6,-1.3,-6,-1.3,2025
416,Dwight Powell,34,DAL,C,63,12,14.3,1,1.6,0.644,0,0.1,0.286,1,1.5,0.67,0.653,1.2,1.8,0.696,1.5,2.6,4.1,1.1,0.5,0.3,0.7,2.1,3.3,,904,12.6,0.699,0.069,1.109,11.3,18.7,15.1,9.5,1.8,2,21.4,8.9,1.6,1,2.6,0.138,-2.9,1.5,-1.4,0.1,2025
417,Norman Powell,32,MIA,SG,58,52,29.6,7.3,15.4,0.47,2.7,7.1,0.38,4.6,8.4,0.546,0.558,4.5,5.5,0.827,0.4,3.1,3.5,2.5,1.1,0.2,1.9,2.2,21.7,AS,1717,17.5,0.609,0.458,0.355,1.3,11,6.1,12.5,1.7,0.7,9.7,27.2,2.3,1.7,4,0.112,1.8,-0.3,1.6,1.5,2025
418,Taurean Prince,31,MIL,SF,26,7,23.5,3.3,7.3,0.45,2.3,5.4,0.436,1,2,0.49,0.61,0.2,0.2,1,0.2,3,3.1,1.8,0.6,0.2,1.2,1.8,9.2,,611,10.5,0.617,0.733,0.031,0.7,14.1,7.5,10.7,1.3,1,13.8,16.2,0.2,0.3,0.5,0.039,-1.3,-1.8,-3.1,-0.2,2025
419,Payton Pritchard,28,BOS,PG,79,50,32.4,6.4,13.8,0.464,2.7,7.1,0.377,3.7,6.7,0.556,0.561,1.5,1.7,0.89,0.9,3.1,3.9,5.2,0.7,0.1,1.4,1.5,17,,2556,17.1,0.584,0.515,0.125,3,10.2,6.7,23.5,1.1,0.4,8.7,21.4,6.1,2.4,8.5,0.16,2.6,-0.3,2.3,2.8,2025
420,Tyrese Proctor,21,CLE,PG,50,1,10.9,1.9,4.5,0.413,0.9,2.6,0.351,0.9,1.9,0.5,0.516,0.8,0.9,0.889,0.2,1.1,1.3,1.5,0.5,0,0.8,1.2,5.4,,545,12.2,0.556,0.582,0.2,2.2,10.7,6.5,18.6,2.2,0,14,22,0.2,0.5,0.7,0.066,-2.3,-0.5,-2.8,-0.1,2025
421,Olivier-Maxence Prosper,23,MEM,PF,53,24,18.6,3.6,6.6,0.549,1.1,2.8,0.405,2.5,3.8,0.653,0.634,1.6,2.2,0.754,1.1,2.4,3.5,1,0.8,0.2,0.9,1.6,10,,984,16.9,0.662,0.423,0.326,6.4,14.3,10.3,7.8,1.9,1.2,10.5,18.9,1.8,0.7,2.4,0.119,1.1,-1.2,-0.1,0.5,2025
422,Zyon Pullin,24,MIN,SG,5,0,8.6,1.8,2.6,0.692,0.2,0.6,0.333,1.6,2,0.8,0.731,0.8,0.8,1,0.2,0.4,0.6,1.8,0.2,0,0.6,1.2,4.6,,43,18.8,0.779,0.231,0.308,2.6,5,3.8,31,1.1,0,16.9,17.4,0.2,0,0.2,0.222,0.2,-1.3,-1.1,0,2025
423,Derik Queen,21,NOP,C,81,48,25,4.4,9.2,0.473,0.3,1.1,0.261,4.1,8.1,0.502,0.489,2.7,3.4,0.795,1.7,5.4,7.1,3.7,1,0.9,2.3,2.7,11.7,,2023,15.9,0.546,0.118,0.365,7.2,23.5,15.2,21.1,2,3.5,18,21.8,0.4,2.3,2.7,0.063,-1.5,0.7,-0.8,0.6,2025
424,Neemias Queta,26,BOS,C,76,75,25.3,4.3,6.6,0.653,0,0.1,0.125,4.3,6.5,0.662,0.654,1.6,2.3,0.703,3,5.3,8.4,1.7,0.8,1.3,1,2.8,10.2,,1926,20.3,0.674,0.016,0.351,13.4,22.7,18.1,9.3,1.6,5.2,11.5,14.7,5.4,3.6,9,0.224,0.9,2,2.8,2.4,2025
425,Immanuel Quickley,26,TOR,PG,70,70,31.9,5.7,12.9,0.443,2.5,6.8,0.374,3.2,6.1,0.52,0.541,2.4,3,0.821,0.5,3.5,4,5.9,1.3,0.1,1.5,2,16.4,,2231,16.6,0.577,0.526,0.229,1.9,12.5,7.2,26.4,2,0.2,9.3,21.1,3.9,2.6,6.5,0.14,1.9,0.6,2.4,2.5,2025
426,Julius Randle,31,MIN,PF,79,79,33,7.3,15.3,0.481,1.4,4.4,0.315,6,10.9,0.547,0.526,5,6.3,0.802,1.7,5.1,6.7,5,1.1,0.2,2.7,2.8,21.1,,2610,18.4,0.585,0.287,0.411,5.7,16.5,11.2,23.1,1.6,0.6,13.2,26.5,4.3,3.1,7.4,0.135,1.5,0,1.5,2.3,2025
427,Maxime Rayud,22,SAC,C,74,56,26.5,5.2,9.1,0.571,0.3,1,0.324,4.9,8.1,0.601,0.589,1.8,2.3,0.786,1.9,5.6,7.5,1.4,0.5,0.5,1.3,2.3,12.5,,1964,16,0.619,0.11,0.25,7.9,24.3,15.8,7.6,0.9,1.8,11.2,18.2,2.6,1,3.6,0.088,-0.9,-1.6,-2.4,-0.2,2025
428,Duop Reath,29,POR,C,32,0,8.1,1,2.3,0.446,0.7,1.7,0.418,0.3,0.6,0.526,0.601,0.2,0.2,0.833,0.3,0.9,1.2,0.3,0.2,0.3,0.2,0.9,2.9,,258,10.6,0.613,0.743,0.081,4.1,11.9,8,5.4,0.9,2.8,8.4,13.2,0.3,0.2,0.6,0.103,-0.9,0,-0.9,0.1,2025
429,Austin Reaves,27,LAL,SG,51,45,34.5,7.3,14.9,0.49,2.3,6.4,0.36,5,8.5,0.588,0.567,6.3,7.3,0.871,0.6,4.1,4.7,5.5,1.1,0.4,3,2.2,23.3,,1762,20.2,0.641,0.43,0.487,2.3,13.3,8,24,1.6,1.1,14,26.7,4.2,1.4,5.6,0.153,3.4,-0.6,2.8,2.1,2025
430,Paul Reed,26,DET,C,65,11,13.9,3.2,5.2,0.617,0.2,0.6,0.325,3,4.6,0.656,0.636,1.1,1.7,0.664,2,2.5,4.5,1.2,0.9,0.9,0.9,1.8,7.8,,901,24.2,0.65,0.118,0.324,16.5,20.1,18.3,13.3,3.1,6.6,13,20.6,2.4,2.1,4.5,0.239,2.4,2.9,5.3,1.6,2025
431,Julian Reese,22,WAS,PF,13,10,30.9,4.8,9.2,0.529,0,0,,4.8,9.2,0.529,0.529,2.2,3.4,0.636,4.2,6.3,10.5,1.8,1.4,0.6,2.5,3.2,11.8,,402,14.4,0.557,0,0.37,14.4,22.3,18.3,8.4,2.1,1.7,18.8,17.7,0.1,0.3,0.3,0.041,-2.9,-2.2,-5.1,-0.3,2025
432,Antonio Reeves,25,CHO,SG,10,0,6.8,1,2,0.5,0.7,1.3,0.538,0.3,0.7,0.429,0.675,0,0,,0.2,0.6,0.8,0.3,0.1,0,0.1,0.3,2.7,,68,12.4,0.675,0.65,0,3.4,9.8,6.6,6.3,0.7,0,4.8,13.1,0.1,0,0.2,0.13,1.2,0.1,1.3,0.1,2025
433,z Reid,26,MIN,C,77,3,26.1,5.2,11.3,0.456,2.1,5.8,0.362,3.1,5.5,0.556,0.549,1.2,1.6,0.732,1.2,5,6.2,2.2,1,1,1.6,2.5,13.6,6MOY-4,2007,15.4,0.565,0.514,0.141,5,20.8,13.1,12.4,1.8,3.4,12,22.1,0.9,3.2,4,0.097,-0.1,1,0.9,1.5,2025
434,Will Richard,23,GSW,SG,69,21,20,2.3,5,0.468,1,3.1,0.335,1.3,1.9,0.679,0.571,0.7,0.8,0.852,1,1.5,2.5,1.3,1.2,0.1,0.8,1.9,6.4,,1377,11,0.596,0.613,0.156,5.3,8.7,7,9.3,2.8,0.6,12.5,13,1.2,1.4,2.5,0.089,-2.5,0.9,-1.7,0.1,2025
435,Nick Richards,28,2TM,C,48,6,14.6,2.1,4.2,0.512,0.1,0.4,0.278,2,3.8,0.536,0.525,1.4,2.1,0.644,1.6,3.5,5.1,0.3,0.2,0.7,1.2,1.8,5.8,,701,11.9,0.562,0.09,0.502,11.8,25.6,18.7,3.2,0.7,4.1,19.4,18.2,-0.2,0.8,0.6,0.04,-4.9,-1.2,-6.1,-0.7,2025
436,Jase Richardson,20,ORL,SG,54,0,10.9,1.6,3.5,0.473,0.5,1.5,0.354,1.1,2,0.56,0.548,0.6,0.9,0.717,0.4,0.8,1.2,1.1,0.4,0,0.5,1,4.4,,587,11.5,0.574,0.42,0.245,4,8.1,6,14.2,1.6,0.3,10.7,16.8,0.5,0.5,1,0.082,-1.9,-0.7,-2.5,-0.1,2025
437,Kadary Richmond,24,WAS,SG,3,0,22.3,3.3,5.3,0.625,0.7,1.3,0.5,2.7,4,0.667,0.688,1,1,1,0.3,3,3.3,2.7,2.7,0.3,0.7,0.7,8.3,,67,20,0.722,0.25,0.188,1.6,14.7,8,16.6,5.7,1.3,10.4,12,0.2,0.1,0.2,0.175,-0.8,4.4,3.6,0.1,2025
438,Will Riley,19,WAS,SF,74,18,22.1,3.7,8.4,0.439,1.1,3.3,0.316,2.6,5,0.52,0.502,1.9,2.4,0.8,0.8,2.1,2.9,2,0.7,0.1,1.3,1.2,10.3,,1633,12.1,0.548,0.4,0.291,3.6,10.4,7,12.7,1.6,0.5,11.9,20.2,0.4,0,0.4,0.012,-1.9,-2.6,-4.5,-1,2025
439,Zaccharie Risacher,20,ATL,SF,67,46,22.4,3.6,8,0.455,1.4,3.9,0.368,2.2,4.1,0.536,0.544,0.9,1.3,0.644,1.1,2.8,3.8,1.1,0.9,0.5,0.9,2.2,9.6,,1503,11.8,0.557,0.481,0.168,5,13.6,9.3,6.8,1.9,2.2,9.2,17.6,0.5,1.9,2.3,0.074,-2.3,-0.2,-2.5,-0.2,2025
440,Duncan Robinson,31,DET,SG,77,77,27.4,4.1,9.1,0.456,2.9,7,0.41,1.3,2.1,0.605,0.613,1.1,1.4,0.755,0.4,2.3,2.7,2.1,0.6,0.3,0.7,2.2,12.2,,2113,12.4,0.629,0.768,0.158,1.6,9.2,5.4,10.1,1,1,6.7,15.8,3.8,2.3,6.1,0.139,0.8,-0.1,0.8,1.5,2025
441,Mitchell Robinson,27,NYK,C,60,16,19.6,2.5,3.4,0.723,0,0,,2.5,3.4,0.723,0.723,0.7,1.7,0.408,4.2,4.6,8.8,0.9,0.9,1.2,0.7,2.1,5.7,6MOY-8,1175,21.1,0.676,0,0.5,23.9,26.1,25,5.8,2.4,6.1,14,10.7,3.3,2.5,5.8,0.236,1.9,1.5,3.5,1.6,2025
442,Orlando Robinson,25,ORL,C,4,1,6.3,0.8,1.3,0.6,0.3,0.5,0.5,0.5,0.8,0.667,0.7,0,0,,0.5,0.5,1,0.8,0.3,0,0,0.8,1.8,,25,14.6,0.7,0.4,0,8.8,9,8.9,16.5,1.9,0,0,8.4,0.1,0,0.1,0.196,0.8,0.6,1.4,0,2025
443,Jeremiah Robinson-Earl,25,2TM,PF,22,3,16.4,1.7,4.5,0.37,0.5,1.9,0.244,1.2,2.7,0.458,0.42,0.8,0.8,0.944,1.6,3,4.7,0.7,0.4,0,0.5,1.2,4.6,,361,9.3,0.468,0.41,0.18,10.6,20.4,15.5,5.6,1.2,0.2,10,14.1,0,0.3,0.2,0.03,-3.5,-1.7,-5.2,-0.3,2025
444,David Roddy,24,DEN,PF,5,0,14.6,3,6,0.5,0.6,2.2,0.273,2.4,3.8,0.632,0.55,1.4,1.4,1,1.6,2.4,4,0.8,0.8,0.2,0.4,1.4,8,,73,20.4,0.605,0.367,0.233,12.9,17.6,15.3,7.9,2.7,1.3,5.7,20.9,0.2,0.1,0.3,0.185,0.7,-0.7,0,0,2025
445,Ryan Rollins,23,MIL,PG,74,67,32.1,6.6,13.9,0.472,2.5,6.1,0.406,4.1,7.8,0.523,0.561,1.7,2.1,0.796,0.7,3.8,4.6,5.6,1.5,0.4,2.7,2.6,17.3,,2376,16.2,0.583,0.44,0.152,2.6,13.4,8,27.1,2.3,1.3,15.5,24.2,1.7,1.8,3.4,0.069,0.7,-0.5,0.2,1.3,2025
446,Rayan Rupert,21,2TM,SG,64,8,16.8,1.9,4.9,0.393,0.7,2.1,0.324,1.2,2.8,0.446,0.463,0.7,0.8,0.778,0.8,2.2,2.9,1.1,0.9,0.1,0.9,1.9,5.2,,1072,8.2,0.493,0.435,0.173,4.8,14.4,9.5,8.6,2.4,0.8,14,15,-0.5,1.1,0.6,0.026,-5,-0.1,-5.1,-0.8,2025
447,D'Angelo Russell,29,DAL,PG,26,3,19,3.6,8.9,0.405,1.3,4.3,0.295,2.3,4.6,0.508,0.476,1.7,2.3,0.717,0.3,2,2.3,4,0.5,0.1,1.9,1.2,10.2,,495,12.3,0.511,0.483,0.259,1.7,11.2,6.5,31.2,1.1,0.3,15.9,26,-0.3,0.3,0,-0.004,-0.7,-1.6,-2.3,0,2025
448,Cormac Ryan,27,MIL,SG,11,2,24.6,4.8,9.3,0.52,2.5,5.4,0.458,2.4,3.9,0.605,0.652,2.2,2.4,0.923,0.7,1.8,2.5,1.7,1,0.3,1.5,2.5,14.3,,271,16.9,0.692,0.578,0.255,3.4,8.3,5.8,10.8,2,1.1,13,21.3,0.5,0.1,0.6,0.114,1,-1.8,-0.8,0.1,2025
449,Domantas Sabonis,29,SAC,C,19,15,29.7,6.3,11.6,0.543,0.3,1.4,0.185,6.1,10.2,0.593,0.554,2.9,4.1,0.727,3.4,8,11.4,4.1,0.9,0.2,2.7,3.5,15.8,,564,19.2,0.59,0.122,0.348,12.3,31,21.4,21.3,1.5,0.7,16.7,23,0.7,0.4,1.1,0.095,0.7,-0.2,0.6,0.4,2025
450,Tidjane Salaün,20,CHO,PF,37,0,15.5,2.2,4.3,0.503,1,2.2,0.434,1.2,2.1,0.579,0.616,0.7,1.1,0.65,0.7,3.3,4,0.7,0.4,0.2,0.7,1.5,6,,575,12.9,0.629,0.522,0.252,5.2,23.7,14.6,6.6,1.4,1.1,12.8,14.9,0.6,0.8,1.4,0.117,-1.2,0.4,-0.8,0.2,2025
451,Hunter Sallis,22,PHI,SG,7,0,3.7,0.4,0.7,0.6,0,0,,0.4,0.7,0.6,0.6,0.1,0.3,0.5,0,0.1,0.1,0.6,0,0.1,0.7,0.3,1,,26,2,0.595,0,0.4,0,4.2,2.1,20.6,0,3.6,46,17.7,-0.1,0,-0.1,-0.149,-7.7,-2.9,-10.6,-0.1,2025
452,Kobe Sanders,23,LAC,SG,68,16,19.9,2.6,5.6,0.466,1.2,2.9,0.408,1.5,2.8,0.527,0.57,0.8,1,0.826,0.4,1.8,2.3,1.6,0.7,0.1,1.2,2.1,7.3,,1351,10,0.597,0.51,0.18,2.6,10.4,6.6,11.4,1.8,0.7,16.4,16.3,0.4,1,1.4,0.051,-2.7,-0.2,-2.9,-0.3,2025
453,Payton Sandfort,23,OKC,SF,4,0,15.8,3.3,6.5,0.5,1.8,4.3,0.412,1.5,2.3,0.667,0.635,0.5,1,0.5,0.3,2.3,2.5,0,0.3,0,0.3,2,8.8,,63,13.1,0.63,0.654,0.154,1.8,14.9,8.6,0,0.8,0,3.5,19.8,0.1,0.1,0.2,0.125,-2.5,-3.3,-5.8,-0.1,2025
454,Gui Santos,23,GSW,PF,68,30,20.5,3.4,6.8,0.5,1.1,3.3,0.351,2.2,3.5,0.639,0.585,1.3,1.8,0.725,1.1,2.8,3.9,2.3,0.9,0.3,1.5,2.1,9.2,,1395,14.2,0.609,0.483,0.261,5.9,15.6,10.6,16.7,2.1,1.5,16.6,18.7,1.2,1.5,2.7,0.094,-0.9,0.3,-0.6,0.5,2025
455,Ben Saraf,19,BRK,SG,44,11,20.8,2.7,6.9,0.396,0.4,2,0.211,2.3,4.8,0.474,0.427,1.7,2,0.83,0.5,1.6,2.1,3.3,0.9,0.2,2.3,1.8,7.5,,916,7.8,0.486,0.297,0.29,2.4,9.7,5.8,24.5,2.1,0.8,22.5,21,-1.6,0.5,-1.1,-0.057,-5.6,-1.7,-7.3,-1.2,2025
456,Dario Šarić,31,SAC,C,5,0,8.2,0.2,1.2,0.167,0.2,0.6,0.333,0,0.6,0,0.25,0.4,0.4,1,0.2,1,1.2,0.4,0,0,0.4,0.6,1,,41,0.6,0.363,0.5,0.333,2.7,14,8.2,5.8,0,0,22.5,9.2,-0.1,0,-0.1,-0.081,-6.7,-2.3,-9,-0.1,2025
457,Alex Sarr,20,WAS,C,48,48,27.2,6.6,13.7,0.482,1,3.1,0.333,5.5,10.5,0.526,0.52,2.1,3,0.692,2.2,5.2,7.4,2.7,0.8,2,1.7,2.2,16.3,,1305,19.4,0.544,0.229,0.223,8.5,20.9,14.6,15.9,1.4,6.4,10.2,25.7,0.7,0.9,1.6,0.059,0.8,-0.1,0.7,0.9,2025
458,Olivier Sarr,26,CLE,C,4,0,9.8,1.3,1.8,0.714,0.5,0.8,0.667,0.8,1,0.75,0.857,0.5,1.3,0.4,0.5,2.3,2.8,1.3,0.5,0.8,0.5,2.3,3.5,,39,17.5,0.761,0.429,0.714,5.7,25.3,15.5,16.6,2.5,7.3,17.9,12.1,0.1,0.1,0.2,0.203,-1.7,4.3,2.6,0,2025
459,Marcus Sasser,25,DET,PG,38,5,12,1.8,4.7,0.39,1.2,2.8,0.415,0.7,1.9,0.352,0.514,0.4,0.5,0.833,0.2,0.8,1,2,0.5,0.1,0.8,1.1,5.2,,457,11.2,0.533,0.599,0.102,1.7,7.7,4.8,21.9,2.1,0.9,14.4,19.6,0.2,0.6,0.8,0.085,-1.6,-0.2,-1.7,0,2025
460,Baylor Scheierman,25,BOS,SG,77,20,18.6,2,4.3,0.453,1.3,3.2,0.399,0.7,1.2,0.6,0.599,0.4,0.4,0.903,0.7,2.8,3.5,1.5,0.5,0.1,0.6,1.4,5.5,,1429,11.6,0.616,0.73,0.093,4.5,16,10.3,10.5,1.5,0.4,11.7,11.9,2.1,1.8,3.8,0.129,-0.7,1.3,0.6,0.9,2025
461,Dennis Schröder,32,2TM,PG,70,17,24.2,3.6,9,0.405,1.1,3.3,0.329,2.6,5.7,0.449,0.465,2.4,2.9,0.834,0.5,2.2,2.7,4.9,0.8,0.2,1.8,1.6,10.8,,1697,12.9,0.526,0.362,0.326,2.1,10.5,6.2,27.7,1.6,0.6,14.7,21,0.8,0.7,1.5,0.043,-0.9,-1.3,-2.2,-0.1,2025
462,Tre Scott,29,BRK,PF,6,4,30.3,3.2,8.3,0.38,1,3.2,0.316,2.2,5.2,0.419,0.44,0.7,1,0.667,1.7,3.5,5.2,1.7,1.3,0.8,0.7,2,8,,182,9.4,0.456,0.38,0.12,6.1,14.2,9.9,8.2,2.2,2.6,7.1,13.6,-0.1,0.1,0.1,0.025,-4.2,-1.1,-5.3,-0.2,2025
463,Mark Sears,23,MIL,PG,7,0,3.7,0.9,1.9,0.462,0.6,1.1,0.5,0.3,0.7,0.4,0.615,0.9,1.1,0.75,0.1,0.1,0.3,0.3,0,0,0.6,0.6,3.1,,26,15.2,0.666,0.615,0.615,4.4,4.3,4.3,12.5,0,0,19.5,34.9,0,0,0,0.013,2.4,-4.6,-2.2,0,2025
464,Alperen Şengün,23,HOU,C,72,72,33.3,8.1,15.6,0.519,0.6,1.8,0.305,7.5,13.8,0.547,0.537,3.6,5.2,0.691,3,5.9,8.9,6.2,1.2,1.1,3.2,3.3,20.4,AS,2398,21.4,0.569,0.117,0.335,10.1,19.4,14.8,28.9,1.8,3,15,26.6,4.4,3.6,8,0.161,2.7,1.5,4.2,3.7,2025
465,Brice Sensabaugh,22,UTA,SF,75,22,23.5,5.3,11.4,0.46,2.2,5.9,0.367,3.1,5.5,0.559,0.554,2.2,2.7,0.826,0.7,2.3,3.1,1.9,0.7,0.2,1.7,1.9,14.9,,1762,14.4,0.59,0.516,0.235,3.4,11,7.1,12.4,1.4,0.7,11.6,24.9,1,0.1,1.1,0.029,0.4,-3,-2.6,-0.3,2025
466,Collin Sexton,27,2TM,SG,68,22,23.7,5.3,10.9,0.485,1.6,4.1,0.401,3.6,6.8,0.536,0.561,3.2,3.8,0.855,0.6,1.7,2.3,3.3,1.1,0.1,2.1,2.1,15.4,,1614,17.4,0.615,0.376,0.344,2.8,7.6,5.3,21.7,2.3,0.6,14.2,25.9,2.5,1.4,3.9,0.117,1.1,-0.5,0.6,1.1,2025
467,Landry Shamet,28,NYK,SG,51,12,23,3.1,7.1,0.437,2,5.2,0.392,1.1,2,0.554,0.578,1.1,1.5,0.711,0.5,1.4,1.8,1.4,0.6,0.2,0.6,1.5,9.3,,1171,11.2,0.598,0.723,0.209,2.2,6.6,4.4,8.2,1.3,0.8,7,15.7,1.6,1,2.6,0.106,-0.4,0.1,-0.3,0.5,2025
468,Terrence Shannon Jr.,25,MIN,SG,43,2,12.5,1.8,4,0.45,0.7,1.8,0.408,1.1,2.2,0.484,0.541,1.3,1.6,0.8,0.2,0.9,1.1,0.9,0.3,0,0.6,1.2,5.6,,538,11.1,0.597,0.444,0.409,2.1,7.8,5,9.5,1.2,0.2,10.6,17.7,0.6,0.4,1,0.09,-2.5,-1.1,-3.6,-0.2,2025
469,Day'Ron Sharpe,24,BRK,C,62,7,18.7,3.5,5.7,0.601,0.1,0.6,0.231,3.3,5.1,0.647,0.614,1.7,2.5,0.678,2.8,3.9,6.7,2.3,1.1,0.4,1.7,2.4,8.7,,1160,20.5,0.638,0.11,0.427,16.2,25.7,20.7,21.1,2.9,2.1,20,19.9,2,1.5,3.5,0.144,0.4,1,1.4,1,2025
470,Shaedon Sharpe,22,POR,SG,50,42,29.4,7.8,17.4,0.452,2.1,6.1,0.337,5.8,11.2,0.514,0.511,3.1,3.9,0.787,1,3.3,4.3,2.6,1.4,0.1,2.9,2,20.8,,1471,15.3,0.546,0.353,0.227,3.7,12.4,8,15.4,2.3,0.4,13.3,30.5,-0.4,1.6,1.3,0.041,-0.4,-0.9,-1.4,0.2,2025
471,Jamal Shead,23,TOR,PG,82,12,22.6,2.3,6.1,0.367,1,3.2,0.321,1.2,3,0.417,0.45,1.1,1.4,0.784,0.3,1.4,1.7,5.4,0.9,0.2,1.4,2,6.6,6MOY-12,1852,10.5,0.491,0.52,0.23,1.6,7.2,4.4,30.6,2,0.8,16.8,15.5,0.8,2,2.7,0.07,-2.3,0,-2.3,-0.1,2025
472,Ben Sheppard,24,IND,SG,65,20,21.4,2.6,6,0.434,1.3,3.6,0.362,1.3,2.4,0.542,0.543,0.6,0.8,0.765,0.7,2.3,3,1.8,0.6,0.1,0.6,1.8,7.1,,1390,9.7,0.561,0.599,0.132,3.3,12.2,7.6,11.3,1.3,0.4,9.1,13.8,0.8,0.7,1.4,0.05,-2.4,-0.6,-3,-0.4,2025
473,Reed Sheppard,21,HOU,SG,82,21,26.2,5,11.5,0.43,2.8,7,0.394,2.2,4.5,0.486,0.55,0.8,1,0.802,0.3,2.6,2.9,3.4,1.5,0.7,1.5,2,13.5,6MOY-6,2147,15.7,0.564,0.609,0.091,1.5,10.7,6.1,18.6,2.8,2.3,11.1,21.7,2.7,3.1,5.9,0.131,1.2,1.5,2.7,2.5,2025
474,Max Shulga,23,BOS,SG,11,1,3.3,0.2,0.7,0.25,0.1,0.4,0.25,0.1,0.4,0.25,0.313,0.2,0.2,1,0.3,0.3,0.5,0.2,0.1,0,0.3,0.9,0.6,,36,0.2,0.394,0.5,0.25,9.4,9,9.2,6.8,1.4,0,25.3,14.3,-0.1,0,0,-0.038,-10.9,-0.5,-11.5,-0.1,2025
475,Pascal Siakam,31,IND,PF,62,62,33.2,9,18.6,0.484,1.7,4.7,0.358,7.3,13.9,0.527,0.529,4.2,6.1,0.693,1.4,5.2,6.6,3.8,1.1,0.4,2.2,2.4,24,AS,2057,18.6,0.562,0.254,0.327,4.6,17.4,10.9,19.9,1.6,1,9.5,30.1,1.1,1.5,2.6,0.062,1.8,-1,0.7,1.4,2025
476,Anfernee Simons,26,2TM,SG,55,5,24.9,5.2,11.8,0.44,2.7,6.9,0.385,2.5,4.9,0.517,0.552,1.3,1.4,0.896,0.6,1.9,2.5,2.4,0.5,0.1,1.2,1.7,14.3,,1372,14.4,0.576,0.585,0.119,2.5,8.1,5.4,14.6,1,0.6,9.1,23.6,1.8,1.1,2.9,0.101,1.2,-1.3,-0.1,0.7,2025
477,KJ Simpson,23,2TM,PG,20,2,12.9,1.7,5,0.343,0.6,2,0.3,1.1,3,0.373,0.404,0.6,0.9,0.611,0.5,1.4,1.9,2.2,0.8,0,1.3,0.9,4.6,,257,8.1,0.426,0.404,0.182,4.1,12,8.1,23,3.1,0,19,21.8,-0.5,0.3,-0.1,-0.023,-5.4,0.4,-5.1,-0.2,2025
478,Jericho Sims,27,MIL,C,67,19,19.7,2.2,2.8,0.784,0,0,,2.2,2.8,0.784,0.784,0.7,1.1,0.62,2.2,3.3,5.5,1.6,0.3,0.3,1.1,2.2,5,,1318,12.9,0.772,0,0.384,12.7,19,15.9,10.7,0.7,1.3,25.8,9.8,2.5,0.7,3.2,0.117,-2.1,-0.9,-3.1,-0.4,2025
479,Jalen Slawson,26,IND,SF,13,6,23.9,2.6,5.9,0.442,1.2,3.1,0.375,1.5,2.8,0.514,0.539,0.9,1.3,0.706,0.5,3.8,4.4,2.8,1.5,1.1,1.3,2.1,7.3,,311,12.6,0.562,0.519,0.221,2.4,17.9,10,15.7,3.1,3.8,16.8,13.9,0,0.4,0.5,0.07,-2.2,1.8,-0.4,0.1,2025
480,Javon Small,23,MEM,PG,41,12,20.2,3.3,7,0.465,1.5,3.5,0.423,1.8,3.6,0.507,0.569,1.7,2,0.829,0.9,2.2,3.1,3.7,0.8,0.2,1.4,1.6,9.7,,830,16.1,0.611,0.493,0.285,4.6,12.2,8.3,26.1,1.9,1,14.7,19,1.4,0.5,1.9,0.112,1.7,-0.6,1,0.6,2025
481,Marcus Smart,31,LAL,SG,62,54,28.5,3,7.7,0.395,1.6,4.7,0.331,1.5,3,0.497,0.497,1.7,2.1,0.822,0.6,2.2,2.8,3,1.4,0.4,1.5,2.6,9.3,,1769,9.9,0.543,0.616,0.271,2.5,8.7,5.7,13.6,2.4,1.2,14.7,15.4,0.4,1.6,2,0.054,-2.9,0.6,-2.2,-0.1,2025
482,Dru Smith,28,MIA,SG,70,1,16.3,1.9,4.6,0.415,0.5,1.8,0.295,1.4,2.8,0.495,0.474,1.2,1.5,0.829,0.9,1.6,2.5,2.6,1.4,0.3,0.8,1.6,5.6,,1141,14.5,0.532,0.397,0.323,5.6,10.2,7.9,20,4.1,1.6,12.9,15.2,1.2,1.9,3,0.127,-1.5,3.6,2.2,1.2,2025
483,Jabari Smith Jr.,22,HOU,PF,77,77,35.1,5.7,12.6,0.45,2.3,6.3,0.363,3.4,6.3,0.537,0.541,2.1,2.7,0.775,1.4,5.5,6.9,1.9,0.7,0.9,1.4,2.5,15.8,,2705,13.5,0.57,0.501,0.215,4.5,17,10.8,7.3,1,2.4,9,18.2,3.4,3.3,6.6,0.118,-0.5,-0.2,-0.7,0.9,2025
484,Jalen Smith,25,CHI,C,53,21,20.7,3.7,7.6,0.483,1.5,4.2,0.373,2.1,3.5,0.614,0.584,1.3,1.8,0.742,1.8,4.8,6.7,1.2,0.5,0.8,1,2.1,10.2,,1095,16.6,0.608,0.545,0.23,9.6,24.6,17.2,8.5,1,3.3,10.6,19,1.5,1.1,2.6,0.114,0.2,-0.9,-0.7,0.4,2025
485,Malachi Smith,26,BRK,SG,15,4,23.9,3.2,6.6,0.485,1.3,3.1,0.435,1.9,3.5,0.528,0.586,0.5,0.5,1,0.8,2.6,3.4,3.3,0.8,0.3,0.9,0.9,8.3,,359,13.7,0.605,0.465,0.081,3.7,13.4,8.3,21.2,1.7,1,12,14.2,0.5,0.2,0.7,0.094,-0.1,-0.8,-0.8,0.1,2025
486,Nick Smith Jr.,21,LAL,SG,30,1,12.5,2.3,5.4,0.435,1.1,2.9,0.395,1.2,2.5,0.48,0.54,0.4,0.5,0.733,0.1,0.7,0.8,1,0.3,0.1,0.7,0.9,6.2,,375,10.2,0.552,0.534,0.093,1,6,3.6,12,1.2,0.5,11.1,22,-0.1,0.2,0.1,0.013,-2.1,-2.6,-4.7,-0.3,2025
487,Tolu Smith,25,DET,PF,15,0,9.1,1.2,2.4,0.5,0,0,,1.2,2.4,0.5,0.5,1.3,2,0.667,1.5,1.8,3.3,0.9,0.1,0.4,0.5,1.5,3.7,,137,16.9,0.569,0,0.833,18.3,21.8,20.1,12.4,0.7,4.4,12.5,17.1,0.3,0.2,0.5,0.185,-0.9,0.9,0,0.1,2025
488,Tyler Smith,21,DAL,PF,12,0,13.8,1.8,4.2,0.42,0.8,2.9,0.286,0.9,1.3,0.733,0.52,0.3,0.5,0.667,1,1.8,2.8,0.4,0.5,0,0.5,1.1,4.7,,166,9.6,0.532,0.7,0.12,7.7,13.3,10.5,4.1,1.7,0,10.2,14.8,0,0.1,0.1,0.043,-3.3,-1.6,-4.8,-0.1,2025
489,Jeremy Sochan,22,2TM,PF,44,0,10.7,1.5,2.9,0.496,0.3,1,0.244,1.2,1.9,0.631,0.539,0.4,0.6,0.731,0.8,1.6,2.4,0.9,0.4,0.2,0.5,1.4,3.6,,469,12.2,0.563,0.349,0.202,8.7,16,12.4,11.2,1.8,1.4,13,14.6,0.5,0.7,1.2,0.12,-2.3,1.1,-1.2,0.1,2025
490,Cam Spencer,25,MEM,SG,72,20,23.8,3.7,7.7,0.473,2,4.5,0.449,1.6,3.2,0.506,0.604,1.8,1.9,0.94,0.6,2,2.5,5.6,0.7,0.2,1.3,1.4,11.1,,1714,17.2,0.649,0.585,0.241,2.5,9.2,5.8,33.1,1.4,0.6,13.1,17.2,4.7,0.6,5.3,0.149,3,-0.8,2.2,1.8,2025
491,Pat Spencer,29,GSW,PG,66,14,18.6,2.8,6.6,0.427,0.9,2.5,0.357,1.9,4.1,0.47,0.495,0.7,0.9,0.772,0.8,1.6,2.4,3.5,0.7,0.1,1.3,1.1,7.2,,1229,12.1,0.516,0.385,0.131,4.5,9.9,7.2,27.1,1.9,0.4,15.6,18.9,0.5,1,1.4,0.056,-1.7,-0.6,-2.3,-0.1,2025
492,Isaiah Stevens,25,SAC,PG,3,0,14.3,1,2.3,0.429,0,0.3,0,1,2,0.5,0.429,1.3,1.3,1,0.7,0.3,1,3.3,1.7,0,0.7,0.7,3.3,,43,16.5,0.571,0.143,0.571,5.1,2.7,3.9,29.3,5.6,0,18.6,10.6,0.1,0,0.1,0.133,-1.2,3.4,2.2,0,2025
493,Isaiah Stewart,24,DET,C,58,13,22.7,3.8,6.9,0.55,0.7,2.1,0.333,3.1,4.9,0.642,0.6,1.7,2.3,0.756,1.7,3.3,5,1.1,0.3,1.6,1.2,2.9,10,6MOY-7,1317,15.2,0.632,0.299,0.326,8.3,16.3,12.4,6.9,0.6,7,12.7,16.6,1.9,2.1,4.1,0.149,-1.1,1.1,0,0.7,2025
494,Julian Strawther,23,DEN,SG,57,14,15.1,2.6,5.6,0.467,1,2.6,0.387,1.6,3,0.538,0.558,1,1.2,0.814,0.2,1.8,2,1.1,0.4,0.1,0.6,1.3,7.2,,861,12.5,0.59,0.47,0.219,1.6,12.7,7.4,9.8,1.4,0.7,9.3,19.4,0.7,0.6,1.3,0.071,-1.2,-1.1,-2.3,-0.1,2025
495,Max Strus,29,CLE,SF,12,5,24,3.9,8.8,0.443,2.8,6.8,0.402,1.2,2,0.583,0.599,0.6,0.8,0.778,0.8,4.7,5.4,2,0.3,0,0.8,2.8,11.2,,288,12.8,0.609,0.774,0.085,3.5,21.3,12.4,11.3,0.5,0,7.6,17.4,0.4,0.2,0.7,0.116,0.1,-1.3,-1.2,0.1,2025
496,Jalen Suggs,24,ORL,PG,57,56,27.6,4.9,11.4,0.435,2.1,6.3,0.339,2.8,5.1,0.554,0.529,1.8,2.1,0.855,0.6,3.2,3.9,5.5,1.8,0.7,2.7,2.5,13.8,,1574,15.6,0.561,0.555,0.18,2.5,13.2,7.8,29.6,3.2,2.3,17.8,22.9,0.3,2.4,2.7,0.083,0.7,1.8,2.5,1.8,2025
497,Jae'Sean Tate,30,HOU,SF,46,1,8.8,1.2,2.4,0.514,0.2,0.7,0.313,1,1.7,0.597,0.56,0.2,0.2,0.636,0.7,0.9,1.6,0.5,0.2,0.1,0.3,1,2.8,,405,10.7,0.567,0.294,0.101,9.2,10.8,10,8.3,1.2,0.7,12.3,13.5,0.4,0.4,0.8,0.095,-3.2,-0.7,-3.9,-0.2,2025
498,Jayson Tatum,27,BOS,PF,16,16,32.6,7.4,17.9,0.411,2.9,8.9,0.329,4.4,9,0.493,0.493,4.1,4.9,0.823,0.5,9.5,10,5.3,1.4,0.2,2.4,1.6,21.8,,522,20.3,0.541,0.498,0.275,1.7,31.3,16.8,25.1,2.1,0.6,10.8,30,0.6,1,1.6,0.148,2.9,1.8,4.8,0.9,2025
499,Jahmyl Telfort,24,LAC,PF,8,0,4,0,0.5,0,0,0.5,0,0,0,,0,0.1,0.5,0.25,0,0.4,0.4,0.1,0.1,0,0.1,0.6,0.1,,32,-5.3,0.087,1,1,0,10.6,5.5,3.7,1.6,0,14.8,9.4,-0.1,0,-0.1,-0.163,-12.1,-1.7,-13.8,-0.1,2025
500,Garrett Temple,39,TOR,SG,22,0,3.3,0.2,0.7,0.267,0.1,0.5,0.25,0,0.1,0.333,0.367,0.3,0.4,0.667,0,0.4,0.4,0.4,0.2,0.1,0.3,0.3,0.8,,73,5.7,0.448,0.8,0.6,1.5,12.5,7,14.9,2.7,2.6,27,15.3,-0.1,0.1,0,-0.022,-5.9,1,-4.9,-0.1,2025
501,Dalen Terry,23,2TM,SG,48,0,11.5,1.4,3.2,0.439,0.5,1.4,0.364,0.9,1.9,0.494,0.516,0.3,0.6,0.533,0.5,1.3,1.8,1.4,0.6,0.3,0.5,1,3.7,,551,11.6,0.523,0.426,0.194,5.1,11.6,8.3,16,2.5,2.4,13.4,14.8,0.2,0.6,0.7,0.063,-2.4,0.8,-1.7,0,2025
502,Adou Thiero,21,LAL,SF,25,0,6,0.6,1.2,0.516,0,0.1,0.333,0.6,1.1,0.536,0.532,0.6,0.9,0.636,0.4,0.8,1.1,0.4,0.3,0.1,0.4,0.8,1.9,,149,10.7,0.578,0.097,0.71,7.3,14.4,11,8.7,2.3,1.2,18.1,14.6,0.1,0.2,0.2,0.071,-4.2,-0.2,-4.4,-0.1,2025
503,Cam Thomas,24,2TM,SG,42,8,21,4.5,11,0.41,1.2,4,0.31,3.3,7,0.468,0.466,3.3,4,0.811,0.3,1.4,1.7,2.6,0.2,0.1,1.8,1,13.5,,881,12.6,0.53,0.364,0.367,1.4,8.1,4.6,21,0.5,0.4,12.1,30.3,-0.5,0.1,-0.4,-0.024,-1.2,-3.9,-5.2,-0.7,2025
504,Amen Thompson,23,HOU,PG,79,79,37.4,7.1,13.2,0.534,0.3,1.5,0.216,6.7,11.7,0.573,0.545,3.8,4.9,0.779,3,4.8,7.8,5.3,1.5,0.6,2.4,2.2,18.3,DPOY-8,2953,18.9,0.594,0.111,0.374,8.9,14,11.5,20.4,2,1.5,13.5,20,6.5,3.8,10.3,0.167,1.6,1,2.6,3.4,2025
505,Ausar Thompson,23,DET,SF,73,72,26,4.2,7.9,0.525,0.1,0.3,0.25,4.1,7.6,0.537,0.53,1.5,2.6,0.571,2.1,3.7,5.7,3.1,2,0.9,1.5,2.7,9.9,"DPOY-3,DEF1",1896,16.2,0.545,0.042,0.331,9,15.6,12.4,16.3,3.7,3.6,14.3,16.9,1.5,4.1,5.7,0.144,-0.6,3.6,3.1,2.4,2025
506,Ethan Thompson,26,IND,SG,32,13,20.4,2.3,6.1,0.378,1.2,3.6,0.328,1.1,2.5,0.45,0.474,1.2,1.5,0.787,0.5,1.6,2.2,1.8,0.6,0.3,0.8,2.2,7,,653,8.3,0.515,0.592,0.24,2.8,8.9,5.7,11.9,1.5,1.2,10.3,15.7,0,0.3,0.3,0.02,-4.1,-0.8,-4.9,-0.5,2025
507,Klay Thompson,35,DAL,SF,69,8,21.7,4.1,10.6,0.393,2.9,7.6,0.383,1.2,2.9,0.418,0.532,0.5,0.7,0.766,0.3,1.8,2.1,1.4,0.5,0.3,0.9,1,11.7,,1497,11.4,0.541,0.724,0.065,1.3,8.8,5.1,9.5,1,1.2,7.8,22.7,-0.3,0.9,0.5,0.018,0.2,-1.5,-1.4,0.2,2025
508,Matisse Thybulle,28,POR,SG,30,0,16,1.9,4.5,0.433,1.2,3.1,0.398,0.7,1.4,0.512,0.571,0.7,0.8,0.84,0.6,1.4,2,0.9,2,0.5,0.9,1.4,5.8,,480,14.5,0.6,0.694,0.187,3.8,9.6,6.7,7.7,6,3,16.2,14.7,0.2,1,1.3,0.126,-1.7,6.1,4.4,0.8,2025
509,Xavier Tillman Sr.,27,2TM,C,30,1,6.1,0.7,1.5,0.435,0.1,0.6,0.167,0.6,0.9,0.607,0.467,0,0.1,0.25,0.6,0.8,1.4,0.4,0.3,0.2,0.3,0.5,1.5,,183,11,0.461,0.391,0.087,11.8,14.3,13.1,9.3,2.5,2.6,14.3,13.1,0,0.3,0.3,0.077,-2.8,1,-1.8,0,2025
510,Drew Timme,25,LAL,PF,27,1,8.7,1.4,2.4,0.576,0.4,0.9,0.44,1,1.5,0.659,0.659,0.2,0.3,0.556,0.4,0.9,1.2,0.9,0.2,0,0.5,0.7,3.4,,235,12.6,0.658,0.379,0.136,5.2,11.1,8.2,13.7,1.2,0,15.7,15.4,0.3,0.1,0.4,0.092,-0.8,-1.4,-2.2,0,2025
511,e'Qwan Tomlin,25,CLE,PF,64,3,15.7,2.3,4.9,0.478,0.4,1.8,0.235,1.9,3.1,0.618,0.521,0.7,1,0.77,1.3,1.6,2.9,0.8,0.6,0.5,0.5,2,5.8,,1004,12.9,0.549,0.366,0.194,9.5,10.9,10.2,7,2,3.2,7.8,15.5,1.1,1.1,2.2,0.107,-2.2,0.1,-2.1,0,2025
512,John Tonje,24,BOS,SG,6,0,7,0.7,2.3,0.286,0.5,1.7,0.3,0.2,0.7,0.25,0.393,0.7,0.7,1,0,1,1,0.3,0.3,0,0,0.8,2.5,,42,9.1,0.476,0.714,0.286,0,15.4,7.9,6.1,2.4,0,0,16.3,0,0.1,0.1,0.101,-6.3,1.2,-5.1,0,2025
513,Nikola Topić,20,OKC,PG,10,2,16,2.2,5.1,0.431,0.6,1.5,0.4,1.6,3.6,0.444,0.49,0.2,0.5,0.4,0.7,1.2,1.9,4.4,0.5,0,2.5,1.3,5.2,,160,8.1,0.489,0.294,0.098,4.9,7.8,6.4,36.5,1.5,0,32,21.2,-0.3,0.2,0,-0.014,-5.3,-3.2,-8.4,-0.3,2025
514,Jacob Toppin,25,ATL,SF,5,0,3.4,0.8,1.2,0.667,0,0,,0.8,1.2,0.667,0.667,0,0,,0,0.2,0.2,0.2,0,0.2,0,0.2,1.6,,17,15.2,0.667,0,0,0,6.5,3.2,8.8,0,5.3,0,14.7,0,0,0,0.13,-0.1,0.6,0.5,0,2025
515,Obi Toppin,27,IND,PF,24,3,17.7,4.2,8.3,0.503,1.5,4.4,0.352,2.6,3.9,0.67,0.595,1.8,1.9,0.913,0.5,3.9,4.4,2.3,0.5,0,1.2,1.2,11.6,,424,19.7,0.636,0.528,0.231,3.3,24.4,13.6,21.2,1.3,0.2,11.3,24.8,0.7,0.3,1.1,0.124,3.4,-0.4,3,0.5,2025
516,Karl-Anthony Towns,30,NYK,C,75,75,31,6.9,13.8,0.501,1.5,4.1,0.368,5.4,9.7,0.557,0.556,4.8,5.5,0.858,3.1,8.7,11.9,3,0.9,0.5,2.5,3.4,20.1,AS,2322,22,0.619,0.297,0.403,11.2,31.7,21.4,14.7,1.4,1.8,13.3,25.9,5.5,4,9.5,0.197,2.7,0.6,3.3,3.1,2025
517,Nolan Traoré,19,BRK,PG,56,31,22.2,3.3,8.6,0.38,1.1,3.4,0.318,2.2,5.1,0.422,0.444,1.3,1.7,0.787,0.3,1.5,1.8,3.8,0.8,0.4,2.3,2.1,8.9,,1243,7.9,0.479,0.401,0.196,1.2,8.4,4.6,27.2,1.8,1.7,19.9,22.8,-2.3,0.6,-1.6,-0.063,-4.8,-2,-6.8,-1.5,2025
518,Luke Travers,24,CLE,SG,12,0,8.6,0.8,3,0.25,0.1,1.3,0.063,0.7,1.7,0.4,0.264,0.8,0.8,1,0.8,1.3,2,0.8,0.6,0.3,0.3,0.5,2.3,,103,10.2,0.35,0.444,0.25,9.7,16,12.8,10.8,3.3,3.7,7,17.5,-0.1,0.2,0.1,0.024,-4.2,1,-3.2,0,2025
519,Gary Trent Jr.,27,MIL,SG,65,21,21.2,2.8,7.3,0.387,1.9,5.3,0.36,0.9,2,0.458,0.517,0.6,0.8,0.769,0.1,0.9,1,1.2,0.5,0,0.6,1.3,8.1,,1377,8,0.533,0.723,0.11,0.7,4.8,2.8,8,1.2,0.2,7.6,17.2,-0.2,0.2,-0.1,-0.002,-3.2,-2.2,-5.4,-1.2,2025
520,Oscar Tshiebwe,26,UTA,C,27,6,16.6,3.4,5.4,0.634,0,0,,3.4,5.4,0.634,0.634,1,1.8,0.551,2.9,3.8,6.6,1.2,0.6,0.2,0.8,1.4,7.8,,448,20.2,0.633,0,0.338,18.1,25.2,21.6,10.6,1.7,1.1,11.2,17.2,1.1,0.3,1.3,0.141,1,-2.8,-1.8,0,2025
521,Myles Turner,29,MIL,C,71,71,26.9,4,9.1,0.44,2.1,5.4,0.383,1.9,3.7,0.523,0.553,1.8,2.5,0.74,1.1,4.3,5.3,1.5,0.7,1.6,1.2,2.6,11.9,,1912,14.2,0.584,0.594,0.274,4.5,17.8,11.2,7.7,1.3,6,10.3,18.6,1.2,1.8,3,0.076,-0.9,0,-0.9,0.5,2025
522,Hunter Tyson,25,DEN,PF,21,2,7.7,0.7,2.5,0.269,0.3,1.6,0.212,0.3,0.9,0.368,0.337,0.5,0.6,0.846,0.2,1.5,1.7,0.8,0.1,0,0.2,0.6,2.2,,162,6.4,0.398,0.635,0.25,2.9,21.1,12.4,13,0.6,0.6,8,16.8,-0.2,0.1,0,-0.013,-5.2,-1.6,-6.8,-0.2,2025
523,Jaylon Tyson,23,CLE,SG,66,42,26.9,5,10.2,0.493,2,4.5,0.446,3,5.6,0.53,0.592,1.2,1.6,0.738,1.8,3.3,5.1,2.2,0.8,0.4,1.5,2.5,13.2,,1777,14.8,0.608,0.445,0.16,7.3,13.6,10.5,11.6,1.5,1.5,12.1,19.3,2.3,1.7,4,0.108,0.6,-0.5,0.1,0.9,2025
524,Stanley Umude,26,SAS,SG,2,0,3.5,0.5,1,0.5,0,0.5,0,0.5,0.5,1,0.5,0,0,,0,0,0,0.5,0.5,0,0,1,1,,7,11.6,0.5,0.5,0,0,0,0,18.8,6.9,0,0,12,0,0,0,0.165,-6.7,7.1,0.4,0,2025
525,Jos Valančiūs,33,DEN,C,65,6,13.4,3.5,6,0.582,0.1,0.4,0.308,3.4,5.6,0.602,0.592,1.6,2.1,0.772,1.6,3.4,5.1,1.2,0.2,0.6,1.1,2,8.7,,871,22,0.63,0.067,0.349,14.2,27.5,21.2,14.1,0.8,4,14,26.1,1.8,1.1,2.9,0.162,0.5,-0.5,0,0.4,2025
526,Jarred Vanderbilt,26,LAL,PF,65,3,17.4,1.7,3.7,0.471,0.4,1.5,0.293,1.3,2.2,0.596,0.531,0.5,0.9,0.589,1.2,3.3,4.5,1.3,0.8,0.3,0.9,1.6,4.4,,1128,11.2,0.544,0.413,0.233,8.6,21.3,15.2,9.6,2.4,1.6,17.5,12.4,0.4,1.5,1.8,0.079,-2.4,0.9,-1.5,0.1,2025
527,Devin Vassell,25,SAS,SG,67,65,30.5,4.9,11.3,0.437,2.5,6.4,0.384,2.4,4.8,0.508,0.547,1.6,1.9,0.815,0.6,3.4,4,2.5,0.9,0.4,0.9,1.6,13.9,,2044,13,0.574,0.572,0.172,2.1,11.8,7.1,11,1.3,1.1,6.9,18,2.3,2.6,4.9,0.115,0.1,0.3,0.5,1.3,2025
528,Gabe Vincent,29,2TM,PG,53,7,16.6,1.4,4.1,0.352,1.1,3.3,0.341,0.3,0.8,0.395,0.488,0.4,0.4,0.87,0.3,0.7,1,1.4,0.5,0.1,0.5,1.5,4.4,,879,6.5,0.511,0.801,0.106,2.2,4.7,3.5,10.8,1.5,0.3,10.7,12.3,0.1,0.5,0.6,0.035,-3.8,-0.5,-4.3,-0.5,2025
529,Nikola Vučević,35,2TM,C,64,49,28.4,6.2,12.5,0.493,1.6,4.2,0.369,4.6,8.3,0.557,0.556,1.2,1.5,0.828,2,6.4,8.4,3.3,0.6,0.6,1.3,2,15.1,,1818,17.7,0.574,0.339,0.116,7.5,23.9,15.8,17.7,1,2,9.2,21.4,2.5,1.9,4.4,0.116,1.4,0.1,1.5,1.6,2025
530,Tristan Vukcevic,22,WAS,C,49,12,13.7,3.1,6.5,0.479,1,2.9,0.347,2.1,3.5,0.59,0.558,1.8,2.3,0.784,0.7,2.3,3,1.1,0.5,0.7,1.3,1.7,9,,671,17.8,0.603,0.454,0.35,5,18.7,11.8,12.8,1.6,4.3,14.5,26.6,0.4,0.4,0.8,0.054,0.8,-0.8,0,0.3,2025
531,Dean Wade,29,CLE,PF,59,38,22.3,2.1,4.7,0.439,1.2,3.3,0.362,0.9,1.4,0.622,0.567,0.5,0.6,0.711,0.9,3.3,4.2,1.5,0.7,0.4,0.3,1.5,5.8,,1318,10.9,0.58,0.705,0.137,4.4,16.1,10.3,8.3,1.6,1.7,5.1,9.9,1.7,1.4,3.1,0.114,-0.8,1,0.2,0.7,2025
532,Franz Wagner,24,ORL,SF,34,32,30,7.2,14.9,0.481,1.4,4.1,0.345,5.8,10.8,0.533,0.529,4.8,5.8,0.823,1.3,3.9,5.2,3.3,0.9,0.3,1.7,2.1,20.6,,1019,19.2,0.588,0.274,0.391,4.7,14.8,9.7,18.2,1.5,1,8.9,27,1.8,1.1,2.8,0.134,2.6,-0.2,2.5,1.2,2025
533,Moritz Wagner,28,ORL,C,36,0,11.9,2.3,5.4,0.426,0.6,1.9,0.314,1.7,3.5,0.488,0.482,1.6,2,0.819,0.8,2.4,3.2,0.8,0.4,0.1,0.5,1.6,6.9,,427,15.3,0.545,0.359,0.369,7,23.2,15,9.7,1.7,0.4,7.7,24.3,0.4,0.6,0.9,0.104,-1.4,-0.8,-2.2,0,2025
534,Jabari Walker,23,PHI,PF,64,6,11.9,1.5,3.3,0.455,0.5,1.5,0.337,1,1.8,0.551,0.531,0.8,1.1,0.735,1.1,1.9,3,0.5,0.4,0.2,0.4,1.6,4.3,,762,12.5,0.568,0.446,0.319,10.2,17.4,13.7,6.1,1.5,1.6,10,15,0.9,0.8,1.7,0.106,-2.1,-0.6,-2.7,-0.1,2025
535,Jarace Walker,22,IND,PF,76,41,25.7,4,9.6,0.419,1.8,4.7,0.374,2.3,5,0.462,0.51,1.8,2.4,0.749,0.6,4.5,5.1,2.5,0.8,0.3,1.8,1.6,11.6,,1953,11.5,0.543,0.486,0.25,2.7,19.5,10.9,14.3,1.5,1.1,14.6,20.7,-1,1.5,0.5,0.013,-1.8,-0.7,-2.4,-0.2,2025
536,Cason Wallace,22,OKC,SG,77,58,26.6,3.3,7.6,0.432,1.3,3.7,0.351,2,3.8,0.51,0.518,0.7,0.9,0.809,0.8,2.3,3.1,2.6,1.9,0.4,0.9,2,8.6,"DPOY-7,DEF2",2046,12.1,0.538,0.493,0.116,3.5,8.9,6.3,12.7,3.5,1.3,10.6,14.5,1,4.2,5.2,0.122,-2.1,3.3,1.2,1.7,2025
537,Keaton Wallace,26,ATL,PG,53,3,10.1,1.3,3.2,0.398,0.7,1.9,0.373,0.6,1.3,0.435,0.509,0.2,0.3,0.667,0.1,1,1.1,1.8,0.5,0.1,0.5,0.9,3.5,,536,10.4,0.52,0.596,0.105,0.6,10.9,5.7,22.5,2.1,0.8,13.5,16.1,0.1,0.6,0.7,0.066,-3,0.3,-2.7,-0.1,2025
538,Jordan Walsh,21,BOS,PF,68,25,17.8,2,3.9,0.509,0.7,1.8,0.384,1.3,2.1,0.62,0.599,0.6,0.8,0.772,1.3,2.8,4,0.8,0.7,0.5,0.5,2,5.4,,1212,13.1,0.623,0.468,0.213,7.9,16.6,12.3,5.8,2,2.6,10.7,11.7,1.9,1.9,3.8,0.15,-1.4,1.6,0.2,0.7,2025
539,Ja'Kobe Walter,21,TOR,SG,72,19,20.5,2.5,5.6,0.446,1.5,3.7,0.409,1,1.9,0.519,0.582,1,1.3,0.789,0.8,1.8,2.6,1.2,1,0.2,0.5,2.3,7.5,,1474,11.8,0.61,0.666,0.223,4.3,10,7.1,7.7,2.4,0.9,7.7,14,1.9,1.9,3.7,0.121,-1.3,1,-0.3,0.6,2025
540,Kel'el Ware,21,MIA,C,77,34,22.1,4.5,8.4,0.53,1.2,3,0.395,3.3,5.4,0.606,0.601,0.9,1.2,0.74,2.8,6.2,9,0.7,0.8,1.1,0.8,1.5,11.1,,1704,20,0.616,0.359,0.148,13.1,29.2,21.1,4.6,1.6,4.4,8.2,18,3.2,3,6.2,0.175,2.1,0.1,2.1,1.8,2025
541,P.J. Washington,27,DAL,PF,56,53,31,5.3,11.8,0.45,1.4,4.2,0.325,3.9,7.6,0.519,0.508,2.2,3.3,0.687,1.5,5.5,7,1.8,1,1.1,1.7,2.1,14.2,,1736,13.1,0.537,0.356,0.277,5.2,18.7,12,8.1,1.5,2.9,11.3,20.1,-0.3,2,1.7,0.046,-1.7,0.1,-1.6,0.2,2025
542,TyTy Washington Jr.,24,LAC,PG,16,0,5.5,0.6,1.2,0.474,0.2,0.5,0.375,0.4,0.7,0.545,0.553,0,0,,0.1,0.3,0.4,1.1,0.4,0.2,0.2,0.4,1.3,,88,13.4,0.553,0.421,0,1.4,6.4,4,26.2,3.4,3.2,13.6,11.1,0.1,0.1,0.2,0.121,-0.8,2.6,1.9,0.1,2025
543,Lindy Waters III,28,SAS,SG,40,0,7.1,0.8,2.2,0.375,0.7,2,0.342,0.2,0.2,0.667,0.528,0.1,0.1,0.667,0.1,0.7,0.7,0.5,0.2,0,0.2,0.6,2.4,,285,7.5,0.532,0.898,0.034,1.2,9.5,5.5,8.5,1,0.3,7.3,14.2,0.1,0.3,0.4,0.063,-2.9,-0.3,-3.2,-0.1,2025
544,Trendon Watford,25,PHI,PF,53,7,16.3,2.6,5.1,0.515,0.2,0.9,0.2,2.4,4.1,0.587,0.534,1.1,1.5,0.779,0.7,2.6,3.3,2.5,0.3,0.4,1.2,2,6.5,,864,13.1,0.573,0.187,0.287,4.7,17.5,11,21.8,0.9,2.4,17.5,17.9,0.6,0.8,1.4,0.078,-2.2,0.2,-1.9,0,2025
545,Jamir Watkins,24,WAS,SG,50,7,20.6,2.6,5.9,0.446,0.9,3.2,0.297,1.7,2.8,0.616,0.525,1.1,1.6,0.695,1,2.9,3.9,1.3,1.1,0.5,0.8,2.6,7.4,,1032,11.8,0.554,0.534,0.277,5,15.4,10.1,8.8,2.5,2.1,10.8,15.1,0.5,0.5,1.1,0.049,-2.9,-0.5,-3.3,-0.3,2025
546,Peyton Watson,23,DEN,SF,54,40,29.6,5.3,10.8,0.491,1.5,3.6,0.411,3.8,7.1,0.531,0.56,2.6,3.5,0.73,0.9,4,4.9,2.1,0.9,1.1,1.7,2.5,14.6,,1598,14.3,0.594,0.339,0.325,3.6,14.4,9.3,9.7,1.5,3.6,12.3,20.6,1,1.6,2.6,0.078,-0.8,-0.5,-1.2,0.3,2025
547,Jaylen Wells,22,MEM,SG,69,69,26.4,4.4,10.1,0.431,1.9,5.3,0.353,2.5,4.8,0.517,0.524,1.9,2.5,0.784,0.9,2.3,3.2,1.6,0.9,0.1,1.1,2.1,12.5,,1821,11.5,0.559,0.523,0.245,3.6,9.6,6.5,8.8,1.6,0.5,8.7,19.3,0.9,0.7,1.6,0.042,-1.8,-1.4,-3.1,-0.5,2025
548,Victor Wembanyama,22,SAS,C,64,55,29.2,8.6,16.9,0.512,1.9,5.5,0.349,6.7,11.4,0.59,0.569,5.8,7,0.827,2,9.5,11.5,3.1,1,3.1,2.4,2.4,25,"MVP-3,DPOY-1,AS,NBA1,DEF1",1866,29.9,0.626,0.324,0.417,7.7,33.9,21.2,17.6,1.7,9.4,10.8,32.4,5,5,10,0.257,6.5,4.2,10.7,6,2025
549,Blake Wesley,22,POR,SG,31,0,11.6,1.8,4,0.452,0.3,1.2,0.278,1.5,2.8,0.523,0.492,0.8,1.5,0.553,0.3,1,1.3,2,0.5,0.2,1,1.1,4.8,,361,10.8,0.511,0.29,0.379,2.4,9.4,5.9,24.8,2.1,1.2,17.6,19.8,-0.1,0.4,0.3,0.038,-3.7,0.1,-3.6,-0.1,2025
550,Russell Westbrook,37,SAC,SF,64,58,29,5.6,13.1,0.427,2,5.9,0.338,3.6,7.2,0.5,0.503,2,2.9,0.694,1.3,4.2,5.4,6.7,1.3,0.2,3.3,2.3,15.2,,1853,15.1,0.528,0.452,0.218,4.7,16.6,10.5,34.3,2.2,0.6,18.5,25.9,-0.6,0.9,0.4,0.009,0.6,-1,-0.4,0.7,2025
551,Coby White,25,2TM,SG,50,26,25,5.6,12.5,0.446,2.3,6.4,0.362,3.3,6.1,0.534,0.539,3.9,4.8,0.817,0.3,3.1,3.4,4,0.5,0.1,2.6,2.2,17.4,,1249,16.1,0.595,0.51,0.387,1.5,13.1,7.4,24.8,0.9,0.4,14.9,28.8,1.2,0.7,2,0.076,0.6,-1.9,-1.3,0.2,2025
552,Derrick White,31,BOS,SG,77,77,34.1,5.7,14.4,0.394,2.7,8.3,0.327,3,6.1,0.487,0.489,2.4,2.6,0.902,1.1,3.3,4.4,5.4,1.1,1.3,1.7,1.5,16.5,"DPOY-6,DEF1",2625,16,0.529,0.578,0.184,3.7,10.4,7.1,22.2,1.7,3.8,10.1,22,3.5,3.5,7,0.129,2.2,1,3.2,3.5,2025
553,Dariq Whitehead,21,MEM,SF,6,2,30.5,6.2,15.5,0.398,3.2,10,0.317,3,5.5,0.545,0.5,0.8,1.2,0.714,0.3,3.7,4,1.5,0.7,0,1.7,2.2,16.3,,183,8.7,0.51,0.645,0.075,1.2,13.2,7.1,7.5,1,0,9.4,24.1,-0.2,0.1,-0.2,-0.047,-3.6,-4.4,-8,-0.3,2025
554,Cam Whitmore,21,WAS,SF,21,0,16.9,3.7,8,0.456,0.8,2.7,0.286,2.9,5.4,0.54,0.503,1.1,1.5,0.742,0.9,1.9,2.8,0.7,0.7,0.4,0.9,1.2,9.2,,354,13.7,0.528,0.331,0.183,5.7,12,8.8,6.5,2,2,9,23.7,-0.1,0.1,0,-0.002,-1.1,-2.1,-3.3,-0.1,2025
555,Aaron Wiggins,27,OKC,SG,65,21,21.8,3.6,8.2,0.431,1.5,4.2,0.356,2.1,4.1,0.508,0.521,0.8,1.1,0.736,0.6,2.4,3.1,1.7,0.9,0.4,1.2,1.3,9.4,,1414,11.7,0.538,0.504,0.134,3.3,11.7,7.6,10.6,2.1,1.9,12.5,19.9,-0.4,2.5,2.1,0.072,-1.7,0.7,-0.9,0.4,2025
556,Andrew Wiggins,30,MIA,SF,68,68,30.3,5.7,12.1,0.475,2,4.9,0.414,3.7,7.2,0.516,0.559,1.9,2.4,0.784,1.7,3.1,4.8,2.7,1.1,1,1.5,2.3,15.4,,2063,15.1,0.586,0.406,0.197,5.7,10.8,8.3,12.3,1.7,3,10.3,19.7,2.2,2.3,4.6,0.106,0.7,0.5,1.2,1.7,2025
557,Alondes Williams,26,WAS,SG,4,0,25.3,4,6.5,0.615,1.3,3.5,0.357,2.8,3,0.917,0.712,1.8,2,0.875,1.3,5,6.3,3,0.8,0.8,1.3,1,11,,101,19.1,0.745,0.538,0.308,5.2,21.7,13.3,16.8,1.4,2.6,14.5,14.3,0.3,0,0.3,0.155,1.5,-0.5,1.1,0.1,2025
558,Amari Williams,24,BOS,PF,22,2,6.6,0.5,0.9,0.5,0,0,,0.5,0.9,0.5,0.5,0.5,0.6,0.714,0.4,1.4,1.8,0.5,0.1,0.5,0.5,0.9,1.4,,146,9.7,0.573,0,0.7,6.9,22.8,15.1,8.5,1,6.9,29.6,11.1,0,0.3,0.2,0.077,-5,2.9,-2.1,0,2025
559,Brandon Williams,26,DAL,PG,66,15,22.2,4.4,9.3,0.472,0.5,2.3,0.232,3.9,7,0.552,0.501,3.7,4.6,0.793,0.5,2.4,2.9,3.9,0.9,0.3,1.9,1.6,13,,1463,16.8,0.572,0.251,0.493,2.2,11.6,6.9,26.3,2,1.2,14.3,25.1,1.2,1.3,2.5,0.083,0.1,0.3,0.4,0.9,2025
560,Cody Williams,21,UTA,SG,67,41,24.3,3.6,7.6,0.468,0.4,2,0.214,3.1,5.6,0.556,0.495,1.3,1.8,0.706,0.9,2,3,2,0.8,0.4,1.1,1.8,8.8,,1631,9.6,0.524,0.257,0.234,3.9,9.3,6.6,11.4,1.5,1.5,11.5,16,0,0.1,0.1,0.004,-3.6,-1.9,-5.5,-1.5,2025
561,Grant Williams,27,CHO,PF,36,3,19.8,2.2,5.1,0.426,1.4,3.7,0.388,0.7,1.4,0.531,0.568,1.2,1.5,0.815,1.3,2.7,3.9,1.6,0.5,0.5,0.9,1.6,7,,711,12.9,0.609,0.732,0.295,7.4,15,11.3,10.6,1.2,2.3,13,14.1,1.1,0.8,1.9,0.131,0.6,1,1.6,0.7,2025
562,Jalen Williams,24,OKC,SG,33,33,28.4,6.5,13.5,0.484,0.7,2.3,0.299,5.8,11.2,0.523,0.51,3.3,3.9,0.837,0.8,3.8,4.6,5.5,1.2,0.3,1.9,2,17.1,,936,19,0.56,0.173,0.289,3.3,13.9,8.8,29.3,2,0.9,11.1,26.2,1.3,1.7,3,0.156,1.1,1,2.1,1,2025
563,Jaylin Williams,23,OKC,PF,65,11,19.6,2.3,5.4,0.423,1.5,3.9,0.383,0.8,1.5,0.531,0.563,1.1,1.4,0.793,0.5,5,5.5,2.4,0.5,0.6,1,2,7.2,,1277,13.8,0.597,0.727,0.261,2.8,26.6,15.2,16,1.2,3.2,14.6,15.6,1.3,2.8,4.1,0.155,0,2.8,2.7,1.5,2025
564,Kenrich Williams,31,OKC,PF,56,2,15.3,2.5,5.3,0.473,0.9,2.3,0.388,1.6,3,0.539,0.557,0.6,0.9,0.635,1.1,2.3,3.3,1.4,0.6,0.1,0.8,1.1,6.5,,855,14.2,0.569,0.436,0.176,7.8,15.6,11.9,12.7,1.8,0.6,11.9,18.3,0.8,1.5,2.3,0.13,-0.1,0.3,0.2,0.5,2025
565,Mark Williams,24,PHO,C,60,55,23.6,4.7,7.3,0.644,0,0,1,4.7,7.3,0.643,0.645,2.3,2.9,0.771,3.1,4.9,8,1,0.9,0.9,1.1,2.2,11.7,,1416,21.8,0.68,0.002,0.4,14,23.7,18.7,6.3,1.9,3.7,11.2,17.4,4,2.3,6.3,0.215,1.5,0.5,2,1.4,2025
566,te Williams,26,GSW,SG,14,2,17.1,3.1,6.3,0.489,0.9,2.1,0.433,2.1,4.1,0.517,0.563,0.9,1.1,0.867,1.4,0.7,2.1,1,0.4,0,1.1,1.9,8,,239,11.3,0.592,0.341,0.17,9.2,4.8,7,8.8,1,0,13.7,19.5,0.2,0.1,0.3,0.052,-2.1,-2.9,-5,-0.2,2025
567,Patrick Williams,24,CHI,PF,72,6,20.5,2.5,6.6,0.372,1.3,3.8,0.347,1.2,2.8,0.407,0.472,0.8,1,0.72,0.7,2.3,3,1.5,0.7,0.4,1,1.3,7,,1474,8.2,0.494,0.573,0.157,3.6,11.8,7.7,9.4,1.6,1.5,12.8,16.6,-1.1,1,-0.1,-0.005,-3.4,-1.1,-4.5,-0.9,2025
568,Robert Williams,28,POR,C,59,1,17.1,3,4.2,0.708,0.2,0.4,0.391,2.8,3.8,0.74,0.726,0.6,1,0.596,2.4,4.6,7,1,0.6,1.5,0.8,1.3,6.7,,1008,22.1,0.722,0.092,0.228,14.9,29.9,22.3,8.9,1.7,7.7,15.1,13.1,2.4,2,4.5,0.213,2,2.4,4.5,1.7,2025
569,Vince Williams Jr.,25,2TM,SG,40,12,20.5,2.6,7.3,0.353,1.4,4.4,0.311,1.2,2.9,0.417,0.447,1,1.3,0.78,1,2.9,3.9,4.2,0.7,0.4,1.8,2,7.5,,820,10.7,0.478,0.606,0.171,5.1,15.6,10.2,27.5,1.7,1.8,18.2,19.5,-0.4,0.5,0.1,0.008,-1.5,0.5,-1,0.2,2025
570,Ziaire Williams,24,BRK,SF,56,13,22.9,3.3,7.7,0.425,1.5,4.5,0.343,1.8,3.3,0.538,0.524,2.1,2.5,0.85,0.5,1.9,2.4,1.1,1.4,0.4,1.1,2.1,10.2,,1281,12.4,0.579,0.58,0.323,2.6,10,6.1,7.4,2.9,1.5,10.7,18.9,0.5,1.1,1.6,0.059,-2,0.4,-1.7,0.1,2025
571,Lucas Williamson,27,MEM,SG,7,2,32,3.6,10.7,0.333,2.1,7.6,0.283,1.4,3.1,0.455,0.433,1.1,1.1,1,1.6,3.9,5.4,2.6,1.6,0.1,1.4,3.7,10.4,,224,8,0.465,0.707,0.107,5.2,13.3,9.2,10.8,2.3,0.4,11.3,16.4,-0.1,0.2,0,0.005,-5.4,-2.1,-7.6,-0.3,2025
572,Zion Williamson,25,NOP,PF,62,55,29.7,7.8,13,0.6,0,0.1,0.25,7.8,13,0.601,0.6,5.4,7.5,0.716,2,3.7,5.7,3.2,1,0.5,2,2.3,21,,1841,22.6,0.644,0.005,0.576,7.2,13.5,10.3,17.7,1.6,1.7,11.1,25.7,5,1,6.1,0.159,3.5,-0.6,2.9,2.3,2025
573,Jalen Wilson,25,BRK,PF,54,2,15.9,2,5.1,0.396,1,2.8,0.355,1,2.3,0.444,0.493,1.3,1.8,0.719,0.3,1.8,2.1,0.9,0.4,0,0.7,1.6,6.4,,859,8.7,0.536,0.547,0.345,2.2,13.9,7.7,9,1.3,0.2,10.6,18.2,-0.2,0.4,0.2,0.012,-3.6,-2.1,-5.6,-0.8,2025
574,James Wiseman,24,IND,C,4,1,14.5,1.5,2.5,0.6,0,0,,1.5,2.5,0.6,0.6,0.3,0.5,0.5,1.3,0.8,2,0.8,0,0.3,1.3,2.5,3.3,,58,4.1,0.597,0,0.2,9.2,5.8,7.5,7,0,1.5,31.5,11.6,0,0,0,-0.028,-8,-1,-9,-0.1,2025
575,Danny Wolf,21,BRK,PF,57,15,20.8,3.1,7.7,0.405,1.2,3.7,0.322,1.9,4,0.48,0.482,1.5,1.9,0.771,1,3.9,4.9,2.2,0.5,0.6,1.3,2.2,8.9,,1187,12.3,0.521,0.48,0.248,5.3,23.2,13.8,17.1,1.2,2.5,13,20.6,-0.2,1,0.8,0.032,-2.2,-0.3,-2.5,-0.2,2025
576,Guerschon Yabusele,30,2TM,C,67,19,15,1.9,4.7,0.401,1,2.9,0.352,0.8,1.7,0.483,0.511,0.8,1.1,0.75,0.8,2.7,3.5,0.9,0.4,0.2,0.6,1.2,5.6,,1007,11.1,0.543,0.628,0.231,6.1,19,12.6,8.3,1.2,1.5,10.7,16.1,0.4,1,1.4,0.067,-1.7,-0.5,-2.2,-0.1,2025
577,Jahmir Young,25,MIA,PG,14,0,4.1,0.7,1.8,0.4,0.2,0.6,0.333,0.5,1.1,0.438,0.46,0.1,0.1,1,0.1,0.1,0.3,0.6,0.1,0,0.2,0.5,1.8,,58,8.5,0.483,0.36,0.08,3.6,3.6,3.6,21.1,0.8,0,10.4,20.3,0,0,0,0.016,-4.8,-1.9,-6.7,-0.1,2025
578,Trae Young,27,2TM,PG,15,15,25.6,5.4,11.8,0.458,1.8,5.3,0.338,3.6,6.5,0.557,0.534,5.3,6.5,0.825,0.3,1.7,2,8,0.9,0.1,2.6,2.2,17.9,,384,21.1,0.612,0.452,0.548,1.1,7.4,4.2,45.8,1.6,0.5,15.1,28.1,1.2,0.2,1.4,0.174,4.2,-1.4,2.8,0.5,2025
579,Chris Youngblood,23,2TM,SG,34,0,5.4,0.6,1.9,0.349,0.5,1.6,0.333,0.1,0.3,0.444,0.492,0.3,0.3,0.9,0.2,0.6,0.8,0.4,0.1,0.1,0.1,0.6,2.1,,185,10.4,0.527,0.857,0.159,4.3,11.8,8.2,8.5,1,1.6,2.9,16.2,0.2,0.3,0.5,0.117,-2.2,-0.1,-2.3,0,2025
580,Omer Yurtseven,27,GSW,C,9,0,11.6,1.2,2.9,0.423,0,0.4,0,1.2,2.4,0.5,0.423,1.3,2,0.667,1.4,1.9,3.3,0.9,0.2,0.1,1,1.7,3.8,,104,9.1,0.501,0.154,0.692,13.7,18.6,16.1,10.4,0.9,0.9,21,17.5,0,0.1,0.1,0.024,-5.6,-2,-7.6,-0.1,2025
581,Rocco Zikarsky,19,MIN,C,5,0,7.2,1,1.6,0.625,0,0,,1,1.6,0.625,0.625,0.8,0.8,1,0.4,2.4,2.8,0.4,0,1,0.2,0.6,2.8,,36,21,0.717,0,0.5,6.2,35.9,21.4,7.5,0,12,9.3,12.6,0.1,0.1,0.2,0.237,0.7,1.7,2.4,0,2025
582,Ivica Zubac,28,2TM,C,48,47,30.1,6,10,0.598,0,0,,6,10,0.598,0.598,2.1,3,0.711,3.4,7.2,10.6,2.2,0.4,0.8,1.8,2.3,14.1,,1446,18.6,0.622,0,0.295,13.3,27.2,20.4,11.3,0.6,2.6,13.6,19.2,2.6,1.6,4.2,0.139,0.7,-0.9,-0.3,0.6,2025
