Rk,Player,Age,Team,Pos,G,GS,MPAVG,FG,FGA,FG%,3P,3PA,3P%,2P,2PA,2P%,eFG%,FT,FTA,FT%,ORB,DRB,TRB,AST,STL,BLK,TOV,PF,PTS,Awards,MPTotal,PER,TS%,3PAr,FTr,ORB%,DRB%,TRB%,AST%,STL%,BLK%,TOV%,USG%,OWS,DWS,WS,WS/48,OBPM,DBPM,BPM,VORP,SEASON
1,Precious Achiuwa,24,2TM,C,74,18,21.9,3.2,6.3,0.501,0.4,1.3,0.268,2.8,5,0.562,0.529,0.9,1.5,0.616,2.6,4,6.6,1.3,0.6,0.9,1.1,1.9,7.6,,1624,14.6,0.545,0.207,0.239,13,20.5,16.7,8.4,1.4,3.9,13.8,15.9,1.2,2.2,3.4,0.102,-1.7,0.3,-1.4,0.2,2023
2,Bam Adebayo,26,MIA,C,71,71,34,7.5,14.3,0.521,0.2,0.6,0.357,7.3,13.7,0.528,0.529,4.1,5.5,0.755,2.2,8.1,10.4,3.9,1.1,0.9,2.3,2.2,19.3,"DPOY-3,AS,DEF1",2416,19.8,0.576,0.041,0.381,7.4,27.3,17.3,18.9,1.7,2.7,12,24.9,2.9,4.3,7.2,0.144,0.8,1.7,2.4,2.7,2023
3,Ochai Agbaji,23,2TM,SG,78,28,21,2.3,5.6,0.411,0.8,2.7,0.294,1.5,2.8,0.523,0.483,0.5,0.7,0.661,0.9,1.8,2.8,1.1,0.6,0.6,0.8,1.5,5.8,,1641,7.7,0.497,0.487,0.129,4.9,9.6,7.2,6.6,1.4,2.4,12.3,13.4,-0.5,0.6,0.1,0.002,-3.5,-0.9,-4.4,-1,2023
4,Santi Aldama,23,MEM,PF,61,35,26.5,4,9.3,0.435,1.7,5,0.349,2.3,4.3,0.534,0.528,0.9,1.4,0.621,1.2,4.6,5.8,2.3,0.7,0.9,1.1,1.5,10.7,,1618,13.1,0.539,0.535,0.153,4.7,19.7,11.9,13.3,1.3,3.1,10.2,17.9,0.4,2,2.4,0.07,-0.7,0.4,-0.2,0.7,2023
5,Nickeil Alexander-Walker,25,MIN,SG,82,20,23.4,2.9,6.6,0.439,1.6,4.1,0.391,1.3,2.5,0.517,0.56,0.6,0.8,0.8,0.4,1.6,2,2.5,0.8,0.5,0.9,1.7,8,,1921,10.9,0.578,0.623,0.121,2.2,7.5,4.9,14.5,1.6,1.9,11.8,14.8,1.5,2.8,4.3,0.107,-1.1,1.3,0.2,1.1,2023
6,Grayson Allen,28,PHO,SG,75,74,33.5,4.5,9.1,0.499,2.7,5.9,0.461,1.8,3.2,0.57,0.649,1.7,2,0.878,0.6,3.3,3.9,3,0.9,0.6,1.3,2.1,13.5,,2513,13.8,0.679,0.652,0.216,2.3,10.6,6.6,12.1,1.3,1.6,11.3,14.5,4.7,2.2,6.9,0.132,1.1,0.1,1.3,2,2023
7,Jarrett Allen,25,CLE,C,77,77,31.7,6.7,10.6,0.634,0,0.1,0,6.7,10.6,0.638,0.634,3,4.1,0.742,3.2,7.4,10.5,2.7,0.7,1.1,1.6,1.9,16.5,DPOY-10,2442,21.8,0.664,0.007,0.383,11.3,25.8,18.7,13.2,1.1,3,11.2,19.4,6.8,3.9,10.7,0.21,2.1,0.9,3,3.1,2023
8,Timmy Allen,24,MEM,SF,5,0,25,1.2,4.6,0.261,0,1.4,0,1.2,3.2,0.375,0.261,0.2,0.4,0.5,0.8,2.6,3.4,1,0.8,0,0.4,3.6,2.6,,125,0.8,0.272,0.304,0.087,3.4,11.8,7.4,5.4,1.6,0,7.7,8.9,-0.2,0.1,-0.1,-0.041,-10.3,-0.7,-11.1,-0.3,2023
9,Jose Alvarado,25,NOP,PG,56,0,18.4,2.5,6.2,0.412,1.4,3.7,0.377,1.1,2.5,0.464,0.525,0.6,0.9,0.673,0.4,1.8,2.3,2.1,1.1,0.3,0.7,1.6,7.1,6MOY-6,1028,12.5,0.54,0.6,0.151,2.7,11,6.9,15.3,2.8,1.4,9.8,17.3,0.6,1.5,2.1,0.097,-1.5,1.5,-0.1,0.5,2023
10,Kyle Anderson,30,MIN,PF,79,10,22.6,2.5,5.5,0.46,0.1,0.6,0.229,2.4,4.9,0.488,0.472,1.2,1.7,0.708,0.8,2.7,3.5,4.2,0.9,0.6,1.2,1.6,6.4,,1782,12.7,0.513,0.111,0.316,4,13,8.7,25,2,2.3,15.6,14.5,1.4,3.1,4.5,0.121,-1.6,2.7,1.1,1.4,2023
11,Giannis Antetokounmpo,29,MIL,PF,73,73,35.2,11.5,18.8,0.611,0.5,1.7,0.274,11,17.1,0.645,0.624,7,10.7,0.657,2.7,8.8,11.5,6.5,1.2,1.1,3.4,2.9,30.4,"MVP-4,DPOY-9,CPOY-12,AS,NBA1",2567,29.9,0.649,0.091,0.571,8.6,27,17.9,32.7,1.6,2.6,12.7,33,9.5,3.7,13.2,0.246,6.7,2.4,9,7.2,2023
12,Thanasis Antetokounmpo,31,MIL,PF,34,0,4.6,0.5,0.9,0.533,0,0,0,0.5,0.9,0.552,0.533,0,0.1,0,0.2,0.2,0.4,0.5,0.2,0.1,0.4,0.7,0.9,,155,5.5,0.518,0.033,0.067,5.1,4.2,4.6,13.9,2.2,2.2,31.2,12.5,-0.2,0.1,0,-0.01,-6.7,0.3,-6.4,-0.2,2023
13,Cole Anthony,23,ORL,PG,81,0,22.4,4.1,9.4,0.435,1.1,3.4,0.338,3,6,0.49,0.496,2.2,2.7,0.826,0.8,3,3.8,2.9,0.8,0.5,1.6,2.2,11.6,,1817,14.6,0.545,0.36,0.286,4.1,16.1,10.1,19.8,1.7,1.9,12.8,23.7,0.9,2.7,3.6,0.096,-0.6,0.7,0.1,1,2023
14,OG Anunoby,26,2TM,SF,50,50,34,5.6,11.5,0.489,2,5.3,0.382,3.6,6.2,0.581,0.577,1.3,1.8,0.753,0.9,3.2,4.2,2.1,1.4,0.7,1.6,2.4,14.7,,1702,12.8,0.595,0.463,0.154,3,10.6,6.8,9,2,1.9,11.6,17.6,1.1,1.5,2.6,0.073,-1,0.5,-0.6,0.6,2023
15,Ryan Arcidiacono,29,NYK,PG,20,0,2.3,0,0.3,0,0,0.3,0,0,0,,0,0,0,,0,0.4,0.4,0.2,0.1,0,0.1,0.3,0,,45,-2,0,1,0,0,20,10,10.4,2.2,0,25,7.7,-0.1,0.1,-0.1,-0.089,-11.5,1.9,-9.6,-0.1,2023
16,Deni Avdija,23,WAS,SF,75,75,30.1,5.4,10.7,0.506,1.2,3.1,0.374,4.2,7.6,0.56,0.56,2.7,3.6,0.74,1.1,6.1,7.2,3.8,0.8,0.5,2.1,2.5,14.7,,2257,14.9,0.597,0.293,0.34,3.9,22.1,12.8,17.8,1.2,1.3,14.8,20.2,1.7,1.5,3.2,0.068,-0.7,-0.2,-0.9,0.6,2023
17,Deandre Ayton,25,POR,C,55,55,32.4,7.8,13.6,0.57,0,0.2,0.1,7.7,13.4,0.576,0.571,1.2,1.4,0.823,3.2,7.9,11.1,1.6,1,0.8,1.8,2,16.7,,1784,18.9,0.587,0.013,0.105,10.4,28.9,19.1,8.8,1.5,2.1,11.2,21.1,1.8,2.1,3.9,0.106,0.5,-0.2,0.3,1,2023
18,Udoka Azubuike,24,PHO,C,16,0,7.1,1,1.4,0.696,0,0,,1,1.4,0.696,0.696,0.2,0.8,0.231,0.7,1.3,2,0.2,0.1,0.4,0.3,1.1,2.2,,113,12.3,0.609,0,0.565,11.6,20,16,3.6,0.4,4.7,12.2,12.6,0.1,0.1,0.2,0.1,-3,-0.1,-3.2,0,2023
19,Ibou Badji,21,POR,C,22,1,10.3,0.6,1,0.636,0,0,,0.6,1,0.636,0.636,0.3,0.5,0.5,0.9,1.4,2.3,0.6,0.1,0.9,0.7,2.1,1.5,,226,8.1,0.623,0,0.545,9.4,16.3,12.6,7.7,0.7,8,35.5,8,0,0.2,0.2,0.046,-7.7,1.9,-5.8,-0.2,2023
20,Marvin Bagley III,24,2TM,C,50,25,21.1,4.8,8.2,0.586,0.2,0.5,0.391,4.6,7.7,0.597,0.597,1.9,2.5,0.762,2.6,3.6,6.2,1.1,0.4,0.7,1.2,1.6,11.7,,1053,19.4,0.629,0.056,0.309,13.1,19.2,16.1,8.1,0.9,2.6,11.3,21,2,0.7,2.7,0.122,1,-1.4,-0.4,0.4,2023
21,Amari Bailey,19,CHO,PG,10,0,6.5,0.8,2.4,0.333,0.1,0.8,0.125,0.7,1.6,0.438,0.354,0.6,0.7,0.857,0.6,0.3,0.9,0.7,0.3,0,0.4,0.2,2.3,,65,9.7,0.425,0.333,0.292,10.1,5.3,7.8,15.2,2.3,0,12.9,21.1,-0.1,0,-0.1,-0.044,-5.2,-3.1,-8.3,-0.1,2023
22,Patrick Baldwin Jr.,21,WAS,SF,38,7,13,1.6,4.1,0.381,0.8,2.6,0.32,0.7,1.5,0.483,0.481,0.5,0.7,0.679,0.4,2.8,3.2,0.8,0.5,0.4,0.5,1.5,4.4,,493,9.7,0.502,0.626,0.181,3.6,23.5,13.3,7.6,1.7,2.5,10.2,15.9,-0.3,0.5,0.2,0.019,-4,-0.6,-4.6,-0.3,2023
23,LaMelo Ball,22,CHO,PG,22,22,32.3,8.3,19.2,0.433,3.2,9,0.355,5.1,10.3,0.5,0.515,4.1,4.7,0.865,1.3,3.8,5.1,8,1.8,0.2,3.8,3.6,23.9,,711,20.8,0.561,0.466,0.246,4.4,13.7,8.9,43.1,2.8,0.5,15,34.3,0.6,0.5,1.1,0.074,3.8,-0.5,3.3,1,2023
24,Mo Bamba,25,PHI,C,57,17,13,1.7,3.5,0.49,0.4,1.1,0.391,1.3,2.4,0.537,0.553,0.6,0.9,0.68,1.4,2.8,4.2,0.7,0.4,1.1,0.7,1.8,4.4,,740,15.4,0.575,0.323,0.253,11.3,24.5,17.8,7.6,1.5,7.4,15.1,15.1,0.6,1.3,2,0.128,-2.3,1.4,-1,0.2,2023
25,Paolo Banchero,21,ORL,PF,80,80,35,8,17.6,0.455,1.5,4.4,0.339,6.5,13.2,0.493,0.497,5.1,7,0.725,1,5.9,6.9,5.4,0.9,0.6,3.1,1.9,22.6,AS,2799,17.3,0.546,0.249,0.397,3.4,20,11.6,25.2,1.3,1.6,13,29.7,1.3,4,5.3,0.09,1.3,0,1.3,2.3,2023
26,Desmond Bane,25,MEM,SG,42,42,34.4,8.6,18.5,0.464,3.3,8.6,0.381,5.3,9.9,0.536,0.552,3.3,3.8,0.87,0.9,3.5,4.4,5.5,1,0.5,2.7,2.9,23.7,,1443,18.5,0.589,0.464,0.207,2.6,11.8,7,29.2,1.5,1.4,11.7,28.5,1.8,1.3,3.1,0.102,3.1,-0.3,2.8,1.7,2023
27,Dalano Banton,24,2TM,PG,54,9,19.4,3.7,9.3,0.404,1.1,3.7,0.296,2.6,5.6,0.475,0.463,1.7,2.2,0.783,0.8,2.5,3.3,2.4,0.6,0.4,1.4,1.2,10.3,,1047,13.3,0.504,0.398,0.24,4.2,15.2,9.5,19.4,1.6,1.7,12.2,25.7,-0.4,0.9,0.5,0.024,-0.7,-0.6,-1.3,0.2,2023
28,Dominick Barlow,20,SAS,PF,33,1,12.7,1.7,3.4,0.496,0.1,0.3,0.333,1.6,3.2,0.51,0.509,0.9,1.3,0.69,1.4,2.1,3.4,1.1,0.4,0.4,0.3,1.4,4.4,,420,14.6,0.548,0.08,0.372,11.5,17.7,14.5,11.7,1.4,2.8,6.4,14.1,0.7,0.4,1.1,0.126,-1.7,0,-1.7,0,2023
29,Harrison Barnes,31,SAC,PF,82,82,29,4.2,8.9,0.474,1.8,4.7,0.387,2.4,4.2,0.571,0.576,1.9,2.4,0.801,0.8,2.2,3,1.2,0.7,0.1,0.7,1.2,12.2,,2381,11.9,0.611,0.526,0.268,3.1,8.8,5.9,5.6,1.1,0.5,6.6,15.7,3.1,1.5,4.7,0.094,-0.6,-1.2,-1.8,0.1,2023
30,Scottie Barnes,22,TOR,SG,60,60,34.9,7.5,15.7,0.475,1.7,4.9,0.341,5.8,10.8,0.536,0.528,3.3,4.2,0.781,2.4,5.9,8.2,6.1,1.3,1.5,2.8,2,19.9,AS,2094,19.5,0.566,0.314,0.266,7.3,18.9,13,26.2,1.7,3.7,13.6,24.8,2.3,2,4.3,0.098,2.9,0.8,3.7,3,2023
31,RJ Barrett,23,2TM,SG,58,58,31.7,7.5,15.2,0.495,1.6,4.3,0.36,6,10.9,0.549,0.547,3.6,5,0.715,0.9,4.5,5.4,3.3,0.5,0.4,2.2,2.2,20.2,,1838,16.4,0.58,0.284,0.331,3.1,16,9.5,16.7,0.8,1.1,11.1,26.5,1.6,1.2,2.9,0.075,0.7,-1.5,-0.8,0.6,2023
32,Charles Bassey,23,SAS,C,19,0,10.8,1.5,2.1,0.725,0,0.1,0,1.5,2.1,0.744,0.725,0.3,0.3,0.833,1.2,2.8,4,1.1,0.4,0.9,0.8,1.6,3.3,,205,17.7,0.739,0.025,0.15,12,28.2,20,14.1,1.9,6.9,26,11.9,0.3,0.4,0.7,0.157,-1.8,3.1,1.3,0.2,2023
33,Emoni Bates,20,CLE,SF,15,0,8.9,1,3.3,0.306,0.7,2.2,0.303,0.3,1.1,0.313,0.408,0.1,0.3,0.25,0.1,0.9,0.9,0.7,0.1,0.1,0.5,0.3,2.7,,133,2.6,0.404,0.673,0.082,0.9,10.9,5.9,10,0.4,1.4,13.6,19.5,-0.4,0.1,-0.3,-0.092,-6.2,-3,-9.2,-0.2,2023
34,Keita Bates-Diop,28,2TM,SF,53,8,12.5,1.4,3.1,0.434,0.4,1.3,0.304,1,1.8,0.526,0.497,0.6,0.8,0.762,0.6,1.5,2.1,0.7,0.5,0.4,0.3,0.7,3.7,,665,11.5,0.534,0.416,0.253,5.5,12.8,9.3,7.4,1.8,2.9,7.5,13,0.5,0.8,1.3,0.091,-1.5,0.4,-1,0.2,2023
35,Nicolas Batum,35,2TM,PF,60,38,25.5,1.9,4.3,0.453,1.2,3.1,0.395,0.7,1.2,0.606,0.596,0.3,0.4,0.714,1.2,3,4.1,2.1,0.8,0.6,0.7,1.8,5.3,,1529,10.2,0.603,0.723,0.082,5,13.1,9,10.7,1.5,2.3,13.1,8.6,1.7,1.6,3.3,0.103,-1.3,0.8,-0.4,0.6,2023
36,Darius Bazley,23,2TM,PF,9,0,16.9,2,3.3,0.6,0.2,0.9,0.25,1.8,2.4,0.727,0.633,1.1,1.3,0.833,0.9,2.2,3.1,0.8,0.7,0.8,0.9,0.3,5.3,,152,13.9,0.68,0.267,0.4,5.8,14.4,10.1,6,1.9,4.1,18.5,11.9,0.2,0.1,0.3,0.084,-0.9,0.5,-0.4,0.1,2023
37,Bradley Beal,30,PHO,SG,53,53,33.3,7.1,13.9,0.513,1.9,4.4,0.43,5.2,9.4,0.552,0.582,2.1,2.5,0.813,1,3.4,4.4,5,1,0.5,2.5,2.4,18.2,,1767,16.3,0.607,0.32,0.182,3.6,10.8,7.4,22.5,1.4,1.3,14.2,22.7,2.4,1.5,3.9,0.107,0.9,-0.6,0.4,1.1,2023
38,Malik Beasley,27,MIL,SG,79,77,29.6,4.1,9.1,0.443,2.8,6.9,0.413,1.2,2.3,0.533,0.598,0.3,0.4,0.714,0.5,3.2,3.7,1.4,0.7,0.1,0.7,2,11.3,,2337,10.3,0.603,0.751,0.048,2,11.4,6.8,6.1,1.2,0.3,6.8,14.6,1.9,1.6,3.5,0.073,-1,-0.8,-1.8,0.1,2023
39,MarJon Beauchamp,23,MIL,SF,48,1,12.7,1.7,3.5,0.488,0.6,1.6,0.4,1.1,1.9,0.56,0.578,0.4,0.6,0.679,0.5,1.6,2.1,0.6,0.3,0.1,0.6,1.1,4.4,,608,9.7,0.592,0.452,0.169,4.1,13.6,8.9,6.7,1,1,13.2,14.6,0.2,0.5,0.7,0.056,-2.3,-0.9,-3.2,-0.2,2023
40,Jules Bernard,24,WAS,SG,19,0,7.8,1.5,3.4,0.453,0.6,1.5,0.379,0.9,1.8,0.514,0.539,0.3,0.5,0.556,0.5,0.8,1.4,0.8,0.2,0.1,0.4,0.7,3.9,,149,12.7,0.544,0.453,0.141,7,11.8,9.3,15.4,0.9,0.5,10.5,21.5,0,0,0.1,0.026,-0.6,-2.5,-3,0,2023
41,Dāvis Bertāns,31,2TM,PF,43,1,15.7,2.1,5.4,0.393,1.8,4.7,0.38,0.4,0.8,0.471,0.556,0.7,0.8,0.909,0.2,1.2,1.4,0.8,0.6,0.3,0.4,1.3,6.7,,674,11.6,0.583,0.855,0.141,1.5,8.8,5.1,7.2,1.9,1.7,6.8,17.4,0.5,0.4,0.9,0.061,-0.8,-0.6,-1.4,0.1,2023
42,Patrick Beverley,35,2TM,PG,73,13,20,2.2,5.2,0.417,0.8,2.5,0.337,1.3,2.7,0.49,0.497,1,1.2,0.822,0.7,2.6,3.3,2.9,0.6,0.4,0.9,1.8,6.2,,1462,11.6,0.539,0.478,0.237,3.7,14.3,9,19,1.4,1.9,13.4,14.3,1.2,1.5,2.7,0.09,-1.5,0.5,-1.1,0.3,2023
43,Saddiq Bey,24,ATL,SF,63,51,32.7,4.6,11.1,0.416,1.8,5.7,0.316,2.8,5.4,0.522,0.497,2.7,3.2,0.837,2.7,3.9,6.5,1.5,0.8,0.2,0.9,1.4,13.7,,2062,13.1,0.549,0.514,0.291,8.5,13.4,10.9,6,1.2,0.5,6.4,17,2.8,0.7,3.5,0.081,0.1,-2,-1.8,0.1,2023
44,Goga Bitadze,24,ORL,C,62,33,15.4,2,3.4,0.603,0,0.2,0.143,2,3.1,0.636,0.608,0.9,1.4,0.655,1.8,2.9,4.6,1.3,0.5,1.2,0.7,1.7,5,,957,17.8,0.629,0.067,0.416,13.3,21.9,17.5,11.7,1.7,7,15.1,13.3,1.8,1.9,3.7,0.186,-0.7,2.8,2.1,1,2023
45,Onuralp Bitim,24,CHI,SG,23,1,11.7,1.4,3.7,0.381,0.5,1.9,0.273,0.9,1.7,0.5,0.452,0.2,0.2,0.8,0.3,1.1,1.4,0.6,0.1,0.1,0.4,1,3.5,,268,5,0.464,0.524,0.06,2.5,11.1,6.7,6.5,0.6,0.8,10.4,15.8,-0.3,0.1,-0.1,-0.027,-5.4,-2,-7.4,-0.4,2023
46,Bismack Biyombo,31,2TM,C,40,27,19.8,1.9,3.3,0.565,0,0,,1.9,3.3,0.565,0.565,0.7,1.4,0.481,1.6,3.7,5.2,1.3,0.3,0.9,1.1,2.2,4.4,,791,9.9,0.562,0,0.412,8.3,21.1,14.5,9.5,0.7,4.4,21.3,10.7,0.1,1,1.1,0.066,-4.8,1.4,-3.4,-0.3,2023
47,Anthony Black,20,ORL,PG,69,33,16.9,1.7,3.6,0.466,0.5,1.4,0.394,1.1,2.2,0.51,0.54,0.7,1.2,0.613,0.5,1.5,2,1.3,0.5,0.3,0.8,1.6,4.6,,1164,8.4,0.56,0.381,0.324,3.3,10.8,7,10.6,1.5,1.7,16.6,12.7,0.1,1.5,1.6,0.067,-3.8,0.8,-3,-0.3,2023
48,Leaky Black,24,CHO,SF,26,3,10.9,1,2,0.481,0.3,0.8,0.45,0.6,1.2,0.5,0.567,0.4,0.6,0.667,0.3,1.5,1.8,0.9,0.3,0.4,0.2,0.7,2.7,,284,11.5,0.589,0.385,0.288,3.5,15.9,9.5,11.4,1.4,3.6,9.3,10.1,0.3,0.2,0.5,0.084,-2.6,0.3,-2.4,0,2023
49,Buddy Boeheim,24,DET,SF,10,0,8.4,0.9,2.9,0.31,0.8,2.5,0.32,0.1,0.4,0.25,0.448,0.8,1,0.8,0.3,0.7,1,0.3,0,0.1,0,0.5,3.4,,84,9.1,0.509,0.862,0.345,3.9,9.5,6.6,4.8,0,1,0,17,0.1,0,0.1,0.047,-0.7,-2.8,-3.5,0,2023
50,Bogdan Bogdanović,31,ATL,SG,79,33,30.4,6,13.9,0.428,3,8.1,0.374,2.9,5.8,0.503,0.537,1.9,2.1,0.921,0.7,2.8,3.4,3.1,1.2,0.3,1.4,2.3,16.9,6MOY-5,2401,14.7,0.569,0.583,0.149,2.3,10.3,6.2,14.9,1.9,1,8.7,22.3,2.8,1.2,3.9,0.079,0.9,-0.7,0.2,1.4,2023
51,Bojan Bogdanović,34,2TM,PF,57,27,25.9,5.4,11.9,0.454,2.3,5.9,0.398,3.1,6.1,0.507,0.551,2.1,2.6,0.785,0.4,2.3,2.7,1.7,0.5,0.1,1.8,1.7,15.2,6MOY-9,1478,12.6,0.581,0.49,0.219,1.6,10,5.7,10.3,1,0.3,11.9,24.6,0.3,0.7,1.1,0.034,-0.7,-2.5,-3.2,-0.4,2023
52,Bol Bol,24,PHO,PF,43,0,10.9,2.2,3.5,0.616,0.5,1.2,0.423,1.7,2.3,0.717,0.689,0.3,0.4,0.789,0.7,2.4,3.2,0.4,0.2,0.6,0.4,1,5.2,,469,18.7,0.7,0.344,0.126,8.1,24.1,16.5,5.3,1,4.7,10.7,16.5,1,0.7,1.6,0.168,1.4,0.8,2.1,0.5,2023
53,Marques Bolden,25,2TM,C,11,2,11,1.5,2.3,0.68,0,0.1,0,1.5,2.2,0.708,0.68,0.3,0.4,0.75,0.9,2.2,3.1,0.4,0.3,0.6,0.3,0.9,3.4,,121,16,0.691,0.04,0.16,9,22.8,15.8,4.8,1.2,5.4,10.1,10.9,0.2,0.1,0.3,0.134,-2.1,-0.5,-2.7,0,2023
54,Devin Booker,27,PHO,PG,68,68,36,9.4,19.2,0.492,2.2,6.1,0.364,7.2,13,0.552,0.55,6,6.7,0.886,0.8,3.7,4.5,6.9,0.9,0.4,2.6,3,27.1,"AS,NBA3",2447,21.9,0.611,0.32,0.35,2.7,11.1,7.1,31.2,1.2,1,10.6,29.8,7.2,2,9.2,0.181,4,-1,3,3.1,2023
55,Brandon Boston Jr.,22,LAC,SF,32,0,10.8,2,5,0.404,0.4,1.6,0.269,1.6,3.4,0.468,0.447,0.7,1,0.697,0.6,1,1.6,0.4,0.3,0.3,0.8,1.3,5.2,,345,8.7,0.476,0.323,0.205,6.4,10.4,8.5,5.4,1.6,2.1,12,25.4,-0.6,0.3,-0.3,-0.04,-6.2,-2.7,-9,-0.6,2023
56,Chris Boucher,31,TOR,PF,50,0,14.1,2.2,4.3,0.507,0.6,1.9,0.33,1.6,2.5,0.642,0.578,1.4,1.8,0.772,1.2,2.9,4.1,0.5,0.3,0.5,0.6,1.4,6.4,,705,16,0.625,0.433,0.424,9.5,23.1,16.1,4.5,1,3,9.8,17.3,1.2,0.6,1.7,0.119,-0.3,-1.4,-1.7,0.1,2023
57,James Bouknight,23,CHO,SG,14,0,5.8,1.3,2.9,0.439,0.9,2.1,0.433,0.4,0.8,0.455,0.598,0.1,0.1,0.5,0.1,0.6,0.6,0.4,0.1,0.1,0.1,0.2,3.6,,81,15.9,0.597,0.732,0.049,1.3,11.4,6.2,12.2,0.6,1.2,4.6,23.9,0.1,0,0.1,0.062,4.4,-2.2,2.2,0.1,2023
58,Jamaree Bouyea,24,2TM,PG,9,0,10.6,1.1,3.1,0.357,0.1,1,0.111,1,2.1,0.474,0.375,0,0,,0.3,1.8,2.1,1.2,0.1,0,1,1.1,2.3,,95,1.5,0.375,0.321,0,3.4,19.2,11,15.9,0.5,0,24.3,16.5,-0.3,0.1,-0.3,-0.129,-10.2,-2,-12.3,-0.2,2023
59,Malaki Branham,20,SAS,PG,75,29,21.3,3.6,8.4,0.432,1.2,3.6,0.347,2.4,4.8,0.494,0.506,0.7,0.8,0.873,0.4,1.6,2,2.1,0.4,0.1,1.2,1.3,9.2,,1594,8.7,0.526,0.427,0.1,1.9,8.2,5,14,0.8,0.4,12.2,19.8,-0.9,0.6,-0.3,-0.008,-3.4,-2.2,-5.6,-1.5,2023
60,Christian Braun,22,DEN,SG,82,4,20.2,2.7,5.9,0.46,0.8,2,0.384,1.9,3.9,0.498,0.525,1.1,1.6,0.694,1,2.8,3.7,1.6,0.5,0.4,0.7,1.7,7.3,,1655,12.1,0.554,0.34,0.277,5.4,14.8,10.2,10.2,1.3,1.8,9.2,15.7,1.5,2,3.4,0.1,-1.7,-0.2,-1.9,0,2023
61,Mikal Bridges,27,BRK,SF,82,82,34.8,6.9,15.8,0.436,2.7,7.2,0.372,4.2,8.6,0.49,0.521,3.1,3.9,0.814,0.8,3.7,4.5,3.6,1,0.4,2,1.4,19.6,,2854,14.9,0.56,0.457,0.245,2.5,12,7.1,16.3,1.4,0.9,10.3,24.3,2.1,2.1,4.2,0.07,0.7,-1,-0.4,1.2,2023
62,Miles Bridges,25,CHO,SF,69,67,37.4,8.1,17.5,0.462,2.3,6.5,0.349,5.8,11,0.529,0.527,2.5,3.1,0.825,1,6.3,7.3,3.3,0.9,0.5,2,1.7,21,,2581,15.4,0.556,0.372,0.174,3,19.5,11,14.6,1.2,1.2,9.6,24.7,0.7,1.4,2.2,0.04,0.2,-1.3,-1.1,0.6,2023
63,Oshae Brissett,25,BOS,SF,55,1,11.5,1.2,2.8,0.444,0.3,1,0.273,1,1.8,0.541,0.493,0.9,1.5,0.602,1.1,1.8,2.9,0.8,0.3,0.1,0.4,1,3.7,,630,12.8,0.53,0.359,0.542,10.9,16.3,13.7,8.7,1.5,1.1,9.5,14.5,0.8,0.9,1.7,0.131,-2,0.2,-1.8,0,2023
64,Izaiah Brockington,24,NOP,PG,1,0,3,2,5,0.4,0,1,0,2,4,0.5,0.4,0,0,,1,1,2,0,0,0,0,0,4,,3,26.6,0.4,0.2,0,37.6,36.7,37.1,0,0,0,0,72.5,0,0,0,-0.177,-9.2,-8.5,-17.8,0,2023
65,Malcolm Brogdon,31,POR,PG,39,25,28.7,5.6,12.7,0.44,2.1,5.1,0.412,3.5,7.6,0.458,0.522,2.4,3,0.819,0.7,3.1,3.8,5.5,0.7,0.2,1.5,1.5,15.7,,1121,17,0.56,0.401,0.234,2.6,12.8,7.4,30.9,1.2,0.6,9.9,23,2,0.6,2.6,0.111,2.7,-0.7,2,1.1,2023
66,Armoni Brooks,25,BRK,PG,10,0,10.4,1.5,4.6,0.326,1.1,3.2,0.344,0.4,1.4,0.286,0.446,0.1,0.2,0.5,0.7,1.1,1.8,0.5,0.1,0.1,0.3,0.3,4.2,,104,8.3,0.448,0.696,0.043,7.2,11.9,9.5,6.9,0.5,0.9,6,20.8,-0.1,0.1,0,-0.018,-2.2,-3.7,-5.8,-0.1,2023
67,Dillon Brooks,28,HOU,SF,72,72,30.9,4.6,10.7,0.428,1.8,5.1,0.359,2.7,5.5,0.492,0.515,1.7,2,0.844,0.7,2.7,3.4,1.7,0.9,0.1,1.2,3.3,12.7,,2227,9.4,0.549,0.482,0.191,2.5,9.4,5.9,7.5,1.4,0.4,9.6,17.6,0.6,2.1,2.7,0.058,-3.3,-0.3,-3.6,-0.9,2023
68,Bruce Brown,27,2TM,SG,67,44,27.9,4.1,8.7,0.478,0.8,2.4,0.323,3.4,6.2,0.538,0.523,1.7,2.1,0.824,0.8,3.4,4.2,2.9,0.9,0.3,1.3,2.2,10.8,,1866,11.6,0.563,0.282,0.244,3.1,14,8.5,13.2,1.5,0.8,11.8,16.5,1.2,1,2.2,0.058,-2.4,-1,-3.3,-0.6,2023
69,Charlie Brown Jr.,26,NYK,SG,8,0,4.6,0.3,1.3,0.2,0.3,0.9,0.286,0,0.4,0,0.3,0,0,,0.1,0.1,0.3,0,0,0.3,0.3,0.6,0.8,,37,-3.2,0.3,0.7,0,3,3,3,0,0,5.1,16.7,14,-0.1,0,-0.1,-0.124,-10.2,-3.4,-13.6,-0.1,2023
70,Greg Brown III,22,DAL,PF,6,0,6.7,0.8,1.8,0.455,0.2,0.5,0.333,0.7,1.3,0.5,0.5,0.7,1.5,0.444,0.5,1,1.5,0.7,0,0.7,0.7,0.8,2.5,,40,10.5,0.501,0.273,0.818,8.2,16.3,12.3,13,0,8.8,21.1,20.3,0,0,0,0,-5,0.6,-4.4,0,2023
71,Jaylen Brown,27,BOS,SF,70,70,33.5,9,17.9,0.499,2.1,5.9,0.354,6.9,12.1,0.57,0.557,3,4.3,0.703,1.2,4.3,5.5,3.6,1.2,0.5,2.4,2.6,23,AS,2343,18.6,0.58,0.326,0.239,4,13.4,8.9,16.6,1.8,1.4,10.7,28.9,2.7,3.2,5.9,0.121,0.9,-0.1,0.7,1.6,2023
72,Kendall Brown,20,IND,SG,15,0,4.2,0.5,1,0.533,0,0.1,0,0.5,0.9,0.615,0.533,0.3,0.5,0.625,0.2,0.1,0.3,0.3,0,0,0.1,0.6,1.4,,63,7.6,0.567,0.133,0.533,5.4,3.6,4.5,9.3,0,0,9.7,13.7,0.1,0,0.1,0.045,-4.2,-2.6,-6.8,-0.1,2023
73,Kobe Brown,24,LAC,PF,44,0,9,0.8,2,0.411,0.3,1.1,0.292,0.5,1,0.548,0.489,0,0,0.5,0.5,1,1.4,0.6,0.3,0.1,0.2,1.1,2,,394,7.6,0.49,0.533,0.022,5.9,11.6,8.9,8.1,1.5,1.4,9,11.1,0.1,0.3,0.5,0.055,-4,0.2,-3.8,-0.2,2023
74,Moses Brown,24,POR,C,22,5,9.1,1.5,3,0.508,0,0,,1.5,3,0.508,0.508,0.4,1.4,0.29,1.7,2.2,3.9,0.3,0.2,0.3,0.5,1.2,3.4,,200,14.5,0.477,0,0.477,19.6,29.2,24.1,5.4,1.2,3.2,12.3,19.1,-0.1,0.2,0.2,0.044,-4.1,-2.4,-6.5,-0.2,2023
75,Troy Brown Jr.,24,2TM,SF,59,15,14,1.4,3.8,0.372,0.8,2.4,0.333,0.6,1.4,0.435,0.476,0.5,0.6,0.865,0.4,2,2.4,1,0.4,0.1,0.5,0.7,4.2,,827,8.8,0.51,0.624,0.164,3.5,16,9.8,9.7,1.4,0.3,11,14.3,0,0.9,0.8,0.048,-2.8,0.2,-2.6,-0.1,2023
76,Jalen Brunson,27,NYK,PG,77,77,35.4,10.3,21.4,0.479,2.7,6.8,0.401,7.5,14.6,0.516,0.543,5.5,6.5,0.847,0.6,3.1,3.6,6.7,0.9,0.2,2.4,1.9,28.7,"MVP-5,CPOY-5,AS,NBA2",2726,23.4,0.592,0.319,0.302,1.8,9.7,5.7,33.5,1.3,0.4,9.1,32.5,8.8,2.4,11.2,0.198,6.3,-0.4,5.8,5.4,2023
77,Thomas Bryant,26,MIA,C,38,4,11.6,2.3,3.9,0.577,0.1,0.6,0.182,2.2,3.3,0.646,0.591,1.1,1.2,0.872,1.1,2.7,3.7,0.6,0.3,0.4,0.6,1.2,5.7,,441,19,0.639,0.148,0.315,10.2,26.2,18.1,8.3,1.1,3.5,11,19.3,0.9,0.8,1.6,0.177,-0.6,0.2,-0.4,0.2,2023
78,Kobe Bufkin,20,ATL,SG,17,0,11.5,2,5.4,0.37,0.5,2.4,0.225,1.5,3.1,0.481,0.418,0.2,0.5,0.5,0.4,1.6,1.9,1.6,0.4,0.3,0.6,1.2,4.8,,196,9.1,0.424,0.435,0.087,3.2,15.6,9.2,19.3,1.7,2.3,9.5,22.4,-0.3,0.1,-0.1,-0.031,-4.3,-0.2,-4.5,-0.1,2023
79,Reggie Bullock,32,HOU,SF,44,0,9.5,0.8,1.9,0.415,0.6,1.5,0.403,0.2,0.3,0.467,0.579,0,0,1,0.1,1.5,1.7,0.3,0.3,0.1,0.2,0.7,2.2,,417,7.7,0.582,0.817,0.012,1.5,17.4,9.4,4.6,1.4,1.1,10.8,9.4,0.1,0.5,0.6,0.072,-2.9,0.5,-2.4,0,2023
80,Alec Burks,32,2TM,SG,66,1,18.4,3.2,8.6,0.369,1.9,5,0.376,1.3,3.6,0.36,0.478,2.2,2.5,0.868,0.4,1.9,2.3,1.3,0.4,0.2,0.7,1.1,10.4,,1212,12.9,0.536,0.58,0.293,2.2,11.8,6.9,10.7,1.1,0.9,7,24.4,0.7,0.7,1.4,0.054,-0.3,-2,-2.3,-0.1,2023
81,Jared Butler,23,WAS,SG,40,0,14.2,2.5,5,0.488,0.6,2,0.308,1.9,3.1,0.602,0.547,0.8,0.9,0.861,0.2,1.2,1.5,3.2,0.7,0.2,1.3,1.5,6.3,,566,14.1,0.579,0.388,0.179,1.7,9.5,5.5,30.9,2.4,1.2,18.7,19.9,0.3,0.3,0.6,0.054,-1.5,-0.5,-2.1,0,2023
82,Jimmy Butler,34,MIA,PF,60,60,34,6.6,13.2,0.499,1,2.4,0.414,5.6,10.8,0.519,0.537,6.6,7.7,0.858,1.8,3.6,5.3,5,1.3,0.3,1.7,1.1,20.8,,2042,22,0.626,0.183,0.579,5.8,11.9,8.8,23.1,1.9,0.8,9.3,24,6.4,2.7,9.1,0.214,3.9,0.7,4.6,3.4,2023
83,Jamal Cain,24,MIA,PF,26,1,10,1.3,3,0.43,0.4,1.2,0.355,0.9,1.8,0.479,0.5,0.7,0.9,0.783,0.6,0.8,1.4,0.4,0.4,0.2,0.3,0.8,3.7,,259,11.5,0.544,0.392,0.291,6.5,9.7,8.1,5.6,1.9,1.9,8.2,16.7,0.1,0.3,0.5,0.089,-2.5,0.2,-2.3,0,2023
84,Kentavious Caldwell-Pope,30,DEN,SG,76,76,31.6,3.6,7.7,0.46,1.6,4.1,0.406,1.9,3.7,0.52,0.566,1.3,1.5,0.894,0.4,2,2.4,2.4,1.3,0.6,1,2,10.1,,2402,10.7,0.602,0.525,0.193,1.5,6.8,4.2,9.5,2,1.5,10.5,12.9,2.2,2.6,4.8,0.096,-2.1,0.7,-1.4,0.4,2023
85,Toumani Camara,23,POR,PF,70,49,24.8,2.8,6.3,0.45,0.8,2.5,0.337,2,3.8,0.523,0.516,1.1,1.4,0.758,2,2.9,4.9,1.2,0.9,0.5,1.2,2.5,7.5,,1739,10.6,0.547,0.393,0.226,8.4,14,11,7.2,1.9,1.7,14.9,13.8,0.6,1.4,2,0.055,-3.1,0,-3.1,-0.5,2023
86,Clint Capela,29,ATL,C,73,73,25.8,4.8,8.5,0.571,0,0,0,4.8,8.5,0.572,0.571,1.8,2.8,0.631,4.6,6,10.6,1.2,0.6,1.5,1,2.2,11.5,,1883,20.7,0.59,0.002,0.333,18.7,26.5,22.4,6.9,1.1,5.1,9.5,17.3,4.4,1.9,6.3,0.161,1,-1,0.1,1,2023
87,Jevon Carter,28,CHI,PG,72,0,13.9,1.9,5.1,0.378,1.1,3.3,0.329,0.8,1.8,0.466,0.484,0.1,0.1,0.571,0.2,0.7,0.8,1.3,0.5,0.2,0.5,1,5,,1004,8.5,0.485,0.641,0.019,1.2,5.6,3.3,12.9,1.8,1.6,8.9,17.7,-0.5,0.7,0.2,0.009,-3.3,-0.7,-4,-0.5,2023
88,Wendell Carter Jr.,24,ORL,C,55,48,25.6,4.1,7.7,0.525,1.2,3.1,0.374,2.9,4.6,0.626,0.6,1.7,2.4,0.694,2,4.9,6.9,1.7,0.6,0.5,1.2,2.2,11,,1406,15.9,0.623,0.402,0.315,9.3,22.7,15.9,9.9,1.2,1.9,12.3,17.2,2.2,2.1,4.4,0.149,0.5,0.4,0.9,1,2023
89,D.J. Carton,23,TOR,SG,4,0,9,0.8,2,0.375,0.3,1,0.25,0.5,1,0.5,0.438,1,1.3,0.8,0.5,0.5,1,0.8,0.3,0,0.3,0.8,2.8,,36,9.6,0.539,0.5,0.625,6,6.2,6.1,10.5,1.3,0,8.9,13.3,0,0,0,0.062,-4.2,-1.1,-5.3,0,2023
90,Alex Caruso,29,CHI,SG,71,57,28.7,3.6,7.6,0.468,1.9,4.7,0.408,1.6,2.9,0.563,0.593,1,1.4,0.76,0.9,3,3.8,3.5,1.7,1,1.4,2.5,10.1,"DPOY-10,DEF2",2040,14.5,0.613,0.616,0.177,3.3,11.8,7.5,16.4,2.9,3.5,14.9,14.7,2.3,2.6,4.9,0.115,0.2,2.3,2.5,2.3,2023
91,Colin Castleton,23,LAL,C,16,0,3.7,0.6,1,0.563,0,0,,0.6,1,0.563,0.563,0.4,0.4,1,0.4,0.4,0.8,0.2,0.1,0,0.2,0.7,1.5,,59,13,0.644,0,0.375,11.9,10.8,11.3,6.8,1.6,0,13.9,15.8,0.1,0,0.2,0.128,-3.9,-1.4,-5.2,0,2023
92,Malcolm Cazalon,22,DET,SG,1,0,3,0,0,,0,0,,0,0,,,0,0,,0,0,0,0,0,0,0,0,0,,3,0,,,,0,0,0,0,0,0,,0,0,0,0,-0.012,-6,-3.2,-9.1,0,2023
93,Julian Champagnie,22,SAS,SF,74,59,19.8,2.2,5.4,0.408,1.4,3.7,0.365,0.9,1.7,0.504,0.534,1,1.2,0.815,0.6,2.2,2.8,1.4,0.6,0.6,0.8,1,6.8,,1468,10.6,0.57,0.689,0.229,3.1,12.2,7.6,9.3,1.6,2.4,11.4,14.4,0.6,1.3,1.8,0.059,-1.8,-0.1,-1.9,0,2023
94,Justin Champagnie,22,WAS,SF,15,1,15.7,2.1,5.2,0.41,0.9,3,0.289,1.3,2.2,0.576,0.494,0.8,1,0.8,1.3,2.3,3.5,1.3,0.7,0.6,0.7,0.9,5.9,,235,13.6,0.526,0.577,0.192,8.5,15.8,12.1,10.7,2,3.1,10.6,17,0.1,0.2,0.3,0.058,-1.1,-0.8,-1.8,0,2023
95,Max Christie,20,LAL,SG,67,7,14.1,1.5,3.6,0.427,0.6,1.8,0.356,0.9,1.8,0.496,0.515,0.5,0.7,0.783,0.2,1.9,2.1,0.9,0.3,0.3,0.5,0.9,4.2,,944,8.4,0.544,0.49,0.191,1.9,14.2,8.4,8,1,1.6,11.8,13.6,-0.1,0.8,0.7,0.036,-3.2,-0.4,-3.6,-0.4,2023
96,Sidy Cissoko,19,SAS,SF,12,0,11.8,1.3,2.8,0.485,0.1,1,0.083,1.3,1.8,0.714,0.5,1,1.3,0.8,0.7,1.2,1.8,0.8,0.6,0.3,0.3,1.5,3.8,,141,12,0.568,0.364,0.455,6.1,10.8,8.4,9.4,2.4,1.8,7,12.7,0.2,0.1,0.3,0.11,-4,1.4,-2.7,0,2023
97,Brandon Clarke,27,MEM,PF,6,1,22.3,5.5,9.8,0.559,0.2,1,0.167,5.3,8.8,0.604,0.568,0.2,1.2,0.143,2.2,3.2,5.3,1.5,0.8,1,0.5,1.3,11.3,,134,18.9,0.548,0.102,0.119,10.2,16.2,13.1,12.2,1.8,4.2,4.6,20.8,0.1,0.2,0.3,0.108,0.7,0.3,1,0.1,2023
98,Jordan Clarkson,31,UTA,SG,55,19,30.6,6.1,14.8,0.413,1.7,5.6,0.294,4.5,9.2,0.485,0.469,3.2,3.7,0.881,0.9,2.5,3.4,5,0.6,0.1,2.7,1.5,17.1,,1682,12.7,0.521,0.379,0.246,3.2,9,6.2,24.6,1,0.3,13.9,26.1,0.1,0.1,0.2,0.006,-1.3,-3.2,-4.5,-1.1,2023
99,Nic Claxton,24,BRK,C,71,71,29.8,5.2,8.2,0.629,0,0.1,0.2,5.1,8.1,0.633,0.63,1.5,2.8,0.551,2.7,7.2,9.9,2.1,0.6,2.1,1.3,2.5,11.8,,2116,18.7,0.629,0.009,0.337,9.7,27.3,18.2,10.4,1.1,6.2,12.2,15.6,3.5,3.2,6.7,0.152,-0.3,1.5,1.2,1.7,2023
100,Noah Clowney,19,BRK,PF,23,4,16.1,2.2,4,0.538,0.5,1.4,0.364,1.7,2.6,0.633,0.602,0.9,1.3,0.7,1.1,2.4,3.5,0.8,0.3,0.7,0.7,1.1,5.8,,370,14.2,0.626,0.355,0.323,7.5,16.7,12,6.9,1.1,3.9,12.4,14.2,0.5,0.4,0.9,0.111,-0.8,0.1,-0.7,0.1,2023
101,Amir Coffey,26,LAC,SF,70,13,20.9,2.4,5,0.472,1,2.6,0.38,1.4,2.4,0.571,0.571,0.9,1,0.859,0.4,1.7,2.1,1.1,0.6,0.2,0.5,1.5,6.6,,1460,10,0.604,0.523,0.202,2.3,8.9,5.7,6.8,1.4,0.9,7.9,12.5,1.6,1,2.6,0.084,-1.9,-0.3,-2.2,-0.1,2023
102,John Collins,26,UTA,PF,68,66,28,5.8,11,0.532,1.3,3.4,0.371,4.6,7.6,0.605,0.59,2.2,2.7,0.795,2.3,6.1,8.5,1.1,0.6,0.9,1.4,2.8,15.1,,1901,17.5,0.621,0.311,0.248,9.2,24,16.7,6.1,1,2.9,10.6,20.4,3.1,1.3,4.4,0.11,0.5,-1.4,-0.9,0.5,2023
103,Zach Collins,26,SAS,C,69,29,22.1,4.3,8.9,0.484,0.8,2.6,0.32,3.5,6.3,0.552,0.531,1.8,2.3,0.753,1.7,3.7,5.4,2.8,0.5,0.8,1.9,3,11.2,,1526,14.3,0.565,0.294,0.263,8.3,18,13.1,18.9,1.1,2.8,16.1,22.7,0.4,1.5,1.8,0.057,-2,-0.1,-2,0,2023
104,Mike Conley,36,MIN,PG,76,76,28.9,3.9,8.5,0.457,2.4,5.3,0.442,1.5,3.1,0.481,0.595,1.3,1.5,0.911,0.5,2.4,2.9,5.9,1.2,0.2,1.3,1.7,11.4,,2193,15.8,0.627,0.629,0.174,2,9,5.6,28.4,2,0.7,12.8,16,5,3.3,8.2,0.18,2,1.4,3.4,3,2023
105,Pat Connaughton,31,MIL,SF,76,3,22.1,2,4.6,0.435,1.1,3.1,0.345,0.9,1.4,0.633,0.553,0.6,0.8,0.759,0.7,2.5,3.1,2.1,0.5,0.3,0.6,1.3,5.6,,1676,9.6,0.574,0.686,0.167,3.4,12,7.8,12,1.1,1,11.6,10.9,1.6,1.2,2.8,0.08,-1.6,0,-1.6,0.2,2023
106,Bilal Coulibaly,19,WAS,SF,63,15,27.2,3,6.9,0.435,1,2.9,0.346,2,3.9,0.502,0.509,1.5,2.1,0.702,0.9,3.2,4.1,1.7,0.9,0.8,1.4,2.2,8.4,,1715,8.9,0.543,0.428,0.303,3.4,12.8,8,8.2,1.6,2.3,15.1,14.2,-0.5,0.9,0.4,0.013,-3.6,-0.5,-4.2,-0.9,2023
107,Ricky Council IV,22,PHI,SG,32,0,9,1.7,3.5,0.482,0.4,1,0.375,1.3,2.5,0.525,0.536,1.7,2.2,0.746,0.4,1,1.4,0.5,0.3,0,0.2,0.5,5.4,,289,18.6,0.604,0.286,0.634,5.3,12.4,8.8,8.2,1.4,0.3,3.4,22.1,0.8,0.3,1,0.173,2.1,-0.8,1.3,0.2,2023
108,Robert Covington,33,2TM,SF,29,6,16.8,1.5,3.4,0.439,0.7,1.9,0.339,0.8,1.4,0.571,0.536,0.8,0.9,0.846,1.1,2.3,3.3,0.8,1.3,0.6,0.4,1.9,4.4,,488,13.6,0.58,0.571,0.265,6.9,15.2,11,6.3,3.9,3.4,9.1,10.7,0.6,0.9,1.5,0.145,-1.1,3.2,2.2,0.5,2023
109,Torrey Craig,33,CHI,SF,53,14,19.8,2,4.7,0.43,1.1,2.9,0.392,0.9,1.8,0.49,0.55,0.5,0.7,0.75,1.3,2.8,4.1,1.1,0.6,0.4,0.6,2.1,5.7,,1049,10.8,0.568,0.61,0.143,7.2,16.1,11.6,7.3,1.4,2.1,10.7,12.5,1,0.9,1.9,0.087,-1.8,-0.2,-2,0,2023
110,Jae Crowder,33,MIL,PF,50,25,23.1,2.3,5.4,0.422,1.2,3.3,0.349,1.1,2.1,0.538,0.53,0.5,0.7,0.722,0.6,2.6,3.2,1.3,0.8,0.2,0.5,1.5,6.2,,1156,8.9,0.546,0.615,0.133,3,12.1,7.6,7.2,1.6,0.7,7.4,11.5,0.6,1,1.6,0.065,-2.6,0,-2.6,-0.2,2023
111,Jalen Crutcher,24,NOP,PG,1,0,3,0,1,0,0,0,,0,1,0,0,0,0,,0,0,0,0,0,0,0,0,0,,3,-12.6,0,0,0,0,0,0,0,0,0,0,14.5,0,0,0,-0.334,-18.5,-7.8,-26.2,0,2023
112,Cade Cunningham,22,DET,PG,62,62,33.5,8.5,18.8,0.449,1.9,5.4,0.355,6.5,13.4,0.487,0.5,3.8,4.4,0.869,0.5,3.8,4.3,7.5,0.9,0.4,3.4,2.5,22.7,,2074,17.1,0.546,0.287,0.235,1.7,12.9,7.2,37.5,1.3,0.9,14.1,30.8,0.7,1,1.8,0.041,2,-1.6,0.3,1.2,2023
113,Seth Curry,33,2TM,SG,44,4,14,1.8,4.6,0.392,0.9,2.5,0.352,1,2.2,0.438,0.485,0.6,0.7,0.903,0.4,1.1,1.5,1,0.5,0.1,0.5,0.9,5.1,,616,9.9,0.519,0.529,0.152,3.2,9,6.1,9.7,1.7,0.9,8.8,16.8,0.1,0.4,0.5,0.04,-2.6,-0.6,-3.3,-0.2,2023
114,Stephen Curry,35,GSW,PG,74,74,32.7,8.8,19.5,0.45,4.8,11.8,0.408,4,7.7,0.515,0.573,4,4.4,0.923,0.5,4,4.5,5.1,0.7,0.4,2.8,1.6,26.4,"CPOY-1,AS,NBA3",2421,20.6,0.616,0.606,0.224,1.7,12.9,7.4,24.7,1.1,1,11.7,31.3,5.2,2,7.2,0.142,6.3,-1.1,5.2,4.4,2023
115,Dyson Daniels,20,NOP,PG,61,16,22.3,2.3,5.1,0.447,0.7,2.2,0.311,1.6,2.9,0.551,0.514,0.6,0.9,0.642,1,2.9,3.9,2.7,1.4,0.4,1,1.7,5.8,,1358,12,0.529,0.434,0.17,5.1,14.1,9.7,15.4,3.1,1.8,15,12.6,0.7,2.2,2.9,0.103,-1.9,2.5,0.6,0.9,2023
116,Anthony Davis,30,LAL,C,76,76,35.5,9.4,16.9,0.556,0.4,1.4,0.271,9,15.5,0.582,0.567,5.5,6.8,0.816,3.1,9.5,12.6,3.5,1.2,2.3,2.1,2.3,24.7,"DPOY-4,AS,NBA2,DEF1",2700,25.8,0.621,0.083,0.402,10.4,28.3,19.8,15.5,1.6,5.7,9.5,26.7,7.2,4.7,11.8,0.21,3.5,1.7,5.1,4.9,2023
117,Johnny Davis,21,WAS,SG,50,6,12.3,1.2,3.1,0.403,0.3,0.8,0.35,1,2.3,0.421,0.448,0.3,0.5,0.583,0.4,1.1,1.4,0.6,0.4,0.2,0.3,1.1,3,,613,6.2,0.462,0.26,0.156,3.1,9.6,6.3,6.6,1.4,1.3,7.3,12.2,-0.3,0.2,-0.1,-0.009,-5.5,-1.1,-6.6,-0.7,2023
118,JD Davison,21,BOS,SG,8,0,4.9,0.6,1.5,0.417,0.4,0.9,0.429,0.3,0.6,0.4,0.542,0.4,0.5,0.75,0.3,1,1.3,1.3,0.1,0.1,0.3,0.5,2,,39,18.8,0.581,0.583,0.333,5.8,21.2,13.8,32.9,1.3,2.3,12.7,17.6,0.1,0.1,0.2,0.228,1.8,1.4,3.3,0.1,2023
119,Dexter Dennis,24,DAL,SG,4,0,7.5,2.5,4.8,0.526,0.3,2,0.125,2.3,2.8,0.818,0.553,0.3,0.8,0.333,0.3,2,2.3,1,0,0.3,0.8,0.3,5.5,,30,18.3,0.541,0.421,0.158,3.7,29,16.4,23.7,0,2.9,12.9,33.3,0,0,0,0.004,1.7,-0.1,1.7,0,2023
120,DeMar DeRozan,34,CHI,SF,79,79,37.8,8.2,17.2,0.48,0.9,2.8,0.333,7.3,14.3,0.509,0.507,6.6,7.7,0.853,0.5,3.8,4.3,5.3,1.1,0.6,1.7,2,24,CPOY-2,2989,19.7,0.584,0.166,0.452,1.6,11.3,6.4,21.8,1.5,1.5,7.7,25.8,7,2.2,9.2,0.147,2.1,-0.3,1.8,2.8,2023
121,Moussa Diabaté,22,LAC,C,11,0,5.8,0.9,1.7,0.526,0,0,,0.9,1.7,0.526,0.526,0.8,1.3,0.643,1.4,0.8,2.2,0.4,0.5,0.1,0.2,0.4,2.6,,64,24.7,0.576,0,0.737,27.4,15.4,21.2,8.6,3.9,1.4,7.4,18.6,0.2,0.1,0.3,0.25,4,-0.5,3.5,0.1,2023
122,Mamadi Diakite,27,2TM,PF,6,0,4,0.7,1,0.667,0,0.2,0,0.7,0.8,0.8,0.667,0.7,1,0.667,0.2,0.5,0.7,0.3,0.2,0.2,0.2,0.3,2,,24,18.6,0.694,0.167,1,4.5,13.8,9.1,13.5,2.1,3.5,10.4,17,0.1,0,0.1,0.168,0.8,2.7,3.5,0,2023
123,Hamidou Diallo,25,WAS,SG,2,0,2.5,0.5,1,0.5,0,0,,0.5,1,0.5,0.5,0,0,,1,0,1,0.5,1,0,0.5,0.5,1,,5,33.2,0.5,0,0,41.8,0,21.4,28.9,18.7,0,33.3,25.3,0,0,0,0.204,2.7,16,18.7,0,2023
124,Gradey Dick,20,TOR,SG,60,17,21.1,3.2,7.4,0.425,1.5,4,0.365,1.7,3.4,0.495,0.524,0.7,0.9,0.863,0.5,1.8,2.2,1.1,0.6,0,0.8,1.5,8.5,,1268,8.9,0.546,0.542,0.115,2.3,9.3,5.7,7.4,1.3,0.1,9.7,17.4,-0.1,0.4,0.3,0.01,-3.2,-2.2,-5.4,-1.1,2023
125,Ousmane Dieng,20,OKC,PF,33,0,11.1,1.5,3.5,0.422,0.6,2.1,0.3,0.8,1.4,0.609,0.513,0.4,0.5,0.875,0.3,1.2,1.5,1.1,0.2,0.2,0.6,0.7,4,,365,10.1,0.54,0.603,0.138,3.2,12,7.8,12.9,1.1,1.3,13.4,16.9,0,0.4,0.4,0.055,-2.3,-0.7,-3,-0.1,2023
126,Spencer Dinwiddie,30,2TM,PG,76,52,28.3,3.3,8.4,0.392,1.6,4.8,0.337,1.7,3.6,0.467,0.489,2.2,2.8,0.805,0.4,2.3,2.7,4.7,0.7,0.3,1.2,1.8,10.5,,2152,11.7,0.543,0.575,0.328,1.5,9,5.2,22.7,1.2,0.9,11.1,16.6,2.3,1.3,3.6,0.081,-1.3,-0.6,-1.9,0.1,2023
127,Donte DiVincenzo,27,NYK,SG,81,63,29.1,5.5,12.4,0.443,3.5,8.7,0.401,2,3.7,0.542,0.584,1.1,1.4,0.754,0.8,2.9,3.7,2.7,1.3,0.4,1.4,2,15.5,,2360,16,0.597,0.702,0.114,3,11.2,7.1,13.7,2.3,1.4,9.7,21.3,3.6,3,6.6,0.135,2.5,0.9,3.4,3.2,2023
128,Luka Dončić,24,DAL,PG,70,70,37.5,11.5,23.6,0.487,4.1,10.6,0.382,7.4,13,0.573,0.573,6.8,8.7,0.786,0.8,8.4,9.2,9.8,1.4,0.5,4,2.1,33.9,"MVP-3,CPOY-6,AS,NBA1",2624,28.1,0.617,0.45,0.368,2.5,24.4,13.5,44.3,1.8,1.3,12.8,36,8.5,3.5,12,0.22,8.3,1.7,9.9,8,2023
129,Luguentz Dort,24,OKC,SF,79,79,28.4,3.6,8.3,0.438,2,5,0.394,1.7,3.3,0.506,0.557,1.6,2,0.826,0.9,2.7,3.6,1.4,0.9,0.6,0.9,2.9,10.9,,2246,11.1,0.593,0.603,0.236,3.8,10,7,6.3,1.5,1.9,9.3,15.4,2,2.5,4.6,0.097,-1.4,-0.2,-1.6,0.2,2023
130,Ayo Dosunmu,24,CHI,SG,76,37,29.1,4.7,9.5,0.501,1.6,3.9,0.403,3.2,5.6,0.568,0.583,1.1,1.4,0.81,0.7,2.1,2.8,3.2,0.9,0.5,1.4,2.2,12.2,,2212,13.4,0.604,0.41,0.146,2.7,8.3,5.5,15.6,1.5,1.7,11.9,17.2,2.6,1.5,4.1,0.089,-0.6,-0.2,-0.8,0.7,2023
131,Jeff Dowtin Jr.,26,PHI,PG,12,0,11.8,1.7,3,0.556,0.8,1.6,0.474,0.9,1.4,0.647,0.681,0.3,0.3,0.75,0.3,1.4,1.7,2.3,0.6,0.1,0.4,0.1,4.3,,142,18.2,0.689,0.528,0.111,2.3,13.5,7.8,26.4,2.4,0.6,11.7,13,0.4,0.2,0.6,0.193,2,1.3,3.3,0.2,2023
132,Henri Drell,23,CHI,SF,4,0,7.5,1,2.5,0.4,0.5,1.5,0.333,0.5,1,0.5,0.5,0.3,0.5,0.5,0.3,0.8,1,1,0.5,0.3,0.5,1.5,2.8,,30,10.7,0.506,0.6,0.2,3.7,11.4,7.5,18.3,3.3,3.4,15.5,18.8,0,0,0,0.047,-5.1,0.2,-4.9,0,2023
133,Andre Drummond,30,CHI,C,79,10,17.1,3.4,6.1,0.556,0,0,0,3.4,6,0.56,0.556,1.6,2.8,0.592,3.4,5.6,9,0.5,0.9,0.6,1,1.8,8.4,,1351,23,0.576,0.006,0.454,21.5,37.4,29.3,4.1,2.7,3.6,12.3,21.3,2.3,2.6,4.9,0.175,0.8,-0.7,0.1,0.7,2023
134,Chris Duarte,26,SAC,SF,59,11,12.2,1.4,3.6,0.381,0.7,2.2,0.346,0.6,1.4,0.434,0.486,0.4,0.6,0.788,0.4,1.4,1.8,0.7,0.5,0.1,0.4,1.4,3.9,,719,8.4,0.512,0.605,0.157,4,12.7,8.3,7.8,1.9,1,10.4,14.9,0,0.7,0.7,0.047,-3.5,0.1,-3.4,-0.2,2023
135,David Duke Jr.,24,SAS,SG,4,0,12.8,2.5,4.5,0.556,0.8,1.5,0.5,1.8,3,0.583,0.639,0.8,0.8,1,0.5,2,2.5,1.3,0.5,0,0.8,1,6.5,,51,16.2,0.673,0.333,0.167,4.2,17.1,10.6,14.6,1.9,0,13.4,18.5,0.1,0,0.1,0.119,-0.1,1.4,1.4,0,2023
136,Kris Dunn,29,UTA,PG,66,32,18.9,2.2,4.7,0.47,0.6,1.7,0.369,1.6,3.1,0.525,0.535,0.3,0.5,0.688,0.8,2.1,2.9,3.8,1,0.4,1.2,2,5.4,,1249,12.8,0.546,0.355,0.102,4.4,12.2,8.3,27.1,2.6,2,19.5,13.6,1.1,0.9,2,0.076,-1.5,1.4,-0.1,0.6,2023
137,Kevin Durant,35,PHO,PF,75,75,37.2,10,19.1,0.523,2.2,5.4,0.413,7.8,13.7,0.567,0.581,4.8,5.6,0.856,0.5,6.1,6.6,5,0.9,1.2,3.3,1.8,27.1,"MVP-9,AS,NBA2",2791,21.2,0.626,0.283,0.295,1.7,17.5,10,22.2,1.2,2.9,13.1,29,5.1,3.2,8.3,0.142,4,0.1,4,4.3,2023
138,Jalen Duren,20,DET,C,61,60,29.1,5.7,9.2,0.619,0,0.1,0,5.7,9.2,0.623,0.619,2.3,3,0.79,3.1,8.5,11.6,2.4,0.5,0.8,2.1,3.1,13.8,,1777,18.7,0.653,0.007,0.321,11.8,33,22.2,12.7,0.9,2.3,16.7,18.5,3,1.8,4.8,0.13,-0.2,0.1,-0.1,0.9,2023
139,Tari Eason,22,HOU,PF,22,0,21.8,4,8.6,0.466,0.8,2.3,0.36,3.2,6.3,0.504,0.513,1,1.5,0.636,2.1,4.9,7,1.2,1.4,0.9,0.9,2.3,9.8,,480,17.1,0.528,0.265,0.175,10.2,24.2,17.1,8.3,3.1,3.6,8.9,19.8,0.3,1,1.3,0.125,-0.4,2,1.6,0.4,2023
140,Anthony Edwards,22,MIN,SG,79,78,35.1,9.1,19.7,0.461,2.4,6.7,0.357,6.7,13,0.515,0.522,5.4,6.4,0.836,0.7,4.8,5.4,5.1,1.3,0.5,3.1,1.8,25.9,"MVP-7,CPOY-8,AS,NBA2",2770,19.7,0.575,0.341,0.325,2.2,14.8,8.8,24.6,1.8,1.3,11.9,32.3,2.9,4.7,7.5,0.13,2.7,0.5,3.3,3.7,2023
141,Kessler Edwards,23,SAC,SF,54,0,5.1,0.6,1.5,0.415,0.4,1,0.385,0.3,0.6,0.467,0.537,0.1,0.2,0.556,0.2,0.6,0.8,0.3,0.2,0.1,0.1,0.5,1.7,,275,10.3,0.541,0.634,0.11,3.6,13.7,8.5,7.1,1.8,1.3,4.4,14,0.2,0.3,0.5,0.083,-1.6,0.1,-1.5,0,2023
142,Keon Ellis,24,SAC,SG,57,21,17.2,1.9,4.1,0.461,1.2,2.9,0.417,0.6,1.1,0.578,0.612,0.5,0.6,0.743,0.6,1.6,2.2,1.5,0.9,0.5,0.6,2,5.4,,978,12,0.627,0.724,0.151,3.6,10.8,7.1,11.1,2.5,2.7,13,12.4,1.1,1.2,2.3,0.114,-0.9,2.1,1.2,0.8,2023
143,Joel Embiid,29,PHI,C,39,39,33.6,11.5,21.8,0.529,1.4,3.6,0.388,10.2,18.3,0.556,0.561,10.2,11.6,0.883,2.4,8.6,11,5.6,1.2,1.7,3.8,2.9,34.7,AS,1309,34.1,0.644,0.163,0.531,7.9,28.8,18.1,32.4,1.7,4.6,12.5,39.6,5.2,2.3,7.5,0.275,8.5,3.1,11.6,4.5,2023
144,Drew Eubanks,26,PHO,C,75,6,15.6,2,3.4,0.601,0,0,1,2,3.3,0.596,0.607,1,1.2,0.774,1.4,2.9,4.3,0.8,0.4,0.8,0.8,1.5,5.1,,1169,14.4,0.645,0.012,0.368,10.5,20.1,15.6,7.2,1.1,4.6,17.2,13.2,1.6,1.6,3.1,0.129,-2,0.8,-1.2,0.2,2023
145,Tosan Evbuomwan,22,2TM,SF,17,8,21.6,2.1,4.2,0.507,0.7,1.9,0.375,1.4,2.3,0.615,0.592,1,1.5,0.68,1.1,2.5,3.5,0.9,0.4,0.3,0.5,1.4,5.9,,367,9.9,0.616,0.451,0.352,5.3,13,9.1,5.9,0.8,1.2,9.9,10.6,0.4,0.2,0.5,0.071,-2.4,-0.7,-3,-0.1,2023
146,Danté Exum,28,DAL,PG,55,17,19.8,2.9,5.5,0.533,1,2,0.491,2,3.5,0.557,0.621,1,1.2,0.779,0.5,2.3,2.7,2.9,0.4,0.1,0.9,1.5,7.8,,1088,13.7,0.645,0.358,0.225,2.5,12.4,7.5,19.3,1,0.4,12.9,15,2.1,0.8,2.9,0.127,-0.3,-0.3,-0.6,0.4,2023
147,Bruno Fernando,25,ATL,C,45,2,15.2,2.4,4.2,0.583,0,0.1,0,2.4,4.1,0.596,0.583,1.4,2.1,0.667,1.3,3,4.3,1,0.6,0.6,1,2.4,6.3,,682,15.2,0.615,0.021,0.513,9.1,22.2,15.4,9.3,1.8,3.7,16.1,16.7,0.8,0.7,1.5,0.103,-3.1,0.9,-2.3,-0.1,2023
148,Dorian Finney-Smith,30,BRK,PF,68,56,28.4,3.2,7.5,0.421,1.7,4.9,0.348,1.4,2.6,0.56,0.535,0.5,0.7,0.717,1.6,3.1,4.7,1.6,0.8,0.6,0.9,2.2,8.5,,1934,10.1,0.546,0.658,0.09,6,12.1,9,7.6,1.4,1.8,10,13.2,1,1.6,2.6,0.065,-2,-0.1,-2,0,2023
149,Adam Flagler,24,OKC,SG,2,0,7,0.5,3.5,0.143,0.5,3,0.167,0,0.5,0,0.214,0,0,,0,0,0,2,0,0,0,0,1.5,,14,0.6,0.214,0.857,0,0,0,0,33.6,0,0,0,21.7,0,0,0,-0.159,-6.7,-3.9,-10.6,0,2023
150,Malachi Flynn,25,3TM,PG,69,0,12.7,2,4.7,0.418,0.8,2.4,0.331,1.2,2.3,0.513,0.505,0.8,1,0.732,0.3,1.3,1.7,1.9,0.6,0.1,0.9,1,5.5,,876,11.9,0.533,0.52,0.218,2.6,12,7.2,21.1,2.1,0.8,15,20.4,-0.1,0.6,0.5,0.029,-2,-0.2,-2.2,0,2023
151,Simone Fontecchio,28,2TM,SF,66,43,24.9,3.8,8.3,0.46,2,5.1,0.401,1.8,3.2,0.551,0.582,0.8,1,0.818,1,2.8,3.7,1.5,0.7,0.3,1,1.7,10.5,,1644,12.1,0.6,0.609,0.12,4.3,12.2,8.3,8.7,1.3,1.2,10.5,16.5,1.5,0.6,2.1,0.061,0,-1,-1,0.4,2023
152,Jordan Ford,25,SAC,PG,6,0,3.7,0.7,1.2,0.571,0.3,0.5,0.667,0.3,0.7,0.5,0.714,0.3,0.3,1,0,0.3,0.3,0.3,0,0,0.2,0,2,,22,16.8,0.761,0.429,0.286,0,10.4,5.1,12.8,0,0,11.3,17.3,0.1,0,0.1,0.157,3.3,-1.1,2.2,0,2023
153,Trent Forrest,25,ATL,SG,38,0,10.9,0.9,2.4,0.378,0.1,0.3,0.2,0.8,2.1,0.4,0.389,0.3,0.4,0.765,0.3,1.1,1.3,2.4,0.3,0.1,0.5,0.7,2.2,,414,8.9,0.426,0.111,0.189,2.8,10.9,6.7,27.6,1.3,0.7,17,11.8,0.1,0.1,0.2,0.027,-3.8,-0.7,-4.4,-0.3,2023
154,Evan Fournier,31,2TM,SG,32,0,18.1,2.5,6.9,0.357,1,4.1,0.254,1.4,2.8,0.505,0.432,0.9,1.1,0.806,0.2,1.7,1.8,1.5,0.9,0.2,0.7,1.5,6.9,,580,8.5,0.464,0.588,0.163,0.9,10.4,5.6,11.6,2.4,1,8.1,19,-0.5,0.4,-0.1,-0.005,-4.7,0.3,-4.3,-0.3,2023
155,De'Aaron Fox,26,SAC,PG,74,74,35.9,9.7,20.9,0.465,2.9,7.8,0.369,6.8,13.1,0.522,0.534,4.2,5.7,0.738,0.9,3.7,4.6,5.6,2,0.4,2.6,2.6,26.6,CPOY-12,2659,20.1,0.567,0.374,0.273,2.8,11.8,7.2,25.2,2.7,1.1,10.1,31,3.3,3.2,6.5,0.117,2.6,0.1,2.7,3.2,2023
156,Javon Freeman-Liberty,24,TOR,PG,22,6,18.3,2.5,5.6,0.444,0.5,1.9,0.238,2,3.7,0.549,0.484,1.5,1.6,0.917,0.7,2.5,3.2,1.8,0.5,0.2,1.1,1.3,7,,403,10.7,0.547,0.339,0.29,4.3,15.1,9.6,13.4,1.2,0.9,15.2,17.5,0.1,0.2,0.2,0.029,-3.1,-2,-5.2,-0.3,2023
157,Alex Fudge,20,2TM,SF,6,0,6.7,1,2.5,0.4,0.2,0.8,0.2,0.8,1.7,0.5,0.433,0.3,0.3,1,0.7,0.2,0.8,0,0.5,0,0.3,0.3,2.5,,40,9.8,0.472,0.333,0.133,11.3,2.7,6.9,0,3.6,0,11.2,19.2,0,0,0,-0.007,-3.7,-1.5,-5.2,0,2023
158,Markelle Fultz,25,ORL,PG,43,18,21.2,3.6,7.6,0.472,0.1,0.4,0.222,3.5,7.2,0.487,0.479,0.5,0.8,0.697,1.3,1.9,3.2,2.8,1,0.3,1.2,1.5,7.8,,910,12.6,0.492,0.055,0.101,7.2,10.7,8.9,19.7,2.3,1.5,12.8,18.8,0,1.3,1.3,0.069,-2.6,1.2,-1.4,0.1,2023
159,Andrew Funk,24,CHI,SG,5,0,2.6,0,0.8,0,0,0.6,0,0,0.2,0,0,0,0,,0,0,0,0,0.2,0.2,0,0,0,,13,-5,0,0.75,0,0,0,0,0,3.8,7.9,0,13.5,-0.1,0,-0.1,-0.252,-12.4,-2,-14.4,0,2023
160,Wenyen Gabriel,26,MEM,PF,5,0,16.2,1.6,4.4,0.364,0.2,1.2,0.167,1.4,3.2,0.438,0.386,0,1,0,1.4,3.6,5,0.6,0.4,0.4,1.6,2,3.4,,81,2.3,0.351,0.273,0.227,9.1,25.3,16.9,5.3,1.2,2.3,24.8,17,-0.3,0.1,-0.2,-0.123,-10.6,-1.9,-12.5,-0.2,2023
161,Daniel Gafford,25,2TM,C,74,66,24.5,4.7,6.5,0.725,0,0,,4.7,6.5,0.725,0.725,1.6,2.4,0.674,2.6,5,7.6,1.6,0.9,2.1,1,3.1,11,,1815,21.7,0.731,0,0.365,11.4,22.1,16.7,9.1,1.7,7.1,11.7,14.7,5.2,2.5,7.8,0.205,0.7,1.9,2.6,2.1,2023
162,Danilo Gallinari,35,3TM,SF,49,0,12.9,1.7,3.9,0.437,0.6,1.9,0.323,1.1,2,0.546,0.516,1.7,2,0.857,0.4,1.8,2.2,1.1,0.3,0.1,0.5,1,5.7,,630,13.4,0.601,0.489,0.516,3.4,15.3,9.3,11.6,1.1,0.8,9,17.2,1,0.3,1.3,0.098,-0.8,-1,-1.9,0,2023
163,Darius Garland,24,CLE,PG,57,57,33.4,6.6,14.8,0.446,2.3,6.2,0.371,4.3,8.5,0.501,0.524,2.6,3.1,0.834,0.5,2.1,2.7,6.5,1.3,0.1,3.1,1.7,18,,1901,14.5,0.56,0.423,0.208,1.8,7.1,4.5,29.4,1.9,0.3,16.1,25.3,0.7,2,2.7,0.067,0.2,-1.2,-1,0.5,2023
164,Usman Garuba,21,GSW,PF,6,0,3,0.2,1,0.167,0,0.2,0,0.2,0.8,0.2,0.167,0.2,0.3,0.5,0.5,0.7,1.2,0.2,0.2,0.5,0.3,0.3,0.5,,18,7,0.218,0.167,0.333,18.2,23.7,21,6.6,2.7,15.1,22.5,20.8,-0.1,0,0,-0.124,-10.8,-0.1,-10.9,0,2023
165,Luka Garza,25,MIN,C,25,0,4.9,1.4,3,0.48,0.4,1.3,0.281,1.1,1.7,0.628,0.54,0.7,1,0.72,0.8,0.5,1.2,0.2,0.2,0,0.2,1,4,,122,21.8,0.576,0.427,0.333,18.6,10.7,14.4,5.9,1.6,0.7,6.5,33.3,0.2,0.2,0.4,0.166,0.6,-2.7,-2.1,0,2023
166,Kaiser Gates,27,NOP,SF,1,0,7,0,4,0,0,2,0,0,2,0,0,0,0,,0,1,1,0,0,0,0,0,0,,7,-19.9,0,0.5,0,0,15.7,8,0,0,0,0,24.9,-0.1,0,-0.1,-0.558,-18.6,-10.1,-28.8,-0.1,2023
167,Keyonte George,20,UTA,PG,75,44,27,4.3,10.9,0.391,2,5.9,0.334,2.3,5,0.459,0.482,2.5,3,0.848,0.2,2.6,2.8,4.4,0.5,0.1,2.5,1.2,13,,2023,10.4,0.533,0.54,0.274,0.8,10.6,5.7,23.1,0.9,0.3,17.1,22.8,-0.4,0.1,-0.3,-0.008,-1.5,-2.9,-4.4,-1.2,2023
168,Paul George,33,LAC,PF,74,74,33.8,7.9,16.7,0.471,3.3,7.9,0.413,4.6,8.8,0.523,0.569,3.6,3.9,0.907,0.5,4.7,5.2,3.5,1.5,0.5,2.1,2.7,22.6,AS,2502,19.3,0.613,0.476,0.235,1.7,15.3,8.8,16.1,2.2,1.3,10.1,26.6,4.4,2.8,7.3,0.14,2.9,0.2,3.2,3.3,2023
169,Taj Gibson,38,2TM,PF,20,1,10.2,0.8,1.9,0.405,0.1,0.5,0.2,0.7,1.4,0.481,0.432,0.1,0.1,1,0.6,1.3,1.9,0.6,0.2,0.4,0.3,1.6,1.7,,204,5.9,0.449,0.27,0.054,6.6,13.8,10.2,6.9,0.7,3.2,11.7,9,0,0.2,0.2,0.044,-5.3,0.1,-5.3,-0.2,2023
170,Josh Giddey,21,OKC,SG,80,80,25.1,5,10.6,0.475,1,3,0.337,4,7.6,0.53,0.523,1.3,1.6,0.806,1.4,5,6.4,4.8,0.6,0.6,2.1,1.4,12.3,,2011,16.6,0.547,0.287,0.146,6.4,21.5,14.2,26.6,1.2,2,15.7,23.1,1.4,2.9,4.3,0.102,1,0.4,1.5,1.8,2023
171,Harry Giles,25,2TM,C,23,0,4.3,1,2.2,0.46,0.1,0.6,0.214,0.9,1.6,0.556,0.49,0.3,0.6,0.538,0.5,0.8,1.3,0.3,0.1,0.1,0.3,0.7,2.4,,100,14.8,0.503,0.28,0.26,12.8,20,16.4,10.5,1,2.7,9.7,26.7,0,0.1,0.1,0.027,-2.7,-2,-4.8,-0.1,2023
172,Shai Gilgeous-Alexander,25,OKC,PG,75,75,34,10.6,19.8,0.535,1.3,3.6,0.353,9.3,16.2,0.576,0.567,7.6,8.7,0.874,0.9,4.7,5.5,6.2,2,0.9,2.2,2.5,30.1,"MVP-2,DPOY-7,CPOY-3,AS,NBA1",2553,29.3,0.636,0.181,0.436,3,14.7,9.1,29.8,2.8,2.4,8.4,32.8,10.5,4.2,14.6,0.275,6.7,2.3,9,7.1,2023
173,Anthony Gill,31,WAS,PF,50,3,9.3,1.5,3.2,0.469,0.2,0.8,0.244,1.3,2.4,0.546,0.5,0.6,0.7,0.806,0.7,1.1,1.9,0.7,0.3,0.2,0.5,1,3.8,,466,12.1,0.537,0.256,0.225,8.3,13.4,10.8,10,1.3,1.9,11.6,18,0.1,0.2,0.4,0.038,-2.6,-1.5,-4.1,-0.3,2023
174,Collin Gillespie,24,DEN,PG,24,0,9.4,1.3,2.9,0.464,0.6,1.6,0.395,0.7,1.3,0.548,0.572,0.3,0.5,0.667,0,0.8,0.9,1.1,0.5,0,0.6,1,3.6,,225,11,0.586,0.551,0.174,0.5,9.6,5.2,15.5,2.9,0,15.9,17.1,0.1,0.3,0.4,0.076,-3.7,0.9,-2.7,0,2023
175,Jacob Gilyard,25,2TM,PG,41,14,17,1.5,3.7,0.4,1.2,3.1,0.405,0.2,0.6,0.375,0.57,0,0,1,0.2,0.9,1.1,3.3,0.8,0.1,0.7,1,4.2,,699,11.1,0.573,0.84,0.013,1.4,6,3.6,27.7,2.3,0.7,16.6,11.1,0.8,0.6,1.4,0.095,-2,0.6,-1.4,0.1,2023
176,Rudy Gobert,31,MIN,C,76,76,34.1,5.3,8.1,0.661,0,0,0,5.3,8,0.664,0.661,3.3,5.1,0.638,3.8,9.2,12.9,1.3,0.7,2.1,1.6,3.1,14,"DPOY-1,DEF1",2593,19.3,0.675,0.005,0.635,13.1,29.2,21.5,5.6,1,5.5,13.1,15.4,5.8,5.8,11.6,0.216,0.1,1.7,1.8,2.5,2023
177,Jordan Goodwin,25,2TM,PG,57,12,18.5,2.5,6.7,0.369,0.7,2.5,0.298,1.7,4.2,0.411,0.424,0.8,1,0.746,1.5,2.9,4.4,2.7,0.8,0.3,1,1.3,6.5,,1055,12.6,0.451,0.369,0.154,9.3,17.3,13.3,20.9,2.2,1.6,12.1,19,-0.2,1.4,1.2,0.054,-1.5,0.5,-1,0.3,2023
178,Aaron Gordon,28,DEN,PF,73,73,31.5,5.5,9.8,0.556,0.5,1.9,0.29,4.9,7.9,0.619,0.584,2.4,3.7,0.658,2.4,4.1,6.5,3.5,0.8,0.6,1.4,1.9,13.9,,2297,16.8,0.607,0.193,0.376,8.6,13.9,11.4,15.2,1.2,1.7,11.2,17.8,4.5,2.6,7.1,0.148,1.2,0.1,1.3,1.9,2023
179,Eric Gordon,35,PHO,SG,68,24,27.8,4,9.1,0.443,2.2,5.8,0.378,1.8,3.3,0.561,0.565,0.8,0.9,0.797,0.2,1.6,1.8,2,1,0.4,1.1,1.2,11,,1893,10.8,0.58,0.642,0.104,1,6,3.6,10,1.7,1.4,10.2,16.5,1,1.5,2.5,0.063,-1.3,-0.5,-1.7,0.1,2023
180,Devonte' Graham,28,SAS,PG,23,0,13.6,1.7,4.7,0.352,1.1,3.6,0.301,0.6,1.1,0.52,0.468,0.6,0.7,0.813,0.2,1.3,1.6,2.1,0.4,0.1,0.7,0.6,5,,313,9.4,0.495,0.769,0.148,1.7,10.8,6.2,21,1.4,0.5,12.9,17.8,-0.1,0.2,0.1,0.018,-3,-0.9,-3.9,-0.1,2023
181,Jerami Grant,29,POR,PF,54,54,33.9,7.1,15.7,0.451,2.1,5.1,0.402,5,10.6,0.474,0.516,4.7,5.8,0.817,0.7,2.9,3.5,2.8,0.8,0.6,2.1,2.2,21,,1830,15.4,0.573,0.325,0.367,2.1,10,5.8,13.8,1.2,1.7,10.5,25.7,1.7,1,2.7,0.071,1,-1.1,-0.1,0.9,2023
182,RaiQuan Gray,24,SAS,PF,3,0,13,3.3,5.7,0.588,1,2.3,0.429,2.3,3.3,0.7,0.676,0,0,,0.7,1.7,2.3,2,0.3,0.3,0.3,0,7.7,,39,22.7,0.676,0.412,0,5.5,14,9.7,25.2,1.2,2.1,5.6,19.5,0.1,0,0.2,0.187,5.6,1.8,7.4,0.1,2023
183,A.J. Green,24,MIL,SG,56,0,11,1.5,3.5,0.423,1.2,3,0.408,0.3,0.5,0.519,0.599,0.3,0.3,0.895,0.2,1,1.1,0.5,0.2,0.1,0.2,0.9,4.5,,614,10.5,0.617,0.862,0.097,1.6,9.6,5.7,6.4,0.7,0.6,5.5,15.2,0.7,0.3,1.1,0.084,-0.4,-1.7,-2.1,0,2023
184,Danny Green,36,PHI,SG,2,0,9,0,1,0,0,0.5,0,0,0.5,0,0,0,0,,0,1,1,0.5,0.5,0,0,0.5,0,,18,0.7,0,0.5,0,0,12.5,6.1,6.5,2.7,0,0,4.8,0,0,0,-0.035,-7.4,0.8,-6.6,0,2023
185,Draymond Green,33,GSW,PF,55,52,27.1,3.4,6.8,0.497,0.9,2.3,0.395,2.4,4.4,0.551,0.566,1,1.3,0.73,1.4,5.9,7.2,6,1,0.9,2.5,3,8.6,,1490,14.5,0.587,0.347,0.199,5.6,23,14.4,28.6,1.8,2.9,25,15.3,1.4,2.2,3.6,0.116,-0.6,3,2.4,1.6,2023
186,Jalen Green,21,HOU,SG,82,82,31.7,6.9,16.2,0.423,2.5,7.4,0.332,4.4,8.9,0.498,0.498,3.5,4.3,0.804,0.5,4.7,5.2,3.5,0.8,0.3,2.3,1.4,19.6,,2601,14.7,0.541,0.454,0.264,1.7,15.9,8.7,17.3,1.2,1,11.4,27.4,0.2,2.9,3.1,0.056,0.4,-0.9,-0.5,1,2023
187,Javonte Green,30,CHI,SF,9,5,25.6,5,8.3,0.6,1.1,3,0.37,3.9,5.3,0.729,0.667,1.1,1.4,0.769,2.2,5.2,7.4,0.6,1.1,0.9,0.8,2.1,12.2,,230,20.2,0.681,0.36,0.173,9.5,23.3,16.3,3.3,2.2,3.6,8,16.7,0.5,0.3,0.9,0.18,1.9,0.1,2,0.2,2023
188,Jeff Green,37,HOU,PF,78,6,16.8,2.1,4.7,0.456,0.7,2.1,0.331,1.5,2.6,0.553,0.529,1.6,1.9,0.819,0.6,1.7,2.3,0.9,0.2,0.4,0.6,1.3,6.5,,1307,11.3,0.59,0.437,0.407,3.7,10.9,7.3,7.3,0.6,2.2,9.6,15.5,1.4,1.2,2.6,0.095,-1.6,-0.4,-2.1,0,2023
189,Josh Green,23,DAL,SG,57,33,26.4,3.1,6.6,0.479,1.3,3.3,0.385,1.9,3.3,0.572,0.575,0.7,1,0.684,0.7,2.5,3.2,2.3,0.8,0.2,1.1,1.9,8.2,,1505,9.9,0.588,0.5,0.152,2.9,10.4,6.7,11.1,1.5,0.5,13.1,13.1,1,1.2,2.2,0.071,-2.4,-0.3,-2.7,-0.3,2023
190,AJ Griffin,20,ATL,SF,20,0,8.6,0.9,3.1,0.29,0.5,2,0.256,0.4,1.2,0.348,0.371,0.1,0.1,1,0.1,0.8,0.9,0.3,0.1,0.1,0.4,0.3,2.4,,171,1.2,0.382,0.629,0.032,1.2,10.6,5.7,3.7,0.3,1.1,11.3,17.3,-0.4,0,-0.4,-0.12,-6,-3.5,-9.6,-0.3,2023
191,Quentin Grimes,23,2TM,SG,51,18,20.1,2.4,6.4,0.372,1.6,4.7,0.338,0.8,1.7,0.466,0.495,0.7,0.9,0.756,0.3,1.7,2,1.3,0.7,0.1,0.5,1.5,7,,1025,8.9,0.516,0.732,0.137,1.6,9.3,5.5,8.7,1.7,0.6,7.5,15.8,0.3,1,1.3,0.06,-2.6,0.4,-2.2,-0.1,2023
192,Mouhamadou Gueye,25,TOR,PF,11,0,10.9,1,3.5,0.289,0,0.3,0,1,3.2,0.314,0.289,0.4,0.8,0.444,1.1,1,2.1,0.5,0.3,1.6,1.1,1.4,2.4,,120,4.6,0.31,0.079,0.237,10.8,10.3,10.5,5.3,1.2,13.2,22.2,19.2,-0.5,0.2,-0.4,-0.147,-11,-0.9,-11.9,-0.3,2023
193,Mouhamed Gueye,21,ATL,PF,6,0,12.2,1.3,3.8,0.348,0.5,1.5,0.333,0.8,2.3,0.357,0.413,0.8,1,0.833,1.7,2,3.7,0.7,0.8,0.7,0.2,2.2,4,,73,15,0.468,0.391,0.261,14.4,18.6,16.4,7,3.3,4.9,3.8,15.2,0.1,0.1,0.2,0.127,-2.1,0.6,-1.5,0,2023
194,Rui Hachimura,25,LAL,PF,68,39,26.9,5.3,9.9,0.537,1.4,3.4,0.422,3.9,6.5,0.597,0.609,1.5,2,0.739,0.9,3.5,4.3,1.2,0.6,0.4,0.7,1.5,13.6,,1826,15,0.628,0.343,0.198,3.7,13.7,8.9,6.3,1.1,1.2,5.9,18.5,2.7,1.5,4.1,0.108,0,-0.9,-0.9,0.5,2023
195,Ashton Hagans,24,POR,PG,19,1,16.6,1.5,3.7,0.408,0.4,1.3,0.32,1.1,2.4,0.457,0.465,0.7,0.9,0.824,0.7,1.6,2.4,2.8,0.6,0.5,1.6,2.1,4.2,,316,8.5,0.51,0.352,0.239,4.7,11.7,8,23.7,1.7,2.6,27.7,14.6,-0.2,0.3,0,0.006,-4.4,0.9,-3.5,-0.1,2023
196,Tyrese Haliburton,23,IND,PG,69,68,32.2,7.2,15.2,0.477,2.8,7.8,0.364,4.4,7.4,0.595,0.57,2.8,3.3,0.855,0.5,3.4,3.9,10.9,1.2,0.7,2.3,1.1,20.1,"AS,NBA3",2224,23.3,0.605,0.51,0.217,1.8,12,6.9,44.9,1.8,1.7,12.2,24.6,7.6,1.5,9,0.195,7.3,-0.4,6.9,5,2023
197,R.J. Hampton,22,MIA,PG,8,2,9.5,0.5,1.8,0.286,0.1,1,0.125,0.4,0.8,0.5,0.321,0.1,0.3,0.5,0.3,0.5,0.8,1,0,0,0.4,1,1.3,,76,0.9,0.336,0.571,0.143,3,6,4.5,13.6,0,0,16.8,10.5,-0.1,0,-0.1,-0.038,-8.1,-1.4,-9.5,-0.1,2023
198,Tim Hardaway Jr.,31,DAL,SF,79,12,26.8,5,12.4,0.402,2.7,7.6,0.353,2.3,4.8,0.478,0.51,1.8,2.1,0.852,0.3,2.9,3.2,1.8,0.5,0.1,0.9,1.3,14.4,6MOY-9,2120,12.1,0.542,0.612,0.173,1.1,11.9,6.5,9.2,1,0.2,6.2,22.6,0.8,1.4,2.2,0.05,-0.8,-2.1,-2.9,-0.5,2023
199,James Harden,34,LAC,PG,72,72,34.3,4.9,11.4,0.428,2.6,6.8,0.381,2.3,4.6,0.497,0.541,4.2,4.8,0.878,0.5,4.7,5.1,8.5,1.1,0.8,2.6,1.8,16.6,,2470,18.6,0.612,0.594,0.418,1.6,14.8,8.4,33.6,1.5,2.1,16,20.6,5.9,2.5,8.4,0.163,3.8,0.3,4.1,3.8,2023
200,Jaden Hardy,21,DAL,SG,73,7,13.5,2.7,6.6,0.407,1.1,3.1,0.362,1.6,3.5,0.447,0.492,0.8,1,0.776,0.3,1.5,1.8,1.5,0.3,0.1,0.8,1.1,7.3,,989,11.2,0.517,0.468,0.159,2.2,12.2,7.2,15.7,1.1,0.4,10.8,24.9,-0.4,0.7,0.3,0.014,-2,-2.1,-4.1,-0.5,2023
201,Ron Harper Jr.,23,TOR,PF,1,0,4,0,0,,0,0,,0,0,,,0,0,,0,0,0,1,0,0,0,2,0,,4,0,,,,0,0,0,28.6,0,0,,0,0,0,0,0.087,-11.7,2.8,-8.8,0,2023
202,Gary Harris,29,ORL,SG,54,27,24,2.4,5.5,0.441,1.4,3.8,0.371,1,1.7,0.598,0.569,0.6,0.8,0.756,0.4,1.2,1.7,1.6,0.9,0.3,0.6,1.7,6.9,,1297,9.4,0.587,0.69,0.152,2.2,6.1,4.1,9.1,1.9,1,8.9,11.7,1.1,1.5,2.7,0.099,-2.3,1.1,-1.2,0.3,2023
203,Joe Harris,32,DET,SG,16,0,10.6,0.9,2.4,0.359,0.6,1.9,0.333,0.3,0.6,0.444,0.487,0.1,0.1,0.5,0.2,0.6,0.8,0.6,0.2,0.1,0.3,1.2,2.4,,170,4.6,0.489,0.769,0.051,1.9,6.7,4.3,7.7,0.8,1,9.1,11,0,0,0,0.001,-4.7,-1.1,-5.9,-0.2,2023
204,Kevon Harris,26,ORL,SG,2,0,3,1,1.5,0.667,0,0,,1,1.5,0.667,0.667,0,0,,0,1,1,0.5,0,0,0.5,1.5,2,,6,11.1,0.667,0,0,0,39.5,19.6,33,0,0,25,29.1,0,0,0,0.038,-15.5,-0.3,-15.8,0,2023
205,Tobias Harris,31,PHI,PF,70,70,33.8,6.6,13.6,0.487,1.3,3.7,0.353,5.3,9.9,0.537,0.535,2.7,3,0.878,1.1,5.3,6.5,3.1,1,0.7,1.3,1.6,17.2,,2368,16.5,0.576,0.271,0.224,3.7,17.7,10.6,13.8,1.5,1.8,8.2,20.7,3.2,2.7,5.9,0.121,1,-0.1,0.9,1.7,2023
206,Shaquille Harrison,30,MEM,SG,3,0,2,0.3,0.7,0.5,0,0,,0.3,0.7,0.5,0.5,0,0,,0,0.7,0.7,0,0,0.3,0,0,0.7,,6,15.9,0.5,0,0,0,38,18.2,0,0,15.6,0,14.3,0,0,0,0.09,-0.7,5.2,4.6,0,2023
207,Josh Hart,28,NYK,SF,81,42,33.4,3.6,8.4,0.434,1,3.2,0.31,2.7,5.2,0.511,0.493,1.1,1.4,0.791,1.6,6.8,8.3,4.1,0.9,0.3,1.5,2.1,9.4,,2707,11.8,0.522,0.38,0.169,5.3,22.8,14,16.3,1.4,0.8,13.9,13.5,2,3.6,5.7,0.1,-1.3,1.4,0,1.4,2023
208,Isaiah Hartenstein,25,NYK,C,75,49,25.3,3.1,4.9,0.644,0,0,0.333,3.1,4.8,0.646,0.645,1.5,2.1,0.707,3.3,5.1,8.3,2.5,1.2,1.1,1.2,2.8,7.8,,1896,18.9,0.67,0.008,0.43,14.4,22.7,18.5,13.5,2.3,4.2,17.6,12,4.6,3.5,8.1,0.204,0.7,2.8,3.5,2.6,2023
209,Sam Hauser,26,BOS,SF,79,13,22,3.2,7.1,0.446,2.5,5.9,0.424,0.7,1.2,0.559,0.623,0.2,0.2,0.895,0.6,2.9,3.5,1,0.5,0.3,0.4,1.3,9,,1741,13,0.629,0.833,0.034,2.9,13.7,8.6,6.2,1.1,1.3,5.3,15,2.7,2.1,4.9,0.134,1.2,0,1.2,1.4,2023
210,Jordan Hawkins,21,NOP,SG,67,10,17.3,2.6,6.8,0.382,1.6,4.4,0.366,1,2.4,0.411,0.501,1,1.2,0.838,0.4,1.8,2.2,1,0.3,0.1,0.6,1.1,7.8,,1160,10.2,0.533,0.654,0.175,2.8,11.3,7.1,8.2,0.8,0.6,7.5,19.9,0.3,1,1.3,0.053,-1.3,-1.7,-3.1,-0.3,2023
211,Jaxson Hayes,23,LAL,C,70,5,12.5,1.8,2.5,0.72,0,0.1,0,1.8,2.4,0.754,0.72,0.7,1.2,0.622,1,2,3,0.5,0.5,0.4,0.6,1.8,4.3,,877,14,0.718,0.046,0.469,9.2,17.1,13.4,5,1.8,2.9,16.9,12.5,1.4,1.1,2.5,0.135,-2.8,0.9,-1.9,0,2023
212,Killian Hayes,22,DET,PG,42,31,24,2.8,6.7,0.413,0.5,1.8,0.297,2.3,5,0.455,0.452,0.8,1.2,0.66,0.3,2.6,2.8,4.9,0.9,0.5,1.2,1.8,6.9,,1008,10.5,0.474,0.261,0.177,1.2,12.2,6.6,27.8,1.7,1.7,14.3,15.1,0,0.7,0.7,0.032,-2.9,0.2,-2.7,-0.2,2023
213,Gordon Hayward,33,2TM,SF,51,28,24.4,3.7,7.9,0.464,0.7,1.8,0.411,2.9,6.1,0.479,0.51,1.7,2.4,0.742,0.7,2.8,3.5,3.1,0.8,0.3,1.3,1.3,9.8,,1245,12.8,0.548,0.223,0.298,3.4,13,8.1,18.3,1.6,1,12.6,18.4,0.6,0.9,1.5,0.058,-1.6,-0.5,-2.1,0,2023
214,Scoot Henderson,19,POR,PG,62,32,28.5,5,12.9,0.385,1.4,4.3,0.325,3.5,8.5,0.416,0.44,2.7,3.3,0.819,0.9,2.3,3.1,5.4,0.8,0.2,3.4,3.1,14,,1765,9.5,0.489,0.336,0.256,3.2,9.5,6.2,29.9,1.3,0.7,19.3,26.5,-2.5,0.9,-1.7,-0.045,-3.5,-2.3,-5.8,-1.7,2023
215,Taylor Hendricks,20,UTA,PF,40,23,21.4,2.7,6,0.45,1.3,3.5,0.379,1.4,2.5,0.55,0.56,0.6,0.7,0.793,1.2,3.5,4.6,0.8,0.7,0.8,0.7,1.9,7.3,,856,11.8,0.578,0.583,0.121,6,17.7,11.9,5,1.6,3.1,9.7,13.7,0.7,0.6,1.2,0.07,-1.3,-0.4,-1.6,0.1,2023
216,Tyler Herro,24,MIA,SG,42,40,33.5,7.7,17.5,0.441,3.1,7.9,0.396,4.6,9.6,0.478,0.531,2.3,2.6,0.856,0.5,4.8,5.3,4.5,0.7,0.1,2.2,1.5,20.8,,1407,15.7,0.558,0.453,0.151,1.5,16.5,8.9,22.4,1.1,0.2,10.6,27.8,0.4,1.6,2,0.068,1.5,-0.7,0.8,1,2023
217,Buddy Hield,31,2TM,SF,84,42,25.7,4.4,10.1,0.436,2.6,6.8,0.386,1.8,3.4,0.539,0.565,0.6,0.7,0.881,0.7,2.5,3.2,2.8,0.8,0.5,1.2,2,12.1,,2160,13.3,0.578,0.668,0.069,3.1,10.9,7,14.5,1.6,1.6,10.5,19.2,1.9,1.6,3.5,0.077,1,-0.6,0.4,1.3,2023
218,Haywood Highsmith,27,MIA,PF,66,26,20.7,2.3,5,0.465,1.2,2.9,0.396,1.2,2.1,0.562,0.581,0.3,0.5,0.639,1,2.2,3.2,1.1,0.8,0.5,0.5,1.8,6.1,,1366,11.1,0.587,0.584,0.109,5.3,12.1,8.7,7.2,1.9,2.1,9,12.4,1.1,1.9,3.1,0.108,-1.8,1.1,-0.7,0.5,2023
219,Nate Hinton,24,HOU,SG,15,0,5,0.7,1.7,0.423,0.5,0.9,0.5,0.3,0.8,0.333,0.558,0.3,0.3,0.8,0.5,1,1.5,0.7,0.2,0.1,0.2,0.7,2.2,,75,17.6,0.585,0.538,0.192,9.9,21.7,15.7,18.6,1.9,2.5,9.6,17.7,0.2,0.1,0.3,0.187,1.9,1.7,3.6,0.1,2023
220,D'Moi Hodge,25,LAL,SG,7,0,5.9,0.7,2.1,0.333,0.4,1.7,0.25,0.3,0.4,0.667,0.433,0.1,0.3,0.5,0,0,0,0.7,0.1,0.1,0.1,0.6,2,,41,6.1,0.441,0.8,0.133,0,0,0,15.6,1.2,2.1,5.9,17.8,0,0,0,-0.019,-3.7,-2.6,-6.3,0,2023
221,Aaron Holiday,27,HOU,PG,78,1,16.3,2.4,5.3,0.446,1.1,2.8,0.387,1.3,2.6,0.51,0.547,0.7,0.8,0.921,0.3,1.3,1.6,1.8,0.5,0.1,0.7,1.6,6.6,,1269,11.5,0.578,0.52,0.151,1.9,8.5,5.2,15.4,1.6,0.4,10.6,16.7,1.3,1.2,2.5,0.094,-1.8,0.3,-1.5,0.2,2023
222,Jrue Holiday,33,BOS,PG,69,69,32.8,4.8,10,0.48,2,4.7,0.429,2.8,5.3,0.526,0.581,0.9,1,0.833,1.2,4.2,5.4,4.8,0.9,0.8,1.8,1.6,12.5,"DPOY-6,DEF2",2263,14.4,0.597,0.467,0.104,4.2,13.2,8.9,19.3,1.3,2.1,14.7,16.3,3.3,3,6.3,0.133,1,1.1,2.1,2.4,2023
223,Justin Holiday,34,DEN,SG,58,9,14.9,1.5,3.3,0.454,0.9,2.3,0.404,0.6,1,0.569,0.595,0.1,0.1,0.75,0.2,1.1,1.2,1.2,0.6,0.2,0.2,1.2,4,,862,9.7,0.598,0.701,0.021,1.2,7.8,4.6,9.5,2.1,0.9,6.7,10.6,0.9,0.9,1.8,0.101,-2.5,0.9,-1.6,0.1,2023
224,Richaun Holmes,30,2TM,C,40,10,13.9,2.1,3.7,0.558,0,0.1,0.333,2,3.6,0.563,0.561,0.9,1.2,0.723,1.8,2.8,4.6,0.6,0.3,0.5,0.6,1.9,5,,555,14.5,0.593,0.02,0.32,13.7,21.8,17.7,6,0.9,2.9,12.5,14.7,0.8,0.5,1.3,0.114,-2.4,-0.8,-3.3,-0.2,2023
225,Chet Holmgren,21,OKC,C,82,82,29.4,6.2,11.6,0.53,1.6,4.3,0.37,4.6,7.4,0.623,0.598,2.7,3.4,0.793,1.6,6.3,7.9,2.4,0.6,2.3,1.6,2.4,16.5,ROY-2,2413,20.4,0.632,0.366,0.289,6.2,23.1,15,11.6,1.1,7.3,10.9,21.6,4.6,4.4,8.9,0.178,1.8,1.5,3.4,3.3,2023
226,Jalen Hood-Schifino,20,LAL,SG,21,0,5.2,0.5,2.1,0.222,0.1,0.7,0.133,0.4,1.4,0.267,0.244,0.6,1,0.6,0.1,0.5,0.6,0.4,0.1,0.1,0.4,0.6,1.6,,109,-1.5,0.316,0.333,0.444,2.1,10.7,6.6,9.1,1.3,1.6,14.3,24.9,-0.6,0.1,-0.5,-0.222,-12.4,-3.7,-16.1,-0.4,2023
227,Al Horford,37,BOS,C,65,33,26.8,3.3,6.4,0.511,1.7,4,0.419,1.6,2.5,0.658,0.64,0.4,0.5,0.867,1.3,5.1,6.4,2.6,0.6,1,0.7,1.4,8.6,,1740,15,0.65,0.616,0.072,5.3,19.7,12.8,12.3,1.1,3.1,10,12,3.5,2.7,6.2,0.172,1.7,2,3.6,2.5,2023
228,Talen Horton-Tucker,23,UTA,PG,51,11,19.8,3.6,9.1,0.396,1.2,3.6,0.33,2.4,5.5,0.438,0.46,1.7,2.1,0.807,0.4,2,2.4,3.5,0.9,0.4,1.3,1.8,10.1,,1009,13.4,0.503,0.391,0.234,2.3,10.8,6.6,25.5,2.2,1.7,11.2,24,0.3,0.5,0.8,0.039,-0.9,-0.4,-1.2,0.2,2023
229,Danuel House Jr.,30,PHI,SF,34,4,15,1.4,3.1,0.448,0.4,1.5,0.3,0.9,1.6,0.582,0.519,1,1.4,0.761,0.5,1.2,1.7,0.8,0.4,0.1,0.6,1.3,4.2,,509,8.5,0.575,0.476,0.438,3.4,9.3,6.3,7.2,1.5,0.9,13.2,12.2,0.3,0.4,0.7,0.066,-3.4,-0.5,-4,-0.3,2023
230,Caleb Houstan,21,ORL,SF,59,13,13.8,1.4,3.5,0.388,1.2,3.3,0.373,0.1,0.2,0.615,0.563,0.4,0.4,0.808,0.5,0.9,1.4,0.5,0.3,0.1,0.3,1,4.3,,815,8.3,0.582,0.937,0.126,4,8.1,6.1,4.8,0.9,0.5,6.9,12.5,0.7,0.8,1.5,0.089,-1.4,-0.5,-1.9,0,2023
231,Jett Howard,20,ORL,SF,18,0,3.7,0.6,1.7,0.333,0.4,1.4,0.28,0.2,0.3,0.6,0.45,0.1,0.2,0.5,0.1,0.3,0.4,0.3,0.1,0.1,0.2,0.2,1.6,,67,8.6,0.457,0.833,0.133,1.7,10.6,6.1,13,1.5,2.8,8.6,22.7,-0.1,0.1,0,0.005,-1.4,-0.3,-1.8,0,2023
232,Kevin Huerter,25,SAC,SG,64,59,24.4,3.9,8.8,0.443,1.9,5.3,0.361,2,3.4,0.571,0.553,0.6,0.7,0.766,0.6,2.9,3.5,2.6,0.7,0.4,0.8,2.1,10.2,,1562,12.4,0.564,0.609,0.084,2.7,13.6,8,14.4,1.4,1.3,8.4,17.3,1.5,1.4,2.9,0.089,-0.5,-0.4,-0.8,0.5,2023
233,Jay Huff,25,DEN,C,20,0,2.5,0.5,0.8,0.6,0.2,0.5,0.333,0.3,0.3,1,0.7,0.1,0.1,1,0.1,0.5,0.6,0.1,0.1,0.2,0.1,0.5,1.2,,49,18.5,0.724,0.6,0.133,4.7,19.8,12.4,5.6,2,5.2,5.9,15,0.1,0.1,0.2,0.212,-0.3,1.6,1.3,0,2023
234,De'Andre Hunter,26,ATL,SF,57,37,29.5,5.3,11.6,0.459,2.1,5.3,0.385,3.3,6.3,0.521,0.547,2.9,3.4,0.847,0.5,3.4,3.9,1.5,0.7,0.3,1.5,2.6,15.6,,1681,12.7,0.595,0.459,0.296,1.9,12.9,7.2,7.3,1.1,0.9,10,20.6,1.6,0.6,2.2,0.062,-0.9,-1.5,-2.4,-0.2,2023
235,Matthew Hurt,23,MEM,PF,8,0,14.1,1.5,4.3,0.353,0.6,2.5,0.25,0.9,1.8,0.5,0.426,0.4,0.4,1,1.1,0.9,2,0.5,0.4,0.4,0.3,1,4,,113,8.4,0.453,0.588,0.088,8.4,7.1,7.7,5.1,1.3,2.5,5.4,14.2,0,0.1,0.1,0.031,-3,-0.7,-3.7,-0.1,2023
236,Bones Hyland,23,LAC,PG,37,5,14.6,2.6,6.8,0.386,1.2,3.6,0.326,1.4,3.1,0.457,0.474,0.5,0.6,0.783,0.1,1.4,1.5,2.5,0.7,0.1,1.2,1.4,6.9,,540,10.8,0.49,0.538,0.092,1.1,10.1,5.7,24.5,2.4,0.7,14.4,24.8,-0.5,0.5,0,0.003,-2.8,-0.8,-3.6,-0.2,2023
237,Joe Ingles,36,ORL,SF,68,0,17.2,1.5,3.3,0.436,1,2.4,0.435,0.4,1,0.439,0.59,0.4,0.5,0.824,0.3,1.8,2.1,3,0.6,0.1,1,1.3,4.4,,1169,10.6,0.612,0.709,0.15,1.8,12.6,7.1,23,1.8,0.4,21.7,11.6,1.1,1.5,2.6,0.108,-1.7,1.2,-0.5,0.5,2023
238,Brandon Ingram,26,NOP,SF,64,64,32.9,7.8,15.9,0.492,1.3,3.8,0.355,6.5,12.1,0.534,0.534,3.8,4.8,0.801,0.7,4.4,5.1,5.7,0.8,0.6,2.5,2.3,20.8,,2103,18.2,0.578,0.238,0.302,2.3,14.7,8.6,26.7,1.2,1.9,12.4,27.2,2.7,2.4,5.1,0.117,1.4,-0.3,1.2,1.7,2023
239,Kyrie Irving,31,DAL,SG,58,58,35,9.7,19.5,0.497,3,7.3,0.411,6.7,12.2,0.548,0.573,3.3,3.6,0.905,0.8,4.2,5,5.2,1.3,0.5,1.8,1.9,25.6,CPOY-7,2030,21.9,0.608,0.372,0.186,2.4,13.2,7.8,23.8,1.7,1.2,8,28.1,4.9,2,6.9,0.163,4.8,0.1,4.9,3.6,2023
240,Jonathan Isaac,26,ORL,PF,58,2,15.8,2.5,4.9,0.51,0.7,1.9,0.375,1.8,3,0.598,0.584,1,1.4,0.72,1.3,3.2,4.5,0.5,0.7,1.2,0.5,1.1,6.8,6MOY-9,914,19.2,0.61,0.392,0.287,9.3,24.2,16.7,4.8,2.3,7.1,7.7,16.7,1.5,2.1,3.6,0.188,1.4,2.4,3.8,1.4,2023
241,Jaden Ivey,21,DET,SG,77,61,28.8,5.4,12.6,0.429,1.6,4.8,0.336,3.8,7.8,0.485,0.492,2.9,3.9,0.749,1.1,2.3,3.4,3.8,0.7,0.5,2.5,2.6,15.4,,2217,12.4,0.536,0.379,0.311,4.3,9.1,6.6,20.2,1.2,1.6,14.7,24.9,-0.5,1,0.5,0.01,-1.4,-1.7,-3.1,-0.6,2023
242,Andre Jackson Jr.,22,MIL,SG,57,8,10,0.9,1.8,0.5,0.3,0.8,0.37,0.6,0.9,0.611,0.585,0.1,0.2,0.727,0.8,1.2,2,0.9,0.3,0.1,0.5,1.6,2.2,,572,8.5,0.596,0.46,0.11,8.4,13.1,10.8,10.8,1.3,0.9,21.1,10,0.5,0.5,1,0.081,-3.6,0,-3.6,-0.2,2023
243,GG Jackson II,19,MEM,PF,48,18,25.7,5,11.7,0.428,2.1,6,0.357,2.9,5.8,0.502,0.519,2.4,3.2,0.752,1.1,3,4.1,1.2,0.6,0.5,1.4,1.3,14.6,,1233,13.7,0.554,0.508,0.272,4.5,13.2,8.7,8,1.1,1.8,9.3,24.2,0.2,1.1,1.2,0.048,-0.2,-1.8,-2,0,2023
244,Isaiah Jackson,22,IND,C,59,3,13.1,2.6,3.9,0.665,0,0.1,0,2.6,3.9,0.677,0.665,1.2,1.7,0.716,1.6,2.4,4,0.8,0.6,1,0.7,2.3,6.5,,771,21.5,0.689,0.017,0.438,13.8,21.2,17.5,8.3,2.1,6.3,12.3,17.2,2.2,1.1,3.3,0.204,0.3,1.4,1.7,0.7,2023
245,Jaren Jackson Jr.,24,MEM,C,66,66,32.2,7.8,17.6,0.444,1.8,5.5,0.32,6,12.1,0.501,0.494,5.1,6.3,0.808,1.3,4.2,5.5,2.3,1.2,1.6,2.4,3.6,22.5,,2124,17.4,0.552,0.315,0.359,4.2,15,9.4,13.1,1.8,4.7,10.6,30.4,0.2,2.8,3,0.067,0,0.4,0.4,1.3,2023
246,Justin Jackson,28,MIN,SF,2,0,0.5,0,0,,0,0,,0,0,,,0,0,,0,0,0,0,0,0,0,0,0,,1,0,,,,0,0,0,0,0,0,,0,0,0,0,0.031,-6.3,-1.2,-7.5,0,2023
247,Quenton Jackson,25,IND,PG,3,0,3.7,0,0.3,0,0,0,,0,0.3,0,0,0.7,0.7,1,0,1.3,1.3,0.7,0.3,0,0,0.3,0.7,,11,16.1,0.532,0,2,0,41.2,20.6,18.6,4.3,0,0,7.2,0,0,0,0.203,-3.5,6.8,3.3,0,2023
248,Reggie Jackson,33,DEN,PG,82,23,22.2,4,9.2,0.431,1.2,3.5,0.359,2.7,5.8,0.475,0.499,1,1.2,0.806,0.4,1.5,1.9,3.8,0.5,0.2,1.3,1.8,10.2,,1817,11.7,0.521,0.376,0.13,2.1,7.2,4.7,23,1.2,0.6,11.7,21.7,0.6,1.5,2.1,0.056,-1.8,-1.5,-3.2,-0.6,2023
249,Trayce Jackson-Davis,23,GSW,PF,68,16,16.6,3.4,4.9,0.702,0,0,0,3.4,4.9,0.704,0.702,1.1,1.9,0.561,2,3,5,1.2,0.4,1.1,0.7,1.6,7.9,,1130,21.6,0.692,0.003,0.398,13.1,19.4,16.3,10.4,1.2,6.1,11.2,16.4,3.2,1.6,4.8,0.205,1.5,1.2,2.8,1.4,2023
250,LeBron James,39,LAL,PF,71,71,35.3,9.6,17.9,0.54,2.1,5.1,0.41,7.5,12.8,0.592,0.599,4.3,5.7,0.75,0.9,6.4,7.3,8.3,1.3,0.5,3.5,1.1,25.7,"CPOY-10,AS,NBA3",2504,23.7,0.63,0.286,0.318,2.8,19.3,11.5,37.5,1.7,1.3,14.5,29.2,5.7,2.8,8.5,0.164,5.5,0.9,6.5,5.4,2023
251,Jaime Jaquez Jr.,22,MIA,SF,75,20,28.2,4.5,9.3,0.489,0.9,2.7,0.322,3.7,6.6,0.558,0.536,1.9,2.3,0.811,1.1,2.7,3.8,2.6,1,0.3,1.5,2.2,11.9,"ROY-4,6MOY-9",2113,12.9,0.574,0.29,0.251,4.4,11,7.6,13.9,1.8,0.9,12.4,18.7,1.4,2.7,4,0.092,-2.2,0.3,-1.9,0.1,2023
252,DeJon Jarreau,26,MEM,SG,9,0,16.7,1.9,5.6,0.34,0.4,1.4,0.308,1.4,4.1,0.351,0.38,0.6,1.2,0.455,0.9,4,4.9,2.9,0.7,0.2,1,1.6,4.8,,150,9.6,0.392,0.26,0.22,5.6,27.3,16,25.4,2,1.2,14.1,18.3,-0.2,0.2,0,0.002,-4.6,0.7,-4,-0.1,2023
253,DaQuan Jeffries,26,NYK,SG,17,0,2.7,0.4,1,0.353,0.1,0.6,0.2,0.2,0.4,0.571,0.412,0,0.1,0,0,0.3,0.3,0.3,0,0.1,0.2,0.1,0.8,,46,3.1,0.391,0.588,0.118,0,12.2,6.1,14.9,0,2,14.4,19.6,-0.1,0,-0.1,-0.087,-5.6,-2.5,-8.1,-0.1,2023
254,Trey Jemison,24,2TM,C,25,14,22.9,3,5.4,0.551,0,0,,3,5.4,0.551,0.551,0.8,1,0.84,2.6,2.8,5.4,1.1,0.5,1.1,1.4,2.8,6.8,,573,11.8,0.582,0,0.184,11.7,13.9,12.8,7.1,1,4.6,18.8,13.5,0.3,0.6,0.9,0.073,-4.7,-0.4,-5.1,-0.5,2023
255,Ty Jerome,26,CLE,SG,2,0,7.5,1,2,0.5,0,0.5,0,1,1.5,0.667,0.5,0,0,,0.5,0,0.5,1.5,0,0,0.5,1,2,,15,7.6,0.5,0.25,0,7.6,0,3.7,27.3,0,0,20,14.7,0,0,0,0.04,-4.1,-0.8,-4.9,0,2023
256,Isaiah Joe,24,OKC,SG,78,1,18.5,2.8,6.2,0.458,1.9,4.5,0.416,1,1.7,0.568,0.609,0.6,0.7,0.865,0.4,1.9,2.3,1.3,0.6,0.3,0.6,1.1,8.2,,1445,13.4,0.626,0.728,0.107,2.6,11,6.9,8.9,1.5,1.4,8.5,16.6,1.9,1.6,3.5,0.116,1.1,-0.3,0.9,1,2023
257,Cameron Johnson,27,BRK,PF,58,47,27.6,4.8,10.7,0.446,2.4,6.1,0.391,2.4,4.6,0.519,0.557,1.5,1.9,0.789,0.9,3.4,4.3,2.4,0.8,0.3,1,1.8,13.4,,1599,14.5,0.582,0.57,0.176,3.7,13.8,8.6,12.9,1.5,0.8,7.9,19.6,2,1.3,3.3,0.1,0.9,-0.5,0.4,1,2023
258,Jalen Johnson,22,ATL,SF,56,52,33.7,6.4,12.5,0.511,1.3,3.6,0.355,5.1,9,0.574,0.562,1.9,2.6,0.728,1.3,7.4,8.7,3.6,1.2,0.8,1.8,2.4,16,,1889,16.3,0.584,0.285,0.209,4.1,24.8,14.1,15.4,1.7,2.2,11.6,19.1,2.1,1.7,3.8,0.098,0.4,0.8,1.2,1.5,2023
259,James Johnson,36,IND,PF,9,0,5.2,0.3,1.1,0.3,0,0.2,0,0.3,0.9,0.375,0.3,0.2,0.2,1,0.1,0.3,0.4,0.9,0.6,0.1,0.6,1,0.9,,47,5,0.368,0.2,0.2,2.4,7.2,4.8,18.6,5,1.7,31.5,14.2,-0.1,0.1,0,-0.05,-8,2.2,-5.8,0,2023
260,Keldon Johnson,24,SAS,SF,69,27,29.5,5.7,12.5,0.454,1.8,5.3,0.346,3.8,7.2,0.533,0.527,2.5,3.2,0.792,1.4,4.1,5.5,2.8,0.7,0.3,1.4,2.2,15.7,,2038,14.2,0.565,0.426,0.256,5,15.1,10,14.2,1.2,0.8,9.4,21.9,1.5,1.5,3,0.071,-0.3,-1.4,-1.7,0.2,2023
261,Keon Johnson,21,BRK,SG,5,0,12.2,1.6,4.2,0.381,0.8,2,0.4,0.8,2.2,0.364,0.476,2.2,2.4,0.917,0.6,0.8,1.4,0.6,0.6,0.2,1,1,6.2,,61,13.1,0.59,0.476,0.571,5.2,7.4,6.3,6.9,2.4,1.5,16,22.2,0,0.1,0.1,0.068,-1.6,-1.1,-2.7,0,2023
262,Keyontae Johnson,23,OKC,SF,9,0,7.3,0.6,1.8,0.313,0.1,0.3,0.333,0.4,1.4,0.308,0.344,0,0,,0.4,0.7,1.1,0.4,0.1,0,0.4,0.6,1.2,,66,1.6,0.344,0.188,0,7,9.8,8.4,7.2,0.7,0,20,13.1,-0.1,0.1,-0.1,-0.068,-7.5,-2.2,-9.8,-0.1,2023
263,Nikola Jokić,28,DEN,C,79,79,34.6,10.4,17.9,0.583,1.1,2.9,0.359,9.4,14.9,0.626,0.612,4.5,5.5,0.817,2.8,9.5,12.4,9,1.4,0.9,3,2.5,26.4,"MVP-1,CPOY-4,AS,NBA1",2737,31,0.65,0.164,0.31,9.3,29.6,19.8,42,2,2.1,12.9,29.3,12,5.1,17,0.299,9,4.2,13.2,10.6,2023
264,Colby Jones,21,SAC,SG,30,0,6.4,0.9,2.4,0.394,0.1,0.7,0.091,0.9,1.6,0.531,0.408,0.2,0.4,0.545,0.6,0.8,1.3,0.7,0.2,0.2,0.3,1,2.1,,192,8.9,0.422,0.31,0.155,9.7,13.7,11.7,13.9,1.8,2.4,11.6,19.1,-0.2,0.2,0,0.007,-5.4,0.4,-5,-0.1,2023
265,Damian Jones,28,CLE,C,39,0,6.9,1.1,1.8,0.597,0.1,0.4,0.214,1,1.5,0.69,0.618,0.5,0.5,0.857,0.5,1.1,1.6,0.4,0.2,0.3,0.3,0.7,2.7,,270,15.8,0.659,0.194,0.292,8.4,17.3,12.9,7.9,1.3,4.3,13.8,15.4,0.4,0.4,0.8,0.15,-1.7,1.2,-0.5,0.1,2023
266,Derrick Jones Jr.,26,DAL,SF,76,66,23.5,3.1,6.5,0.483,1.1,3.1,0.343,2.1,3.4,0.613,0.566,1.3,1.8,0.713,1.1,2.2,3.3,1,0.7,0.7,0.9,1.6,8.6,,1783,11.7,0.592,0.483,0.275,5,10.3,7.7,5.5,1.4,2.5,10.5,14.9,1.5,1.6,3.1,0.083,-1.3,-0.3,-1.5,0.2,2023
267,Herbert Jones,25,NOP,SF,76,76,30.5,3.9,7.7,0.498,1.5,3.6,0.418,2.4,4.1,0.568,0.595,1.8,2.1,0.867,1,2.6,3.6,2.6,1.4,0.8,1.2,2.9,11,"DPOY-5,DEF1",2321,13.2,0.636,0.464,0.269,3.6,9.4,6.5,11.3,2.2,2.6,12.4,14.1,3.3,3,6.3,0.131,-0.9,1.5,0.6,1.6,2023
268,Mason Jones,25,SAC,SG,5,0,5.6,0.4,1.6,0.25,0.4,1.4,0.286,0,0.2,0,0.375,0.2,0.4,0.5,0.2,0.8,1,1,0.2,0,0.4,0.6,1.4,,28,5.8,0.394,0.875,0.25,3.9,16.4,10,21.7,1.7,0,18.4,16.6,0,0,0,-0.018,-5.4,0,-5.5,0,2023
269,Tre Jones,24,SAS,PG,77,48,27.8,3.9,7.8,0.505,0.8,2.5,0.335,3.1,5.3,0.584,0.558,1.3,1.5,0.856,0.8,3,3.8,6.2,1,0.1,1.5,1.2,10,,2138,14.7,0.591,0.318,0.197,2.9,11.8,7.3,30.8,1.7,0.3,15.1,15.2,3.4,1.6,4.9,0.111,-0.4,0.1,-0.4,0.9,2023
270,Tyus Jones,27,WAS,PG,66,66,29.3,4.9,10.1,0.489,1.6,3.9,0.414,3.3,6.2,0.537,0.569,0.5,0.6,0.8,0.3,2.4,2.7,7.3,1.1,0.3,1,0.7,12,,1933,16.5,0.578,0.384,0.06,1.1,9,5,34.6,1.7,0.8,8.8,16.3,3.9,0.7,4.5,0.113,1.5,-0.9,0.7,1.3,2023
271,DeAndre Jordan,35,DEN,C,36,2,11,1.6,2.6,0.624,0,0,,1.6,2.6,0.624,0.624,0.7,1.5,0.491,1.5,2.9,4.4,0.7,0.2,0.4,0.6,1.6,3.9,,396,16,0.61,0,0.57,15.6,28,22,8.5,0.8,3.4,16.5,15.4,0.6,0.6,1.2,0.147,-1.7,-0.1,-1.7,0,2023
272,Cory Joseph,32,GSW,PG,26,0,11.4,0.9,2.5,0.359,0.5,1.6,0.31,0.4,0.8,0.455,0.461,0.2,0.3,0.571,0.2,0.9,1.2,1.6,0.2,0.1,0.5,1,2.4,,296,6.2,0.47,0.656,0.109,2.2,8.6,5.5,17.2,0.7,0.9,15.2,11.3,0,0.2,0.2,0.034,-4,-0.7,-4.7,-0.2,2023
273,Nikola Jović,20,MIA,PF,46,38,19.5,2.8,6.1,0.452,1.4,3.5,0.399,1.3,2.6,0.525,0.568,0.7,1,0.702,0.5,3.6,4.2,2,0.5,0.3,0.9,1.8,7.7,,896,12.8,0.583,0.58,0.167,3.1,21.3,12.1,14.7,1.4,1.5,12.2,17.1,0.6,1.3,1.9,0.103,-0.9,1.3,0.3,0.5,2023
274,Johnny Juzang,22,UTA,SG,20,5,18.6,2.6,5.5,0.464,1.6,3.9,0.416,1,1.7,0.576,0.609,0.5,0.7,0.714,0.4,1.5,1.8,1.2,0.2,0.1,0.7,1.5,7.2,,372,9.6,0.62,0.7,0.127,2.1,8.5,5.3,8.4,0.5,0.5,10.1,14.5,0.4,0,0.4,0.047,-1.5,-2.2,-3.7,-0.2,2023
275,Luke Kennard,27,MEM,SG,39,22,25.6,3.6,8.1,0.448,2.7,6.1,0.45,0.9,2,0.442,0.617,1,1.2,0.889,0.3,2.6,2.9,3.5,0.5,0.1,1.4,1,11,,999,13.1,0.641,0.756,0.143,1.2,11.6,6.2,20.8,1,0.2,13.9,16.7,1.4,0.7,2.1,0.099,0.6,-0.9,-0.3,0.4,2023
276,Walker Kessler,22,UTA,C,64,22,23.3,3.6,5.5,0.654,0.1,0.3,0.211,3.5,5.2,0.68,0.66,0.9,1.5,0.602,2.6,4.9,7.5,0.9,0.5,2.4,1,2.1,8.1,,1493,18,0.663,0.054,0.266,12.3,23.1,17.7,5.6,1,9.2,14.4,12.8,2.4,1.7,4.1,0.131,-0.4,1.3,0.9,1.1,2023
277,Braxton Key,26,DEN,SF,20,0,3,0.4,0.9,0.412,0.1,0.3,0.4,0.3,0.6,0.417,0.471,0.3,0.4,0.75,0.2,0.8,0.9,0.5,0.1,0.1,0.1,0.3,1.1,,60,16.5,0.536,0.294,0.471,5.7,26.9,16.6,18.8,1.7,1.4,4.6,15.7,0.1,0.1,0.2,0.18,0.5,1.6,2.1,0.1,2023
278,Corey Kispert,24,WAS,SF,80,22,25.8,4.8,9.9,0.486,2.3,6,0.383,2.5,3.9,0.643,0.602,1.4,2,0.726,0.4,2.4,2.8,2,0.5,0.2,1.2,1.8,13.4,,2067,12.8,0.62,0.605,0.198,1.5,10.3,5.8,10.7,0.9,0.6,10.2,19.6,1.7,0.4,2.1,0.048,-0.2,-2,-2.1,-0.1,2023
279,Maxi Kleber,32,DAL,C,43,7,20.3,1.5,3.4,0.432,0.7,2.1,0.348,0.7,1.3,0.574,0.541,0.8,1.1,0.702,0.7,2.6,3.3,1.6,0.4,0.7,0.7,1.8,4.4,,871,8.8,0.573,0.63,0.322,3.8,14.1,9,9.5,0.9,3,14.4,9.6,0.6,0.8,1.4,0.08,-2.3,1,-1.3,0.2,2023
280,Kevin Knox,24,DET,SF,31,11,18.1,2.8,6,0.462,1,3,0.33,1.8,3,0.598,0.546,0.6,0.7,0.909,0.6,1.8,2.4,0.7,0.4,0.2,0.7,1.6,7.2,,560,9.9,0.57,0.505,0.118,3.5,11.5,7.5,5.9,1.1,1.1,10.1,16.6,0.1,0.2,0.4,0.033,-2.8,-1.8,-4.6,-0.4,2023
281,John Konchar,27,MEM,SF,55,23,21.3,1.6,3.8,0.423,0.7,2.2,0.317,0.9,1.6,0.568,0.514,0.4,0.5,0.84,1.3,3.4,4.7,2,0.9,0.9,0.8,1.4,4.3,,1173,11.4,0.537,0.577,0.12,6.5,18,12,13,2.1,4.1,17.4,9.7,0.5,1.7,2.2,0.091,-2.6,2.2,-0.4,0.5,2023
282,Furkan Korkmaz,26,PHI,SG,35,0,8.6,0.9,2.2,0.395,0.4,1.1,0.35,0.5,1,0.444,0.487,0.4,0.6,0.7,0.1,0.7,0.9,0.7,0.4,0.1,0.3,0.5,2.5,,300,9.2,0.519,0.526,0.263,1.4,9.7,5.5,11,2.3,0.9,10.5,13.6,0,0.3,0.4,0.057,-3.2,0.4,-2.7,-0.1,2023
283,Luke Kornet,28,BOS,C,63,7,15.6,2.3,3.2,0.7,0,0,1,2.2,3.2,0.698,0.702,0.8,0.9,0.907,1.9,2.3,4.1,1.1,0.4,1,0.3,1.2,5.3,,983,19.8,0.736,0.005,0.266,13.5,15.1,14.3,8.9,1.2,5.5,8.5,11,3.5,1.6,5.1,0.248,1.6,1.8,3.4,1.3,2023
284,Vít Krejčí,23,ATL,PG,22,14,24.6,2.3,4.7,0.49,1.3,3.1,0.412,1,1.6,0.639,0.625,0.2,0.3,0.833,0.5,1.9,2.4,2.3,0.6,0.3,0.9,2.2,6.1,,541,8.4,0.633,0.654,0.058,2.1,8.6,5.2,11.6,1.2,1,15.8,9.8,0.5,0.1,0.6,0.056,-3.3,-0.4,-3.7,-0.2,2023
285,Jonathan Kuminga,21,GSW,PF,74,46,26.3,6.2,11.6,0.529,0.7,2.2,0.321,5.4,9.4,0.578,0.56,3,4,0.746,1.2,3.6,4.8,2.2,0.7,0.5,1.6,2.3,16.1,,1949,17,0.598,0.191,0.347,5.2,14.4,9.8,12.5,1.4,1.7,10.9,24.1,2.7,1.9,4.6,0.113,0,-0.4,-0.4,0.8,2023
286,Kyle Kuzma,28,WAS,PF,70,70,32.6,8.7,18.8,0.463,2.2,6.4,0.336,6.5,12.3,0.53,0.521,2.7,3.4,0.775,0.9,5.7,6.6,4.2,0.5,0.7,2.7,2.2,22.2,,2281,15.7,0.547,0.343,0.183,2.8,19.3,10.9,20.7,0.8,1.8,11.9,29.7,-1,1.1,0.2,0.004,0.5,-1.6,-1.1,0.5,2023
287,Jock Landale,28,HOU,C,56,3,13.6,1.9,3.7,0.515,0.2,0.7,0.25,1.7,3,0.578,0.539,0.9,1.2,0.8,1.6,1.5,3.1,1.2,0.4,0.6,0.6,1.3,4.9,,763,15.6,0.584,0.194,0.316,12.2,11.9,12.1,11.8,1.3,4,11.7,14.8,1.4,0.9,2.3,0.146,-0.5,0.4,-0.1,0.4,2023
288,Jake LaRavia,22,MEM,PF,35,6,23,3.4,8.7,0.389,1.5,4.5,0.34,1.9,4.2,0.442,0.477,2.6,3.1,0.826,1.5,2.2,3.7,1.7,0.8,0.3,1.3,2,10.8,,806,12.6,0.54,0.515,0.36,6.7,10.9,8.7,11.1,1.8,1.4,11.4,21.1,0.3,0.8,1,0.062,-1.4,-1,-2.5,-0.1,2023
289,Zach LaVine,28,CHI,SG,25,23,34.9,6.8,15,0.452,2.4,6.8,0.349,4.4,8.3,0.536,0.531,3.5,4.1,0.854,0.3,4.8,5.2,3.9,0.8,0.3,2.1,2.3,19.5,,872,15.1,0.578,0.449,0.274,1,15.8,8.3,16.8,1.2,0.9,11,23.8,0.8,0.6,1.5,0.08,0.8,-0.7,0.1,0.5,2023
290,A.J. Lawson,23,DAL,SG,42,0,7.4,1.3,2.9,0.446,0.3,1.2,0.26,1,1.7,0.577,0.5,0.4,0.5,0.652,0.3,0.9,1.2,0.5,0.2,0.1,0.3,0.5,3.2,,311,11.2,0.519,0.413,0.19,4.9,12.6,8.8,8.9,1.5,0.8,9.6,20,0,0.3,0.2,0.036,-3.1,-1.5,-4.6,-0.2,2023
291,Saben Lee,24,PHO,PG,24,0,7.7,0.8,2.3,0.364,0.1,0.7,0.125,0.8,1.6,0.462,0.382,1.2,1.6,0.744,0.4,0.9,1.3,1.3,0.3,0.1,0.3,0.5,3,,185,13.5,0.492,0.291,0.709,5.8,12.8,9.5,21,1.8,1.4,10,18.8,0.2,0.2,0.4,0.099,-2,0.6,-1.4,0,2023
292,Alex Len,30,SAC,C,48,0,9.3,1,1.7,0.617,0,0.1,0,1,1.6,0.641,0.617,0.4,0.7,0.588,1,1.7,2.7,1,0.2,0.7,0.6,1.4,2.5,,444,14.7,0.625,0.037,0.42,11.3,21.2,16.1,14.4,1.2,6.8,22,11.8,0.6,0.7,1.3,0.138,-2.7,2.9,0.2,0.2,2023
293,Kawhi Leonard,32,LAC,SF,68,68,34.3,9,17.1,0.525,2.1,4.9,0.417,6.9,12.1,0.569,0.585,3.7,4.2,0.885,1.2,4.9,6.1,3.6,1.6,0.9,1.8,1.4,23.7,"AS,NBA2",2330,23.2,0.626,0.289,0.246,4.2,15.6,10.1,16.9,2.4,2.3,8.5,26.5,6,2.9,8.9,0.184,4.8,0.6,5.5,4.4,2023
294,Caris LeVert,29,CLE,SG,68,10,28.8,5.1,12.1,0.421,1.6,4.9,0.325,3.5,7.2,0.486,0.487,2.3,3,0.766,0.6,3.5,4.1,5.1,1.1,0.5,1.7,1.8,14,,1958,14.6,0.524,0.405,0.245,2.3,13.7,8,25.7,1.9,1.6,11.4,23.1,1,2.6,3.6,0.088,-0.6,0.8,0.2,1.1,2023
295,Kira Lewis Jr.,22,3TM,PG,28,0,9.5,1.2,3.3,0.37,0.1,1.2,0.121,1.1,2.1,0.508,0.391,0.6,0.7,0.85,0.3,0.6,0.9,1.3,0.3,0.1,0.5,0.5,3.2,,265,8.6,0.441,0.359,0.217,3.8,7,5.4,18.8,1.7,0.7,12.2,18.5,-0.2,0.2,0,-0.005,-4.4,-1.4,-5.8,-0.3,2023
296,Maxwell Lewis,21,LAL,SF,34,0,3,0.1,0.6,0.19,0,0.3,0.111,0.1,0.4,0.25,0.214,0.1,0.1,0.667,0.1,0.1,0.1,0.2,0.1,0,0.3,0.1,0.3,,103,-3.9,0.246,0.429,0.143,2.3,2.1,2.2,6.8,0.9,0.8,30.9,13.6,-0.5,0,-0.4,-0.195,-10.3,-3.2,-13.5,-0.3,2023
297,E.J. Liddell,23,NOP,PF,8,0,2.9,0.1,0.8,0.167,0,0.6,0,0.1,0.1,1,0.167,0.3,0.3,1,0,0.6,0.6,0.1,0.3,0.3,0.3,0.3,0.5,,23,4.3,0.291,0.833,0.333,0,23.9,12.1,5.2,4.3,8.6,22.5,16.8,-0.1,0.1,0,-0.091,-8.7,4,-4.7,0,2023
298,Damian Lillard,33,MIL,PG,73,73,35.3,7.4,17.5,0.424,3,8.5,0.354,4.4,9,0.49,0.51,6.5,7,0.92,0.5,3.9,4.4,7,1,0.2,2.6,1.8,24.3,"CPOY-11,AS",2579,19.6,0.59,0.487,0.403,1.6,11.8,6.8,28.8,1.3,0.6,11.4,28.4,5.8,1.9,7.7,0.143,3.4,-1.3,2.1,2.7,2023
299,Nassir Little,23,PHO,SF,45,2,10.2,1.3,2.8,0.46,0.5,1.6,0.3,0.8,1.2,0.667,0.544,0.4,0.4,0.85,0.3,1.4,1.7,0.5,0.2,0.2,0.3,0.9,3.4,,458,9.9,0.572,0.565,0.161,3.6,14.3,9.3,6.1,1.1,1.9,9.5,13.9,0.3,0.4,0.7,0.074,-2.4,-0.6,-3,-0.1,2023
300,Dereck Lively II,19,DAL,C,55,42,23.5,4,5.4,0.747,0,0,0,4,5.3,0.752,0.747,0.7,1.5,0.506,2.5,4.4,6.9,1.1,0.7,1.4,0.9,2.6,8.8,ROY-6,1294,18.1,0.728,0.007,0.274,11.4,20.4,16,6.4,1.3,5.2,13.1,12.6,3.1,1.8,4.9,0.183,-0.3,0.8,0.5,0.8,2023
301,Isaiah Livers,25,DET,PF,23,6,20.4,1.7,5,0.345,1,3.3,0.286,0.8,1.7,0.462,0.44,0.5,0.8,0.667,0.7,1.4,2.1,1.1,0.6,0.2,0.7,1.9,5,,469,5.1,0.46,0.664,0.155,3.5,8,5.7,7,1.3,0.9,11.4,12.7,-0.3,0.2,-0.1,-0.015,-5,-1.5,-6.5,-0.5,2023
302,Chris Livingston,20,MIL,SF,21,0,4.3,0.5,1,0.5,0,0.2,0.2,0.5,0.8,0.588,0.523,0.1,0.2,0.75,0.1,0.9,1,0.2,0.1,0,0.2,0.7,1.2,,90,6.9,0.547,0.227,0.182,3.7,21.5,12.8,7.2,1.1,0,17.4,13.8,0,0.1,0.1,0.027,-7,-1,-8,-0.1,2023
303,Kenneth Lofton Jr.,21,3TM,PF,21,0,9.5,1.7,3.7,0.462,0.3,1.1,0.292,1.4,2.6,0.537,0.506,0.8,1.2,0.654,0.6,1.2,1.8,1.6,0.3,0.2,0.7,1.1,4.6,,199,14.7,0.537,0.308,0.333,6.6,14.6,10.5,25.7,1.5,2.3,13.5,22.1,0.1,0.2,0.3,0.068,-0.6,0.3,-0.3,0.1,2023
304,Kevon Looney,27,GSW,C,74,36,16.1,1.9,3.1,0.597,0,0,0,1.9,3.1,0.599,0.597,0.8,1.1,0.675,1.9,3.7,5.7,1.8,0.4,0.4,0.7,2.1,4.5,,1195,15.1,0.62,0.004,0.356,13.1,24.6,18.9,14.1,1.1,2.2,15.6,11.3,2.5,1.6,4,0.162,-0.8,1.4,0.6,0.8,2023
305,Brook Lopez,35,MIL,C,79,79,30.5,4.6,9.6,0.485,1.9,5.1,0.366,2.8,4.4,0.621,0.583,1.4,1.7,0.821,1.5,3.7,5.2,1.6,0.5,2.4,1,2.4,12.5,,2411,14.8,0.608,0.535,0.177,5.4,13,9.3,7.1,0.9,6.7,8.8,16,3.1,2.8,5.9,0.117,0.2,0.8,1,1.8,2023
306,Robin Lopez,35,MIL,C,16,2,4.1,0.4,1.2,0.368,0.1,0.5,0.25,0.3,0.7,0.455,0.421,0.1,0.1,1,0.2,0.1,0.3,0.3,0.1,0.2,0.1,0.4,1.1,,65,6.6,0.453,0.421,0.105,5.2,3.3,4.2,7.8,0.7,3.9,9.1,14.5,0,0,0,0.007,-4.7,-1.4,-6.1,-0.1,2023
307,Kevin Love,35,MIA,PF,55,5,16.8,2.9,6.5,0.44,1.5,4.4,0.344,1.3,2.1,0.643,0.557,1.5,2,0.787,1.1,5.1,6.1,2.1,0.3,0.2,0.9,1.8,8.8,,924,18.5,0.597,0.68,0.301,7.2,34.5,20.7,19,1,1.1,10.6,21.9,1.7,1.6,3.3,0.17,2.7,1,3.6,1.3,2023
308,Kyle Lowry,37,2TM,PG,60,55,28.2,2.7,6.3,0.432,1.6,4.2,0.392,1.1,2.1,0.512,0.562,1.1,1.3,0.84,0.6,2.7,3.2,4.2,1,0.4,1.4,2.4,8.1,,1690,10.9,0.594,0.663,0.199,2.2,10.8,6.4,20.1,1.7,1.2,17.2,12.9,1.6,1.9,3.5,0.1,-1.9,0.9,-1,0.4,2023
309,Seth Lundy,23,ATL,SF,9,0,5.8,0.4,1.9,0.235,0.3,1.4,0.231,0.1,0.4,0.25,0.324,0.3,0.4,0.75,0.1,0.7,0.8,0,0,0,0.1,0.7,1.6,,52,0,0.373,0.765,0.235,2,13.1,7.3,0,0,0,5.1,15.8,-0.1,0,-0.1,-0.092,-7.7,-5,-12.7,-0.1,2023
310,Trey Lyles,28,SAC,PF,58,0,20,2.5,5.5,0.445,1.4,3.8,0.384,1,1.8,0.578,0.576,0.8,1.2,0.7,1.1,3.4,4.4,1.2,0.3,0.3,0.7,1.5,7.2,,1158,11.9,0.596,0.682,0.218,5.8,19.4,12.4,8.1,0.7,1.5,9.7,14.4,1.3,1,2.4,0.098,-0.4,-0.7,-1.1,0.3,2023
311,Théo Maledon,22,2TM,PG,17,1,12.5,1.2,4.1,0.286,0.3,1.8,0.167,0.9,2.4,0.375,0.321,0.8,0.9,0.933,0.2,1.2,1.4,1.6,0.4,0,1.1,1.2,3.5,,213,3.2,0.385,0.429,0.214,2,10.8,6.3,17.8,1.6,0,19,19.6,-0.6,0.1,-0.5,-0.122,-8.3,-2.1,-10.3,-0.5,2023
312,Sandro Mamukelashvili,24,SAS,C,46,5,9.8,1.6,3.4,0.471,0.4,1.4,0.297,1.2,2,0.593,0.532,0.5,0.7,0.735,1,2.2,3.2,1.1,0.2,0.3,0.4,0.8,4.1,,451,15.8,0.559,0.413,0.219,10.7,24.7,17.6,15.4,0.7,2.2,10.1,17.7,0.6,0.4,1,0.11,-0.1,-0.4,-0.5,0.2,2023
313,Terance Mann,27,LAC,SG,75,71,25,3.4,6.6,0.515,0.9,2.7,0.348,2.4,3.9,0.633,0.587,1.1,1.3,0.832,1.2,2.2,3.4,1.6,0.6,0.2,0.6,1.9,8.8,,1873,12,0.615,0.414,0.193,5.4,9.7,7.7,8.5,1.1,0.7,8.2,13.6,3,1.2,4.2,0.106,-0.8,-0.7,-1.5,0.2,2023
314,Tre Mann,22,2TM,PG,41,28,24.1,3.5,7.7,0.459,1.1,3.1,0.373,2.4,4.6,0.516,0.533,1.1,1.4,0.763,0.5,3.1,3.6,4,1.2,0.1,1.6,1.2,9.3,,987,13.7,0.559,0.399,0.187,2.2,15,8.5,24.1,2.5,0.3,16,18.2,0.4,0.8,1.2,0.058,-1.7,0.4,-1.3,0.2,2023
315,Boban Marjanović,35,HOU,C,14,0,5.1,1.3,2.4,0.529,0,0.1,0,1.3,2.3,0.563,0.529,0.6,1,0.643,0.5,1.8,2.3,0.4,0.1,0.1,0.4,0.4,3.2,,71,21.1,0.56,0.059,0.412,10.5,38.2,24.2,13.9,0.7,2.6,11.1,27,0.1,0.1,0.2,0.128,0.2,-0.5,-0.3,0,2023
316,Lauri Markkanen,26,UTA,PF,55,55,33.1,7.8,16.2,0.48,3.2,8,0.399,4.6,8.2,0.559,0.578,4.5,5,0.899,2.2,5.9,8.2,2,0.9,0.5,1.4,1.8,23.2,,1820,21.5,0.631,0.493,0.311,7.4,19.6,13.6,9.5,1.3,1.3,7.1,25,5.2,0.9,6.2,0.163,5.1,-1.5,3.6,2.6,2023
317,Naji Marshall,26,NOP,SF,66,1,19,2.6,5.6,0.463,0.9,2.3,0.387,1.7,3.3,0.516,0.542,1,1.3,0.791,0.8,2.8,3.6,1.9,0.7,0.2,1,1.4,7.1,,1257,12.7,0.576,0.409,0.234,4.8,16.4,10.6,13.6,1.9,0.9,13.8,16.3,1,1.6,2.6,0.1,-1.3,0.5,-0.7,0.4,2023
318,Caleb Martin,28,MIA,SF,64,23,27.4,3.8,8.7,0.431,1.3,3.6,0.349,2.5,5.1,0.489,0.504,1.2,1.5,0.778,1.2,3.2,4.4,2.2,0.7,0.5,1.2,2,10,,1756,10.8,0.531,0.415,0.177,4.7,13.5,9.1,11.8,1.3,1.6,11.3,17.3,0.2,2.2,2.4,0.066,-2.2,0.2,-2,0,2023
319,Cody Martin,28,CHO,SF,28,22,26.9,2.9,7.7,0.381,1,3.1,0.314,2,4.6,0.426,0.444,0.7,1.2,0.606,0.7,3.2,3.9,3.7,1.1,0.6,1.6,1.7,7.5,,753,9.2,0.46,0.4,0.153,2.8,13.9,8.1,19.1,2.1,2.2,16.1,16.1,-0.7,0.5,-0.2,-0.012,-4.1,0.6,-3.5,-0.3,2023
320,KJ Martin,23,2TM,SF,60,2,12.4,1.6,3,0.536,0.1,0.5,0.286,1.5,2.6,0.582,0.558,0.4,0.7,0.537,0.7,1.5,2.2,0.9,0.4,0.2,0.5,1.7,3.7,,746,9.9,0.563,0.155,0.227,6,13.6,9.7,9.4,1.5,1.5,13.9,13.4,0.3,0.8,1.1,0.071,-4,-0.1,-4.1,-0.4,2023
321,Garrison Mathews,27,ATL,SG,66,5,15,1.6,3.4,0.456,1.3,2.9,0.44,0.3,0.5,0.545,0.644,0.5,0.6,0.81,0.3,1.1,1.4,0.6,0.3,0.1,0.3,1.7,4.9,,992,8.9,0.665,0.854,0.186,1.8,8.6,5.1,4.8,1,0.7,7.2,11.1,1.4,0.2,1.6,0.077,-2.1,-0.9,-3,-0.2,2023
322,Bennedict Mathurin,21,IND,SF,59,19,26.1,5,11.2,0.446,1.4,3.6,0.374,3.7,7.6,0.481,0.507,3.1,3.8,0.821,1,2.9,4,2,0.6,0.2,1.6,2,14.5,,1538,13,0.562,0.323,0.338,4.4,12.8,8.6,9.8,1.1,0.7,11.3,23.4,0.8,0.7,1.4,0.045,-1.2,-2.3,-3.4,-0.6,2023
323,Wesley Matthews,37,ATL,SG,36,3,11.5,0.9,2.7,0.351,0.7,1.9,0.348,0.3,0.8,0.357,0.474,0.5,0.7,0.75,0.3,1.2,1.5,0.6,0.4,0.3,0.2,1.2,3.1,,413,8.2,0.511,0.711,0.247,2.3,12.1,7,6.9,1.9,2.4,6.9,11.7,0.2,0.3,0.4,0.049,-3.1,0.3,-2.8,-0.1,2023
324,Tyrese Maxey,23,PHI,PG,70,70,37.5,9.1,20.3,0.45,3,8.1,0.373,6.1,12.1,0.501,0.524,4.7,5.4,0.868,0.5,3.2,3.7,6.2,1,0.5,1.7,2.2,25.9,"MIP-1,AS",2626,19.8,0.573,0.401,0.266,1.5,9.5,5.4,26.7,1.3,1.1,6.8,28,5.9,2.1,8.1,0.147,4.1,-1,3.1,3.4,2023
325,Skylar Mays,26,2TM,PG,38,5,11.4,1.7,4.2,0.396,0.4,1.4,0.296,1.2,2.8,0.448,0.447,0.3,0.4,0.765,0.3,0.9,1.1,2.2,0.6,0.1,0.5,0.7,4.1,,433,12,0.466,0.34,0.107,2.5,8.9,5.6,29.1,2.4,0.8,10.7,18.4,0.1,0.3,0.4,0.044,-2.1,0.1,-2,0,2023
326,Miles McBride,23,NYK,PG,68,14,19.5,3,6.7,0.452,1.6,3.9,0.41,1.4,2.8,0.511,0.572,0.6,0.7,0.86,0.5,1,1.5,1.7,0.7,0.1,0.4,1.6,8.3,,1328,13.1,0.59,0.586,0.11,2.6,5.9,4.2,12.2,1.9,0.5,5.9,16.4,2.4,1.3,3.6,0.131,-0.4,0.4,-0.1,0.6,2023
327,CJ McCollum,32,NOP,PG,66,66,32.7,7.3,16,0.459,3.6,8.4,0.429,3.7,7.5,0.492,0.572,1.7,2.1,0.827,0.6,3.7,4.3,4.6,0.9,0.6,1.7,1.9,20,,2159,17.9,0.592,0.528,0.132,2,12.6,7.4,21.4,1.4,1.9,9,24.7,3.5,2.4,5.9,0.132,3.3,-0.3,3.1,2.8,2023
328,T.J. McConnell,31,IND,PG,71,4,18.2,4.6,8.4,0.556,0.3,0.6,0.409,4.4,7.7,0.568,0.572,0.7,0.9,0.79,0.5,2.2,2.7,5.5,1,0.1,1.5,1.1,10.2,6MOY-7,1291,20.9,0.586,0.074,0.105,3.2,13.6,8.4,41.8,2.6,0.5,14.8,23.7,2.8,1.1,3.9,0.143,2.9,0.1,3,1.6,2023
329,Jaden McDaniels,23,MIN,SF,72,71,29.2,4.3,8.7,0.489,1.2,3.5,0.337,3.1,5.2,0.592,0.557,0.8,1.1,0.722,0.8,2.3,3.1,1.4,0.9,0.6,1.2,3,10.5,DEF2,2105,9.4,0.571,0.406,0.126,3.2,8.7,6,6.8,1.5,1.8,11.6,15.7,0.3,3.1,3.4,0.077,-3.3,0.7,-2.6,-0.3,2023
330,Jalen McDaniels,26,TOR,SF,50,1,10.8,1.3,3.8,0.344,0.2,1.4,0.169,1.1,2.4,0.449,0.376,0.5,0.7,0.73,0.4,1.2,1.6,0.7,0.4,0.1,0.6,1,3.4,,538,5,0.412,0.376,0.196,3.6,12.7,8.1,9.1,1.7,1,12.8,18.7,-1.1,0.3,-0.8,-0.074,-7.2,-1.8,-9,-1,2023
331,Doug McDermott,32,2TM,SF,64,0,14.1,1.9,4.4,0.433,1.5,3.6,0.41,0.5,0.9,0.527,0.599,0.2,0.3,0.579,0.2,0.8,0.9,1.1,0.3,0,0.4,1,5.5,,904,9.1,0.6,0.806,0.067,1.2,6,3.6,10.3,0.8,0.2,8.7,14.9,0.6,0.3,0.9,0.046,-1.5,-1.9,-3.4,-0.3,2023
332,JaVale McGee,36,SAC,C,46,0,7.4,1.7,2.9,0.598,0,0.2,0.143,1.7,2.7,0.624,0.602,0.6,1,0.578,0.9,1.8,2.7,0.4,0.3,0.4,0.7,1,4,,339,19,0.609,0.053,0.341,13.6,28.4,20.8,7.6,2,5.4,18.3,23.4,0.1,0.6,0.7,0.101,-1.9,0.6,-1.3,0.1,2023
333,Bryce McGowens,21,CHO,SG,59,14,14.9,1.7,3.9,0.439,0.6,1.7,0.333,1.1,2.2,0.523,0.513,1.1,1.4,0.776,0.3,1.4,1.7,0.9,0.4,0.2,0.5,1.3,5.1,,882,9.3,0.565,0.443,0.37,2.1,11.2,6.5,8.1,1.2,1.1,10.1,14.9,0.4,0.3,0.6,0.034,-3.7,-1.1,-4.9,-0.6,2023
334,Jordan McLaughlin,27,MIN,PG,56,0,11.2,1.3,2.6,0.483,0.8,1.6,0.472,0.5,1,0.5,0.628,0.2,0.3,0.722,0.3,1,1.3,2,0.6,0.1,0.3,0.6,3.5,,626,15.5,0.638,0.614,0.124,3.4,9.4,6.5,23.7,2.8,1,11.1,12.1,1.4,1.1,2.5,0.193,1.4,2.9,4.2,1,2023
335,De'Anthony Melton,25,PHI,SG,38,33,26.9,3.7,9.5,0.386,2,5.6,0.36,1.6,3.8,0.425,0.493,1.7,2.1,0.835,0.7,3,3.7,3,1.6,0.4,1,2.2,11.1,,1023,13.4,0.533,0.594,0.219,3,12.4,7.6,15.4,2.9,1.4,9,18.3,0.8,1.4,2.1,0.099,-0.7,1.2,0.5,0.7,2023
336,Nathan Mensah,25,CHO,C,25,0,12.3,0.5,1.1,0.429,0,0,,0.5,1.1,0.429,0.429,0.4,0.5,0.75,1.2,1.4,2.6,0.4,0.2,0.6,0.6,2.6,1.3,,307,5,0.496,0,0.429,10.3,13.6,11.9,3.7,1,4.3,29.6,6.8,0,0.2,0.1,0.023,-8.7,-0.1,-8.8,-0.5,2023
337,Sam Merrill,27,CLE,SG,61,1,17.5,2.6,6.4,0.402,2.3,5.8,0.404,0.2,0.6,0.385,0.584,0.4,0.5,0.929,0.4,1.6,2,1.8,0.3,0.1,0.3,1.2,8,,1069,13.1,0.598,0.901,0.071,2.3,10.2,6.3,14.1,0.9,0.3,4.5,17.5,1.9,0.9,2.8,0.125,1.3,-0.8,0.5,0.7,2023
338,Chimezie Metu,26,2TM,C,51,12,16.8,2.4,4.8,0.504,0.5,1.8,0.298,1.9,2.9,0.633,0.561,1.1,1.3,0.906,0.8,3,3.8,0.9,0.8,0.3,1,1.4,6.5,,859,13.3,0.61,0.385,0.262,5.5,19.6,12.7,7.4,2.4,1.6,16,16.2,0.5,1.1,1.5,0.085,-2.1,0.8,-1.3,0.2,2023
339,Vasilije Micić,30,2TM,PG,60,21,19.6,2.7,6.2,0.43,0.7,2.6,0.279,1.9,3.6,0.537,0.488,1,1.3,0.813,0.2,1.2,1.5,4.4,0.5,0.1,1.7,1.1,7,,1176,10.7,0.524,0.416,0.203,1.3,7.1,4.2,31.1,1.3,0.6,19.7,18.8,-0.1,0.4,0.4,0.015,-2.5,-2.2,-4.6,-0.8,2023
340,Khris Middleton,32,MIL,SF,55,55,27,5.8,11.7,0.493,1.7,4.5,0.381,4.1,7.2,0.563,0.566,1.8,2.2,0.833,0.7,3.9,4.7,5.3,0.9,0.3,2.3,2.6,15.1,,1487,17,0.595,0.384,0.187,3,15.7,9.5,28.9,1.6,0.9,15.4,23.9,1.9,1.4,3.4,0.109,1.1,0,1.1,1.2,2023
341,Brandon Miller,21,CHO,SF,74,68,32.2,6.4,14.6,0.44,2.5,6.7,0.373,3.9,8,0.495,0.524,1.9,2.3,0.827,0.8,3.4,4.3,2.4,0.9,0.6,1.8,2.5,17.3,ROY-3,2383,13,0.552,0.455,0.16,2.7,12.4,7.4,11.6,1.4,1.6,10.2,23.9,-0.3,1,0.8,0.015,-0.9,-1.6,-2.6,-0.3,2023
342,Jordan Miller,24,LAC,SF,8,0,3.5,0.6,1.1,0.556,0.1,0.3,0.5,0.5,0.9,0.571,0.611,0.3,0.3,1,0.4,0.3,0.6,0,0,0,0.1,0.3,1.6,,28,14.1,0.658,0.222,0.222,12.5,7.8,10.1,0,0,0,9.2,17,0.1,0,0.1,0.116,0.4,-4.2,-3.8,0,2023
343,Leonard Miller,20,MIN,SF,17,0,3.1,0.8,1.2,0.65,0.1,0.3,0.4,0.6,0.9,0.733,0.7,0.1,0.1,0.5,0.3,0.9,1.2,0.5,0.1,0.1,0.1,0.3,1.7,,52,27,0.694,0.25,0.1,11.5,31.3,21.8,25.5,1.9,1.7,4.6,18.6,0.2,0.1,0.3,0.323,5.9,3.7,9.6,0.2,2023
344,Patty Mills,35,2TM,PG,32,5,13,1.4,4.1,0.351,0.8,2.7,0.276,0.7,1.4,0.5,0.443,0.3,0.3,1,0.3,0.8,1.1,1.1,0.6,0,0.5,1,4,,415,7.2,0.467,0.664,0.084,2.3,7.1,4.7,11.1,2.4,0.2,10.5,15.9,-0.3,0.4,0.1,0.009,-5,0.4,-4.6,-0.3,2023
345,Shake Milton,27,3TM,SG,48,0,12.1,1.6,4.1,0.405,0.4,1.3,0.281,1.3,2.7,0.466,0.451,0.8,1,0.816,0.3,1.3,1.6,1.3,0.4,0.1,0.6,1.1,4.5,,581,9.2,0.499,0.328,0.251,2.8,11.5,7.3,14.4,1.6,0.9,12.5,18.7,-0.2,0.8,0.6,0.048,-4.3,0.6,-3.7,-0.3,2023
346,Justin Minaya,24,POR,SF,34,1,11.2,0.6,2.2,0.297,0.4,1.4,0.245,0.3,0.7,0.4,0.378,0.1,0.3,0.556,0.9,0.8,1.6,0.6,0.3,0.3,0.3,1,1.8,,381,5.8,0.391,0.662,0.122,8.3,8.1,8.2,7.3,1.2,2.4,10.3,9.7,-0.1,0.2,0.1,0.009,-5.1,-0.5,-5.6,-0.3,2023
347,Josh Minott,21,MIN,SF,32,0,2.8,0.5,1.1,0.472,0.1,0.3,0.4,0.4,0.8,0.5,0.528,0.4,0.4,0.857,0.1,0.4,0.5,0.3,0.2,0.2,0.1,0.3,1.6,,91,20.4,0.593,0.278,0.389,5.2,15.5,10.6,13.2,2.7,4.9,4.5,21.4,0.2,0.2,0.4,0.222,1.8,3.3,5.1,0.2,2023
348,Davion Mitchell,25,SAC,PG,72,4,15.3,2,4.5,0.452,0.8,2.2,0.361,1.2,2.3,0.539,0.54,0.4,0.6,0.714,0.3,1.1,1.3,1.9,0.2,0,0.6,1.2,5.3,,1101,9.3,0.555,0.489,0.13,1.9,7.9,4.8,16,0.7,0.2,11.2,14.9,0.8,0.6,1.3,0.059,-2.4,-1,-3.4,-0.4,2023
349,Donovan Mitchell,27,CLE,SG,55,55,35.3,9.1,19.8,0.462,3.3,9,0.368,5.8,10.8,0.539,0.545,5,5.8,0.865,0.8,4.3,5.1,6.1,1.8,0.5,2.8,2.1,26.6,AS,1942,22.1,0.595,0.454,0.292,2.7,13.4,8.1,28.3,2.6,1.4,11.1,31.4,3.6,2.9,6.4,0.159,4.6,1.2,5.8,3.9,2023
350,Evan Mobley,22,CLE,PF,50,50,30.6,6.4,11,0.58,0.4,1.2,0.373,6,9.9,0.604,0.6,2.5,3.4,0.719,2.2,7.1,9.4,3.2,0.9,1.4,1.8,2.7,15.7,,1532,20.1,0.626,0.107,0.31,8.2,25.9,17.2,15.9,1.5,4.2,12.5,20.6,2.8,2.7,5.5,0.174,0.9,2,2.9,1.9,2023
351,Isaiah Mobley,24,CLE,PF,10,0,7.2,1,2.4,0.417,0.3,1,0.3,0.7,1.4,0.5,0.479,0,0.1,0,0.3,0.7,1,0.6,0.2,0,0.2,0.6,2.3,,72,8.1,0.471,0.417,0.042,4.7,10.8,7.8,11.5,1.4,0,7.6,16.2,0,0.1,0,0.032,-4.5,-2.1,-6.6,-0.1,2023
352,Malik Monk,25,SAC,SG,72,0,26,5.5,12.4,0.443,2.1,5.9,0.35,3.4,6.5,0.528,0.526,2.4,2.8,0.829,0.4,2.6,2.9,5.1,0.6,0.5,2.1,2.2,15.4,"CPOY-12,6MOY-2",1872,16,0.564,0.474,0.23,1.6,11.3,6.3,28.9,1.2,1.9,13.2,25.9,1.9,1.6,3.5,0.09,1.5,-1,0.6,1.2,2023
353,Moses Moody,21,GSW,SG,66,9,17.5,2.9,6.4,0.462,1.1,3,0.36,1.8,3.3,0.555,0.548,1.1,1.4,0.785,1,2,3,0.9,0.6,0.4,0.7,1.4,8.1,,1156,13.7,0.578,0.476,0.221,6.2,12.1,9.2,6.7,1.8,1.9,8.7,18.4,1.2,1.2,2.4,0.101,-0.2,0.1,-0.1,0.6,2023
354,Xavier Moon,29,LAC,SG,14,1,8.5,1.1,3.3,0.326,0.1,1.2,0.118,0.9,2.1,0.448,0.348,0.1,0.1,0.5,0.6,0.7,1.3,1.5,0.2,0.2,0.4,0.6,2.4,,119,8.1,0.352,0.37,0.043,7.9,9.2,8.5,23.4,1.2,2.3,9.6,19.1,-0.2,0.1,-0.1,-0.026,-4.7,-1.4,-6.1,-0.1,2023
355,Taze Moore,25,POR,SG,4,0,10,2,4.8,0.421,0.3,1.8,0.143,1.8,3,0.583,0.447,0.3,0.5,0.5,1,1,2,1.3,0.5,0,0.8,1,4.5,,40,11.8,0.453,0.368,0.105,10.6,11.9,11.2,20.4,2.5,0,13.1,24.3,0,0,0,-0.017,-2.5,-0.6,-3.1,0,2023
356,Wendell Moore Jr.,22,MIN,SG,25,0,3,0.4,0.7,0.5,0,0.2,0,0.4,0.5,0.75,0.5,0,0,,0,0.5,0.5,0.2,0.2,0,0.2,0.2,0.7,,75,8.6,0.5,0.333,0,0,17.4,9.1,10.9,3.3,1.2,18.2,13,-0.1,0.2,0.1,0.052,-6.1,3.3,-2.8,0,2023
357,Ja Morant,24,MEM,PG,9,9,35.3,8.9,18.9,0.471,1.6,5.7,0.275,7.3,13.2,0.555,0.512,5.8,7.1,0.813,0.7,4.9,5.6,8.1,0.8,0.6,3,2.1,25.1,,318,20.6,0.57,0.3,0.376,2,15.8,8.6,42.2,1.1,1.5,12,30.4,0.5,0.3,0.8,0.124,2.7,0.4,3.1,0.4,2023
358,Marcus Morris,34,2TM,PF,49,7,16.7,2.4,5.4,0.439,1,2.4,0.403,1.4,3,0.469,0.53,0.7,0.9,0.818,0.5,2.3,2.7,0.7,0.3,0.3,0.6,1.5,6.4,,817,9.9,0.558,0.451,0.167,3.1,15.2,9.1,6.1,0.9,1.4,9.6,16.6,0.2,0.8,1,0.06,-2.5,-1.3,-3.8,-0.4,2023
359,Markieff Morris,34,DAL,PF,26,1,8.3,0.9,2.6,0.338,0.6,1.6,0.357,0.3,1,0.308,0.449,0.2,0.2,0.833,0.2,1.3,1.5,0.6,0.2,0.1,0.5,0.5,2.5,,216,6.6,0.467,0.618,0.088,2,17.6,9.9,9.4,1.1,1.2,14.5,16.4,-0.3,0.2,-0.1,-0.014,-4,-1.3,-5.3,-0.2,2023
360,Monte Morris,28,2TM,PG,33,0,14.4,1.9,4.6,0.405,0.8,2.1,0.386,1.1,2.5,0.422,0.493,0.4,0.6,0.684,0.2,1.5,1.7,2.1,0.6,0.3,0.2,0.4,5,,476,13.2,0.508,0.458,0.124,1.7,11.5,6.8,20,2,1.7,4.2,15.5,0.5,0.7,1.2,0.123,-0.8,1.5,0.7,0.3,2023
361,Trey Murphy III,23,NOP,SF,57,23,29.6,4.8,10.9,0.443,3,7.8,0.38,1.9,3.1,0.602,0.579,2.2,2.6,0.815,0.7,4.2,4.9,2.2,0.9,0.5,0.6,1.2,14.8,,1690,16.3,0.612,0.717,0.243,2.8,15.5,9.2,10.2,1.5,1.6,4.7,18.6,3.4,2,5.4,0.154,2.5,0,2.5,1.9,2023
362,Dejounte Murray,27,ATL,SG,78,78,35.7,8.6,18.8,0.459,2.6,7.1,0.363,6,11.7,0.518,0.528,2.7,3.4,0.794,0.8,4.5,5.3,6.4,1.4,0.3,2.6,1.8,22.5,,2783,17.7,0.555,0.379,0.179,2.3,14.4,8.1,27.9,1.9,0.8,11.3,26.6,3.3,1.6,4.9,0.084,2.3,-0.6,1.7,2.6,2023
363,Jamal Murray,26,DEN,PG,59,59,31.5,8,16.7,0.481,2.5,5.8,0.425,5.6,10.9,0.51,0.554,2.7,3.1,0.853,0.7,3.4,4.1,6.5,1,0.7,2.1,1.8,21.2,,1861,20.7,0.586,0.346,0.187,2.6,11.6,7.2,31.2,1.5,1.8,10.5,27.9,3.8,2.1,5.9,0.153,4.5,-0.4,4.1,2.9,2023
364,Keegan Murray,23,SAC,SF,77,77,33.6,5.8,12.7,0.454,2.4,6.6,0.358,3.4,6,0.56,0.548,1.3,1.6,0.831,1.4,4.1,5.5,1.7,1,0.8,0.8,2.7,15.2,,2588,13.3,0.569,0.524,0.127,4.5,13.9,9.1,6.9,1.5,2.1,5.9,18.1,2.6,2.6,5.2,0.096,-0.4,-0.5,-0.9,0.8,2023
365,Kris Murray,23,POR,SF,62,29,21.7,2.3,5.9,0.396,0.8,3,0.268,1.5,3,0.525,0.463,0.6,0.9,0.661,1.4,2.2,3.6,1.3,0.9,0.3,0.9,1.5,6.1,,1348,9,0.481,0.5,0.153,6.7,12.3,9.3,8.4,1.9,1.4,12.3,14.1,-0.4,1,0.7,0.024,-3.5,-0.2,-3.6,-0.6,2023
366,Mike Muscala,32,3TM,C,53,6,11.3,1.1,2.9,0.359,0.5,1.8,0.292,0.5,1.1,0.467,0.449,0.3,0.5,0.68,0.7,1.6,2.4,0.7,0.2,0.2,0.4,1,3,,600,7.5,0.47,0.615,0.16,7,15.8,11.3,7.6,0.7,1.8,11.6,13.4,-0.2,0.3,0.1,0.009,-3.9,-1.4,-5.3,-0.5,2023
367,Svi Mykhailiuk,26,BOS,SF,41,2,10.1,1.4,3.3,0.416,1,2.6,0.389,0.4,0.7,0.517,0.569,0.1,0.2,0.667,0.3,1,1.2,0.9,0.3,0,0.3,0.5,4,,413,11.7,0.575,0.788,0.066,3,10,6.7,11,1.3,0.2,7.8,16.1,0.5,0.4,0.9,0.106,-0.9,-0.9,-1.8,0,2023
368,Larry Nance Jr.,31,NOP,C,61,0,19.9,2.3,4,0.573,0.4,1.1,0.415,1.8,2.9,0.631,0.629,0.8,1,0.77,1.5,3.5,5,1.9,1,0.3,0.8,1.6,5.7,,1216,14.9,0.653,0.27,0.253,8.7,19.3,14.1,12.1,2.5,1.5,15.5,11.3,2.1,1.9,4.1,0.16,-0.2,2.2,2,1.2,2023
369,Pete Nance,23,CLE,PF,8,0,3.4,0.1,0.8,0.167,0.1,0.1,1,0,0.6,0,0.25,0,0.3,0,0,0.4,0.4,0,0.1,0,0.1,0.3,0.4,,27,-3.9,0.218,0.167,0.333,0,12.3,6.2,0,1.8,0,12.7,12.9,-0.1,0,-0.1,-0.154,-11.9,-3.2,-15.2,-0.1,2023
370,Andrew Nembhard,24,IND,PG,68,47,25,3.8,7.7,0.498,0.9,2.5,0.357,2.9,5.2,0.567,0.557,0.7,0.8,0.804,0.5,1.5,2.1,4.1,0.9,0.1,1.5,2.1,9.2,,1697,11.3,0.573,0.328,0.107,2.4,7,4.7,20,1.8,0.3,15.6,16,1.3,0.7,2,0.057,-1.6,-0.5,-2.2,-0.1,2023
371,Aaron Nesmith,24,IND,SF,72,47,27.7,4.4,8.8,0.496,1.9,4.6,0.419,2.4,4.2,0.581,0.606,1.5,1.9,0.781,0.9,2.9,3.8,1.5,0.9,0.7,0.9,3.3,12.2,,1995,12.8,0.631,0.526,0.216,3.6,12,7.8,6.6,1.5,2,8.4,16,2.8,1.3,4.1,0.098,-0.3,-0.2,-0.5,0.8,2023
372,Georges Niang,30,CLE,PF,82,10,22.3,3.5,7.7,0.449,1.8,4.8,0.376,1.6,2.9,0.572,0.567,0.6,0.7,0.85,0.3,3.1,3.4,1.2,0.4,0.2,0.9,2.3,9.4,,1831,9.9,0.583,0.627,0.095,1.4,15.5,8.5,7.5,0.8,0.9,9.9,17.6,0.5,2,2.4,0.064,-2.5,-0.4,-2.9,-0.4,2023
373,Daishen Nix,21,MIN,PG,15,0,3.3,0.6,1.6,0.375,0.4,1.1,0.353,0.2,0.5,0.429,0.5,0.2,0.4,0.5,0.1,0.1,0.2,0.4,0.3,0,0.3,0.1,1.8,,50,12.3,0.507,0.708,0.25,2.4,4.3,3.4,17.8,4.9,0,15.8,28,-0.1,0.1,0,0.014,-2.8,1.4,-1.4,0,2023
374,Zeke Nnaji,23,DEN,PF,58,0,9.9,1.2,2.6,0.463,0.1,0.4,0.261,1.1,2.2,0.5,0.483,0.7,1.1,0.677,1.1,1.1,2.2,0.6,0.3,0.7,0.5,1.4,3.2,,576,12.4,0.528,0.154,0.416,12.1,12.2,12.1,7,1.3,5.6,13.3,15.4,0.4,0.8,1.2,0.099,-3.8,0.1,-3.7,-0.2,2023
375,Jaylen Nowell,24,2TM,SG,13,1,16.5,2.6,6,0.436,0.5,2.2,0.207,2.2,3.8,0.571,0.474,0.5,0.7,0.778,0.5,1.4,1.8,1.5,0.3,0.2,0.5,1.2,6.2,,214,9.2,0.494,0.372,0.115,3,9.6,6.2,13.6,0.9,0.8,7.9,17.8,0,0.1,0.1,0.016,-4.1,-1.4,-5.4,-0.2,2023
376,Markquis Nowell,24,TOR,SG,1,0,4,0,1,0,0,0,,0,1,0,0,2,2,1,2,0,2,2,1,0,0,0,2,,4,55.5,0.532,0,2,53.9,0,27.5,57.1,12.1,0,0,20.1,0,0,0.1,0.665,29.1,14.2,43.3,0,2023
377,Frank Ntilikina,25,CHO,PG,5,0,8.6,0.2,1.8,0.111,0.2,1.6,0.125,0,0.2,0,0.167,0.4,0.4,1,0.2,1,1.2,0.8,0,0,0.2,0.8,1,,43,0,0.253,0.889,0.222,2.5,13.5,7.8,11.5,0,0,9.2,11.2,-0.1,0,-0.1,-0.099,-10,-3.4,-13.4,-0.1,2023
378,Jusuf Nurkić,29,PHO,C,76,76,27.3,4.2,8.3,0.51,0.3,1.2,0.244,3.9,7.1,0.555,0.528,2.2,3.4,0.64,2.9,8.1,11,4,1.1,1.1,2.3,3.3,10.9,,2078,17.4,0.559,0.144,0.416,12.8,31.7,22.8,19.9,1.9,3.4,19.1,19.1,2,3.8,5.8,0.133,-1,2.1,1.1,1.6,2023
379,Jordan Nwora,25,2TM,SF,52,1,13.7,2.7,5.8,0.462,0.8,2.5,0.336,1.8,3.2,0.56,0.535,0.8,1,0.83,0.5,2.3,2.9,1.2,0.5,0.3,1,0.9,7,,712,13.7,0.565,0.438,0.177,4.3,19.1,11.6,12.3,1.8,1.6,14.1,22.4,-0.1,0.6,0.5,0.034,-1.1,-1.5,-2.5,-0.1,2023
380,Royce O'Neale,30,2TM,SF,79,14,24.7,2.7,6.8,0.397,2,5.3,0.37,0.7,1.5,0.496,0.542,0.3,0.4,0.686,0.8,4,4.8,2.8,0.7,0.6,0.9,2.2,7.7,,1954,11.1,0.548,0.783,0.065,3.4,17.9,10.7,15,1.5,2,11.6,13.9,1.3,2.1,3.4,0.085,-1,1,0,1,2023
381,Chuma Okeke,25,ORL,SF,47,8,9.2,0.9,2.4,0.357,0.5,1.7,0.28,0.4,0.6,0.567,0.46,0.1,0.1,0.571,0.4,1.3,1.7,0.4,0.2,0.1,0.3,0.4,2.3,,432,6.9,0.465,0.732,0.063,4.9,17,10.9,6.2,1,1.5,12.2,13.3,-0.3,0.6,0.3,0.029,-3.2,-0.2,-3.4,-0.2,2023
382,Josh Okogie,25,PHO,SG,60,11,16,1.4,3.4,0.417,0.5,1.6,0.309,1,1.9,0.509,0.488,1.3,1.7,0.745,1.2,1.3,2.6,1.1,0.8,0.4,0.6,1.1,4.6,,960,12,0.552,0.456,0.495,9.2,9,9.1,8.4,2.4,2.2,12.5,13,1,1.1,2.1,0.104,-1.3,0.8,-0.5,0.4,2023
383,Onyeka Okongwu,23,ATL,C,55,8,25.5,4.1,6.6,0.611,0.4,1.3,0.333,3.6,5.4,0.676,0.642,1.7,2.1,0.793,2.6,4.2,6.8,1.3,0.5,1.1,0.8,2.9,10.2,,1405,16.9,0.674,0.189,0.318,10.8,18.6,14.6,7.2,0.9,3.8,9.8,13.7,3.5,1,4.5,0.153,0,-0.5,-0.4,0.5,2023
384,Isaac Okoro,23,CLE,SF,69,42,27.3,3.4,7,0.49,1.2,3.1,0.391,2.2,3.8,0.57,0.577,1.3,2,0.679,1,2,3,1.9,0.8,0.5,0.8,2,9.4,,1887,11.4,0.599,0.448,0.285,4,8.2,6.1,9.5,1.5,1.6,9.1,13.9,2.1,2,4.2,0.106,-1.8,0.7,-1.1,0.4,2023
385,Kelly Olynyk,32,2TM,C,78,27,22.6,3.5,6.4,0.555,0.8,2,0.387,2.8,4.4,0.632,0.616,1.9,2.3,0.833,1.4,3.9,5.3,4.4,0.9,0.4,1.9,2.9,9.8,,1759,17.4,0.661,0.312,0.362,6.7,19,12.9,27.6,2,1.5,20.9,17.5,3.5,1.4,4.9,0.133,0.7,1.1,1.8,1.7,2023
386,Eugene Omoruyi,26,WAS,SF,43,0,9.1,1.9,3.9,0.485,0.3,1.1,0.283,1.6,2.8,0.562,0.524,0.7,1.1,0.653,0.8,1.2,2,0.8,0.6,0.1,0.5,1.4,4.8,,393,16,0.549,0.275,0.293,9.3,13.9,11.6,13,3.2,1,10,22.5,0.2,0.4,0.6,0.074,-1.9,-0.4,-2.3,0,2023
387,Cedi Osman,28,SAS,SF,72,3,17.6,2.6,5.3,0.479,1.2,3.1,0.389,1.4,2.3,0.601,0.591,0.5,0.7,0.673,0.3,2.2,2.5,1.7,0.5,0.2,0.7,1.5,6.8,,1269,11.2,0.601,0.576,0.135,2.1,13.3,7.7,13,1.3,0.7,10.4,15.1,1,0.9,1.9,0.071,-1.7,-0.3,-2.1,0,2023
388,Kelly Oubre Jr.,28,PHI,SF,68,52,30.2,5.7,12.9,0.441,1.5,4.8,0.311,4.2,8.1,0.517,0.498,2.6,3.4,0.75,1.4,3.6,5,1.5,1.1,0.7,1.3,2.9,15.4,,2055,13.5,0.535,0.37,0.264,5,13.5,9.2,7.3,1.8,2.1,8.2,22.4,0.6,2.4,3,0.07,-1.5,-0.7,-2.3,-0.1,2023
389,Chris Paul,38,GSW,PG,58,18,26.4,3.6,8.1,0.441,1.3,3.6,0.371,2.2,4.4,0.498,0.525,0.7,0.9,0.827,0.3,3.6,3.9,6.8,1.2,0.1,1.3,1.9,9.2,,1531,14.7,0.544,0.45,0.111,1.3,14.4,7.9,33.4,2.2,0.4,13.4,15.6,2.6,1.7,4.3,0.136,-0.2,1.2,1,1.2,2023
390,Cameron Payne,29,2TM,PG,78,10,16.7,2.7,6.2,0.432,1.3,3.4,0.39,1.3,2.7,0.486,0.541,0.7,0.9,0.866,0.3,1.2,1.5,2.6,0.5,0.1,0.8,1.6,7.4,,1304,12.8,0.566,0.555,0.139,1.8,8.1,4.9,21.9,1.6,0.8,11.4,19.1,1.4,1,2.4,0.089,-0.5,-0.6,-1.1,0.3,2023
391,Gary Payton II,31,GSW,SG,44,0,15.5,2.3,4.2,0.563,0.5,1.3,0.364,1.9,2.9,0.648,0.617,0.3,0.5,0.609,1,1.5,2.6,1.1,0.9,0.4,0.6,1.8,5.5,,680,13.9,0.621,0.301,0.126,7.4,10.5,9,9.4,2.8,2.4,12.3,13.6,0.9,0.9,1.8,0.125,-1.3,2.2,0.9,0.5,2023
392,Mãozinha Pereira,23,MEM,SF,7,1,17.4,2.6,5,0.514,0.7,1.9,0.385,1.9,3.1,0.591,0.586,1,1.4,0.7,1.6,3.7,5.3,0.3,0.9,0.6,0.7,1.4,6.9,,122,15.7,0.609,0.371,0.286,9.5,24.3,16.6,2.5,2.4,3.1,11.3,15.6,0.1,0.2,0.3,0.123,-1.2,0.7,-0.5,0,2023
393,Drew Peterson,24,BOS,PF,3,0,7.7,1.3,2,0.667,1,1.7,0.6,0.3,0.3,1,0.917,0,0,,0,0.3,0.3,0.3,0.7,0,0.3,0.3,3.7,,23,18.5,0.917,0.833,0,0,4.5,2.3,5.9,4.3,0,14.3,13.3,0.1,0,0.1,0.194,3.8,1.6,5.3,0,2023
394,Filip Petrušev,23,2TM,C,3,0,3.3,0.3,0.7,0.5,0,0,,0.3,0.7,0.5,0.5,0.3,0.7,0.5,0,0.3,0.3,0,0,0,0,0.3,1,,10,5.1,0.521,0,1,0,11.2,5.5,0,0,0,0,12.3,0,0,0,0.029,-4.7,-3.3,-8,0,2023
395,Julian Phillips,20,CHI,SF,40,0,8.1,0.8,1.9,0.416,0.3,1,0.316,0.5,1,0.513,0.494,0.3,0.5,0.684,0.3,0.6,0.9,0.3,0.2,0.2,0.3,1,2.2,,323,7,0.521,0.494,0.247,4.1,8.5,6.2,5.3,1.1,2.2,10.5,13,0,0.2,0.2,0.031,-4.7,-0.6,-5.3,-0.3,2023
396,Jalen Pickett,24,DEN,SG,27,0,4.5,0.6,1.3,0.429,0.3,0.9,0.36,0.2,0.4,0.6,0.557,0.1,0.1,0.75,0,0.5,0.5,0.8,0.1,0,0.3,0.5,1.6,,122,9.7,0.571,0.714,0.114,0.9,11.5,6.4,21.7,1.6,0,19.7,16.4,0,0.1,0.2,0.065,-2.7,-0.5,-3.3,0,2023
397,Scotty Pippen Jr.,23,MEM,PG,21,16,25.1,4.8,9.7,0.493,1.4,3.4,0.417,3.3,6.2,0.534,0.567,2,2.6,0.745,1,2.1,3.2,4.7,1.7,0.5,2.7,2.9,12.9,,527,16.4,0.596,0.355,0.271,4.4,9.7,7,30.7,3.3,1.8,19.8,23,0.3,0.7,1,0.09,-0.1,1.4,1.3,0.4,2023
398,Mason Plumlee,33,LAC,C,46,11,14.7,1.9,3.3,0.569,0,0.1,0,1.9,3.2,0.592,0.569,1.5,2.2,0.707,1.3,3.8,5.1,1.2,0.3,0.4,0.8,1.5,5.3,,674,15.8,0.621,0.039,0.647,10.4,28.2,19.6,10.8,1,2.3,15.5,15.1,1.2,0.9,2,0.146,-1.1,0.4,-0.8,0.2,2023
399,Brandin Podziemski,20,GSW,SG,74,28,26.6,3.7,8.1,0.454,1.2,3.2,0.385,2.4,4.9,0.499,0.529,0.7,1.1,0.633,1.6,4.2,5.8,3.7,0.8,0.2,1.2,1.6,9.2,ROY-5,1968,13,0.54,0.392,0.132,6.6,16.7,11.7,18.1,1.5,0.6,12.2,15.4,2.1,2,4.1,0.1,-0.5,0.4,-0.1,0.9,2023
400,Jakob Poeltl,28,TOR,C,50,50,26.4,5,7.6,0.656,0,0,,5,7.6,0.656,0.656,1.2,2.1,0.551,2.9,5.7,8.6,2.5,0.7,1.5,1.5,3,11.1,,1319,18.9,0.653,0,0.283,11.9,24.1,17.9,14,1.3,5.1,15.3,16.2,2.4,1.4,3.8,0.138,-0.3,1,0.7,0.9,2023
401,Aleksej Pokusevski,22,2TM,PF,28,0,14.5,1.8,4.3,0.405,0.6,2,0.327,1.1,2.4,0.47,0.479,1.1,1.5,0.732,0.6,2.6,3.2,1.3,0.5,0.5,0.7,0.8,5.2,,405,12.7,0.525,0.455,0.339,4.6,20.4,12.3,12,1.8,3,12,17.2,0,0.4,0.4,0.05,-1.8,-0.1,-1.9,0,2023
402,Jordan Poole,24,WAS,SG,78,66,30.1,6.3,15.2,0.413,2.4,7.2,0.326,3.9,8,0.492,0.491,2.5,2.8,0.877,0.4,2.3,2.7,4.4,1.1,0.3,2.4,3.1,17.4,,2346,12.1,0.529,0.476,0.185,1.4,8.4,4.8,21.4,1.7,0.9,12.8,26.4,-1.5,0.8,-0.6,-0.013,-2,-1.9,-3.9,-1.2,2023
403,Craig Porter Jr.,23,CLE,PG,51,6,12.7,2.3,4.5,0.509,0.2,0.7,0.353,2,3.8,0.536,0.535,0.8,1.1,0.732,0.4,1.7,2.1,2.3,0.4,0.3,0.9,0.8,5.6,,649,15.4,0.564,0.149,0.246,3.7,15.1,9.4,26.5,1.6,2.1,15.1,20.2,0.6,0.9,1.5,0.108,-0.6,1.1,0.5,0.4,2023
404,Jontay Porter,24,TOR,PF,26,5,13.8,1.5,4,0.385,0.8,2.3,0.333,0.8,1.7,0.455,0.481,0.6,0.7,0.833,1,2.2,3.2,2.3,0.8,0.8,0.8,1.3,4.4,,360,14.9,0.514,0.577,0.173,7.8,17.5,12.5,21.8,2.7,4.9,15.8,15.8,0.2,0.4,0.7,0.089,-0.3,1.9,1.7,0.3,2023
405,Michael Porter Jr.,25,DEN,SF,81,81,31.7,6.4,13.3,0.484,2.7,6.8,0.397,3.7,6.5,0.575,0.586,1.1,1.4,0.836,1.3,5.7,7,1.5,0.5,0.7,1.1,1.8,16.7,,2565,15.5,0.601,0.513,0.102,4.7,19.3,12.2,6.7,0.8,1.8,7.5,20.7,3.1,3.1,6.2,0.115,1.2,-1.2,0.1,1.3,2023
406,Otto Porter Jr.,30,TOR,SF,15,1,11.6,0.9,2.2,0.424,0.5,1.5,0.348,0.4,0.7,0.6,0.545,0.2,0.2,1,0.4,1.5,1.9,0.5,0.3,0.3,0.1,1.3,2.6,,174,8.7,0.568,0.697,0.091,3.7,14.8,9.2,5.8,1.4,2.5,5.5,8.9,0.1,0.1,0.3,0.07,-3.5,0.3,-3.2,-0.1,2023
407,Bobby Portis,28,MIL,PF,82,4,24.5,5.7,11.2,0.508,1.2,3,0.407,4.5,8.2,0.545,0.562,1.2,1.5,0.79,1.7,5.7,7.4,1.3,0.8,0.4,1.1,2.3,13.8,6MOY-3,2008,17.5,0.581,0.268,0.135,7.9,24.8,16.6,7.8,1.6,1.4,8.6,22.9,2.1,2.6,4.7,0.112,0,-0.8,-0.8,0.6,2023
408,Kristaps Porziņģis,28,BOS,C,57,57,29.6,6.8,13.2,0.516,1.9,5.1,0.375,4.9,8.1,0.606,0.589,4.5,5.3,0.858,1.7,5.5,7.2,2,0.7,1.9,1.6,2.7,20.1,,1690,23.2,0.647,0.39,0.402,6.5,19.1,13.1,10,1.2,5.8,9.1,25.1,4.9,3,7.9,0.226,3.5,1.6,5.1,3,2023
409,Micah Potter,25,UTA,PF,16,0,11.6,1.2,2.5,0.475,0.6,1.3,0.429,0.6,1.2,0.526,0.588,0.4,0.5,0.75,0.6,2.1,2.7,0.4,0.3,0.4,0.3,0.9,3.3,,186,11,0.609,0.525,0.2,6,19.4,12.7,4.2,1,2.9,10.3,10.9,0.2,0.1,0.3,0.075,-1.4,-0.9,-2.3,0,2023
410,Dwight Powell,32,DAL,C,63,9,13.3,1.1,1.7,0.679,0,0,0.333,1.1,1.6,0.689,0.684,1,1.4,0.708,1.5,1.9,3.4,1.3,0.4,0.3,0.5,1.8,3.3,,836,14.5,0.716,0.028,0.84,12.7,15.2,14,12.4,1.5,2.1,18.1,9.1,2.2,0.9,3.1,0.181,-1.1,0.8,-0.3,0.4,2023
411,Norman Powell,30,LAC,SG,76,3,26.2,4.9,10.1,0.486,2.2,5.1,0.435,2.7,5.1,0.536,0.594,1.9,2.3,0.831,0.2,2.4,2.6,1.1,0.6,0.3,0.9,1.8,13.9,6MOY-4,1990,13.9,0.626,0.5,0.224,0.9,9.8,5.5,5.9,1.1,1,7.3,20,2.8,1.3,4.1,0.099,0.4,-1.2,-0.8,0.6,2023
412,Jason Preston,24,UTA,PG,7,0,10.1,0.9,2.7,0.316,0,0.4,0,0.9,2.3,0.375,0.316,0,0,,0.9,1.6,2.4,2.3,0.3,0.1,0.3,0.4,1.7,,71,10.5,0.316,0.158,0,9.4,16.9,13.2,28.7,1.4,1.3,9.5,12.4,0,0,0,0.026,-2.5,-0.1,-2.6,0,2023
413,Joshua Primo,21,LAC,SG,2,0,5,0.5,1.5,0.333,0,0.5,0,0.5,1,0.5,0.333,0,0,,0.5,0,0.5,0,0,0.5,2,0,1,,10,-12.8,0.333,0.333,0,11.7,0,5.6,0,0,9,57.1,30.7,-0.1,0,-0.1,-0.585,-16.8,-8.2,-25,-0.1,2023
414,Taurean Prince,29,LAL,PF,78,49,27,3.2,7.3,0.442,1.8,4.6,0.396,1.4,2.8,0.519,0.566,0.6,0.9,0.735,0.3,2.7,2.9,1.5,0.7,0.4,0.9,1.9,8.9,,2108,8.8,0.579,0.622,0.119,1.2,10.5,6.1,7.2,1.3,1.4,10.8,13.8,0.3,1.7,1.9,0.043,-2.6,-0.2,-2.8,-0.4,2023
415,Payton Pritchard,26,BOS,PG,82,5,22.3,3.6,7.7,0.468,1.8,4.7,0.385,1.8,3.1,0.593,0.583,0.6,0.7,0.821,0.9,2.4,3.2,3.4,0.5,0.1,0.7,1.3,9.6,,1825,15.3,0.597,0.602,0.088,4.3,11.1,7.8,20.7,1.1,0.3,8.5,17.2,4.2,1.9,6.1,0.16,1.3,-0.2,1,1.4,2023
416,Olivier-Maxence Prosper,21,DAL,PF,40,1,8.4,1,2.6,0.385,0.3,1.1,0.289,0.7,1.5,0.458,0.447,0.7,1,0.683,0.6,1.4,2,0.6,0.2,0.1,0.2,0.5,3,,336,11.6,0.496,0.433,0.394,8.2,17.5,12.8,8.4,1,1,6.2,16.6,0.2,0.3,0.5,0.076,-1.7,-1.3,-2.9,-0.1,2023
417,Trevelin Queen,26,ORL,SG,14,0,11.8,1,2.7,0.368,0.2,1.2,0.176,0.8,1.5,0.524,0.408,0.6,0.9,0.75,0.2,1.2,1.4,1.3,0.5,0.4,0.5,1.1,2.9,,165,8.3,0.462,0.447,0.316,2.1,12.2,7.1,14.5,2.1,2.8,13.9,13.3,-0.1,0.3,0.2,0.056,-4.7,1.4,-3.4,-0.1,2023
418,Neemias Queta,24,BOS,C,28,0,11.9,2.4,3.7,0.644,0,0,,2.4,3.7,0.644,0.644,0.7,1,0.714,1.9,2.5,4.4,0.7,0.5,0.8,0.5,1.8,5.5,,333,22.9,0.662,0,0.269,17.9,21.5,19.8,8.5,1.9,5.5,10.1,16.9,1.1,0.7,1.8,0.259,0.4,1.1,1.5,0.3,2023
419,Immanuel Quickley,24,2TM,SG,68,38,29.2,5.7,13.1,0.434,2.5,6.4,0.395,3.2,6.8,0.471,0.53,3.1,3.6,0.853,0.3,3.6,3.8,4.9,0.7,0.1,1.5,1.8,17,,1985,16.7,0.577,0.484,0.274,0.9,13.7,7.2,24.6,1.2,0.5,9.2,23.8,3.5,1.2,4.7,0.115,2.2,-0.9,1.3,1.7,2023
420,Lester Quiñones,23,GSW,SG,37,0,10.6,1.5,3.8,0.397,0.9,2.4,0.364,0.6,1.4,0.453,0.511,0.5,0.8,0.69,0.6,1.4,1.9,1,0.2,0.1,0.5,1.2,4.4,,394,10.3,0.533,0.624,0.206,5.8,13.8,9.9,12,0.7,0.5,10,18.3,0.3,0.3,0.6,0.068,-2,-1.3,-3.3,-0.1,2023
421,Jahmi'us Ramsey,22,TOR,SG,7,1,17.3,2.6,5.9,0.439,0.9,3.1,0.273,1.7,2.7,0.632,0.512,0.7,0.9,0.833,0.6,2.6,3.1,1.1,1,0,1,1.4,6.7,,121,10.6,0.538,0.537,0.146,3.6,16.7,10,9.1,2.8,0,13.8,17.9,-0.1,0.1,0.1,0.021,-3.9,-0.5,-4.4,-0.1,2023
422,Julius Randle,29,NYK,PF,46,46,35.4,8.6,18.2,0.472,1.7,5.3,0.311,6.9,12.9,0.539,0.518,5.1,6.6,0.781,2.2,7,9.2,5,0.5,0.3,3.5,2.7,24,AS,1630,18.9,0.569,0.292,0.361,6.8,22.4,14.6,22.8,0.8,0.7,14.1,29.9,1.9,1.9,3.8,0.113,2.2,-0.3,1.9,1.6,2023
423,Duop Reath,27,POR,C,68,20,17.9,3.4,7.3,0.461,1.3,3.6,0.359,2.1,3.7,0.559,0.549,1,1.4,0.742,1.4,2.3,3.7,1,0.5,0.6,0.8,2.4,9.1,,1214,15.1,0.571,0.491,0.186,8.1,15.4,11.5,8.9,1.3,2.8,8.8,20.7,1.4,1,2.4,0.095,-0.2,-0.7,-0.9,0.3,2023
424,Austin Reaves,25,LAL,SG,82,57,32.1,5.6,11.5,0.486,1.9,5.1,0.367,3.7,6.3,0.583,0.568,2.8,3.3,0.853,0.7,3.6,4.3,5.5,0.8,0.3,2.1,1.9,15.9,,2629,15.5,0.613,0.447,0.289,2.5,11.9,7.4,23.5,1.2,0.8,14.1,20.3,3.9,2,5.9,0.108,0.9,-0.4,0.4,1.6,2023
425,Cam Reddish,24,LAL,SF,48,26,20.5,1.9,4.9,0.389,0.8,2.3,0.336,1.1,2.6,0.435,0.468,0.9,1.1,0.759,0.6,1.5,2.1,1,1,0.3,0.6,1.3,5.4,,984,7.7,0.504,0.47,0.231,3.2,7.7,5.6,6,2.3,1.2,10.7,12.7,-0.3,0.9,0.6,0.03,-4,0.8,-3.2,-0.3,2023
426,Paul Reed,24,PHI,C,82,24,19.4,3.2,5.9,0.54,0.3,0.7,0.368,2.9,5.2,0.563,0.561,0.7,1,0.718,2.4,3.6,6,1.3,0.8,1,0.8,2.4,7.3,,1590,17.4,0.58,0.119,0.177,13.2,20.9,16.9,9.8,2.1,4.8,11.5,15.9,2.5,2.6,5.1,0.154,-0.6,1,0.4,0.9,2023
427,Naz Reid,24,MIN,PF,81,14,24.2,5,10.5,0.477,2.1,5,0.414,2.9,5.5,0.535,0.576,1.3,1.8,0.736,0.9,4.3,5.2,1.3,0.8,0.9,1.4,2.1,13.5,6MOY-1,1964,16,0.595,0.479,0.174,4.4,19.3,12.2,8.3,1.6,3.3,10.8,23.1,1.1,3.8,4.9,0.12,0.4,1.1,1.5,1.7,2023
428,Jared Rhoden,24,DET,SG,17,0,14.4,1.9,3.9,0.5,0.7,1.8,0.387,1.2,2.1,0.6,0.591,0.3,0.5,0.625,0.2,1.8,1.9,0.8,0.2,0.8,0.4,1.6,4.9,,245,10.3,0.597,0.47,0.121,1.3,13.9,7.5,8,0.6,4.5,9.1,13.3,0.1,0.2,0.3,0.06,-2.9,0.4,-2.5,0,2023
429,Nick Richards,26,CHO,C,67,51,26.3,3.9,5.6,0.691,0,0,0,3.9,5.6,0.693,0.691,2,2.7,0.737,2.6,5.5,8,0.8,0.4,1.1,1.1,2.6,9.7,,1759,16.7,0.717,0.003,0.476,10.7,24.2,17.2,4.5,0.7,3.9,13.8,13.3,3.8,1.3,5.1,0.14,-1.6,-0.7,-2.3,-0.1,2023
430,Josh Richardson,30,MIA,SG,43,6,25.7,3.6,8.1,0.444,1.5,4.4,0.347,2,3.7,0.561,0.539,1.2,1.3,0.944,0.4,2.4,2.8,2.4,0.6,0.3,0.8,1.8,9.9,,1103,11.4,0.573,0.548,0.156,1.8,10.7,6.2,13.9,1.1,1.2,8.9,16.5,0.9,1.2,2.1,0.093,-1.3,0,-1.3,0.2,2023
431,Duncan Robinson,29,MIA,SF,68,36,28,4.5,9.9,0.45,2.8,7,0.395,1.7,3,0.579,0.589,1.2,1.3,0.889,0.2,2.3,2.5,2.8,0.7,0.2,1.4,2.4,12.9,,1905,12.2,0.612,0.701,0.133,0.9,9.5,5.1,15.1,1.2,0.8,11.7,19,1.6,2,3.6,0.091,-0.5,-0.4,-0.9,0.6,2023
432,Jerome Robinson,26,GSW,SG,22,0,3.7,0.5,1.5,0.333,0.1,0.8,0.118,0.4,0.7,0.563,0.364,0.3,0.5,0.636,0,0.2,0.3,0.2,0,0.1,0.1,0.2,1.4,,81,5.7,0.41,0.515,0.333,1.4,6.6,4,8,0.6,3.3,5,20.7,-0.1,0.1,-0.1,-0.04,-6.1,-2.2,-8.3,-0.1,2023
433,Mitchell Robinson,25,NYK,C,31,21,24.8,2.4,4.1,0.575,0,0,,2.4,4.1,0.575,0.575,0.9,2.1,0.409,4.6,3.9,8.5,0.6,1.2,1.1,0.8,1.8,5.6,,768,16.1,0.554,0,0.52,20.7,17.7,19.2,3.1,2.4,4.3,13.8,10.2,1.2,1.3,2.5,0.155,-0.3,0.4,0,0.4,2023
434,Orlando Robinson,23,MIA,C,36,7,8.4,1,2,0.5,0.2,0.4,0.533,0.8,1.6,0.491,0.556,0.5,0.7,0.76,0.8,1.6,2.3,0.9,0.2,0.2,0.5,1,2.8,,304,14,0.596,0.208,0.347,10.4,21,15.7,15.8,1.1,2.6,17.8,14.8,0.4,0.5,0.9,0.135,-1.9,0.8,-1.1,0.1,2023
435,Jeremiah Robinson-Earl,23,NOP,PF,39,1,8.6,1.2,2.4,0.474,0.3,1,0.333,0.8,1.4,0.571,0.542,0.3,0.4,0.75,0.6,1.4,1.9,0.5,0.3,0.1,0.4,0.6,2.9,,334,11.8,0.564,0.411,0.168,7.8,17.5,12.7,8.4,1.5,1.2,13.6,15.4,0.2,0.4,0.6,0.086,-1.9,-0.3,-2.2,0,2023
436,David Roddy,22,2TM,PF,65,13,18.1,2.5,6.3,0.403,0.7,2.5,0.293,1.8,3.8,0.478,0.462,0.7,1,0.691,0.8,2.4,3.2,1.2,0.4,0.2,0.9,1.1,6.5,,1177,8.7,0.484,0.401,0.166,4.8,15.2,9.8,10.3,1.1,0.9,11.5,18.1,-0.9,1,0.1,0.004,-4,-1,-5,-0.9,2023
437,Ryan Rollins,21,2TM,PG,13,0,6,1.1,2.1,0.519,0.2,0.3,0.75,0.8,1.8,0.478,0.574,1,1.3,0.765,0.2,0.8,1,1.1,0.8,0.2,0.6,0.6,3.4,,78,22,0.638,0.148,0.63,2.7,15.4,8.9,25,6,3.1,18.8,23,0.1,0.1,0.3,0.155,0.6,5.1,5.7,0.2,2023
438,Derrick Rose,35,MEM,PG,24,7,16.6,3.2,6.9,0.461,0.6,1.7,0.366,2.5,5.2,0.492,0.506,1,1.1,0.889,0.3,1.6,1.9,3.3,0.3,0.1,1.3,0.9,8,,399,13.1,0.54,0.248,0.164,1.8,10.9,6.2,32.3,1,0.5,14.9,22.3,0.1,0.3,0.4,0.046,-1.3,-1.5,-2.8,-0.1,2023
439,Terry Rozier,29,2TM,SG,61,60,33.4,7.2,16.4,0.443,2.4,6.7,0.363,4.8,9.6,0.498,0.518,2.8,3.2,0.869,0.6,3.5,4,5.6,1,0.3,1.7,1.7,19.8,,2040,17.3,0.555,0.411,0.198,1.9,12,6.8,27.5,1.5,1,8.9,25.9,2.3,1.6,3.9,0.091,2.2,-0.7,1.5,1.8,2023
440,Rayan Rupert,19,POR,SG,39,12,16.2,1.4,4.1,0.335,0.7,2,0.359,0.7,2.1,0.313,0.422,0.5,0.6,0.76,0.6,1.7,2.4,1.6,0.3,0.1,0.8,1.4,4,,633,5.8,0.451,0.484,0.155,4,12.8,8.1,13.5,0.9,0.4,15.3,13.6,-0.4,0.3,-0.1,-0.009,-5.6,-1.2,-6.7,-0.8,2023
441,D'Angelo Russell,27,LAL,PG,76,69,32.7,6.5,14.2,0.456,3,7.2,0.415,3.5,7,0.497,0.56,2.1,2.5,0.828,0.4,2.7,3.1,6.3,0.9,0.5,2.1,2.1,18,,2484,16,0.588,0.505,0.178,1.3,8.9,5.3,27.6,1.3,1.3,11.8,23,3.3,1.8,5.1,0.099,1.7,-0.8,0.9,1.8,2023
442,Matt Ryan,26,NOP,SF,28,1,13.9,1.8,4,0.434,1.5,3.3,0.451,0.3,0.8,0.364,0.615,0.5,0.5,0.929,0.2,1.2,1.4,0.6,0.2,0,0.7,1.1,5.4,,390,9,0.638,0.805,0.124,1.7,9.6,5.7,6.1,0.8,0.3,13.8,15.4,0.2,0.3,0.5,0.065,-1.4,-1.3,-2.7,-0.1,2023
443,Domantas Sabonis,27,SAC,C,82,82,35.7,7.7,13,0.594,0.4,1.1,0.379,7.3,12,0.613,0.609,3.6,5.1,0.704,3.6,10.1,13.7,8.2,0.9,0.6,3.3,3,19.4,"MVP-8,DPOY-10,NBA3",2928,23.2,0.637,0.081,0.389,11,32.3,21.4,33.9,1.2,1.5,17.9,22.2,8.6,4,12.6,0.206,4,2.4,6.5,6.2,2023
444,Luka Šamanić,24,UTA,PF,43,7,9.4,1.4,3.7,0.38,0.3,1.5,0.203,1.1,2.2,0.5,0.421,1,1.3,0.786,0.5,1.9,2.4,0.4,0.1,0.2,0.7,0.7,4.1,,404,8.9,0.485,0.405,0.354,6,21.6,13.9,6.5,0.6,1.5,13.3,21.8,-0.4,0.2,-0.2,-0.029,-4.9,-2.9,-7.8,-0.6,2023
445,Jermaine Samuels,25,HOU,SF,14,0,4.3,0.6,1,0.643,0,0.1,0,0.6,0.9,0.75,0.643,0.1,0.1,1,0.2,0.7,0.9,0.2,0.1,0.1,0,0.4,1.4,,60,15.1,0.672,0.143,0.143,5.3,18.1,11.6,7,0.8,3.1,0,10.5,0.1,0.1,0.2,0.178,-0.3,1.1,0.8,0,2023
446,Adama Sanogo,21,CHI,PF,9,0,7.3,1.6,3,0.519,0,0,,1.6,3,0.519,0.519,0.9,1.3,0.667,2.1,1.9,4,0,0.1,0,0.6,0.6,4,,66,21.9,0.558,0,0.444,31.6,29.4,30.5,0,0.8,0,13.4,24.8,0.1,0.1,0.2,0.133,-0.4,-6.3,-6.7,-0.1,2023
447,Gui Santos,21,GSW,PF,23,0,8.3,1.2,2.4,0.509,0.4,1.2,0.37,0.8,1.2,0.643,0.6,0.7,0.7,0.941,0.7,1.4,2.1,0.6,0.2,0.1,0.3,1,3.6,,192,15.6,0.656,0.491,0.309,9.7,17.7,13.8,9.6,1,0.9,10.1,15.2,0.5,0.2,0.7,0.169,0,-0.5,-0.5,0.1,2023
448,Dario Šarić,29,GSW,C,64,9,17.2,2.8,6.1,0.466,1.2,3.1,0.376,1.7,3,0.56,0.562,1.2,1.5,0.849,1.1,3.3,4.4,2.3,0.5,0.2,1.2,1.8,8,,1098,15.3,0.6,0.508,0.24,7.3,20.4,13.9,17.8,1.4,0.8,15.4,19.5,1.6,1.2,2.8,0.123,0.6,0.4,1,0.9,2023
449,Olivier Sarr,24,OKC,C,15,0,6.5,0.7,1.3,0.579,0.1,0.4,0.333,0.6,0.9,0.692,0.632,0.7,1,0.667,0.7,1.7,2.4,0.1,0,0.5,0.2,1.2,2.3,,98,14.8,0.664,0.316,0.789,11.8,28.5,20.5,2.5,0,6.6,10.5,12.7,0.2,0.2,0.4,0.186,-2.6,-0.1,-2.6,0,2023
450,Marcus Sasser,23,DET,PG,71,11,19,3.1,7.2,0.428,1.3,3.4,0.375,1.8,3.8,0.474,0.516,0.8,0.9,0.879,0.2,1.6,1.8,3.3,0.6,0.2,1.3,1.5,8.3,,1351,11.8,0.542,0.469,0.129,0.9,9.6,5.2,25.4,1.6,0.8,14.3,19.9,0.3,0.6,0.9,0.033,-1.5,-1.1,-2.6,-0.2,2023
451,Admiral Schofield,26,ORL,PF,23,0,3.7,0.4,1.1,0.385,0.3,0.7,0.375,0.2,0.4,0.4,0.5,0,0.1,0,0.1,0.6,0.7,0.3,0,0,0.2,0.4,1.1,,84,6,0.484,0.615,0.077,4.2,19.7,11.9,11.6,0.6,0,15.7,16.6,-0.1,0.1,0,0.006,-4.1,-0.8,-4.9,-0.1,2023
452,Dennis Schröder,30,2TM,PG,80,58,31.1,5,11.6,0.435,1.7,4.6,0.375,3.3,7,0.474,0.509,2.2,2.7,0.836,0.5,2.5,3,6.1,0.8,0.2,1.9,2.1,14,,2486,13.3,0.55,0.397,0.23,1.7,9.2,5.3,28,1.2,0.6,13,20.3,2.3,1,3.3,0.063,-0.5,-1.3,-1.8,0.1,2023
453,Dereon Seabron,23,NOP,SG,6,0,9.2,0.7,2.2,0.308,0.2,0.3,0.5,0.5,1.8,0.273,0.346,0.8,1,0.833,0.2,1,1.2,0.8,0.3,0.2,0,0.7,2.3,,55,9.2,0.448,0.154,0.462,2,12,7.1,11.2,1.8,1.8,0,12.4,0,0.1,0.1,0.087,-2.7,1.2,-1.5,0,2023
454,Alperen Şengün,21,HOU,C,63,63,32.5,8.4,15.6,0.537,0.5,1.8,0.297,7.8,13.8,0.567,0.553,3.9,5.6,0.693,2.9,6.4,9.3,5,1.2,0.7,2.6,3.3,21.1,,2046,22,0.585,0.113,0.358,9.5,21.5,15.4,25.2,1.8,2.1,12.5,27,3.8,3.1,6.9,0.163,3.1,1.7,4.9,3.5,2023
455,Brice Sensabaugh,20,UTA,SF,32,11,18.3,2.7,6.8,0.39,1.1,3.6,0.296,1.6,3.2,0.495,0.468,1.2,1.3,0.902,0.5,2.7,3.2,1.7,0.4,0.2,1.5,1.3,7.5,,584,8.6,0.511,0.528,0.188,3,16.1,9.6,13,1.1,0.9,16.6,20.3,-0.5,0.2,-0.3,-0.024,-3.3,-2.1,-5.5,-0.5,2023
456,Collin Sexton,25,UTA,SG,78,51,26.6,6.5,13.3,0.487,1.6,4.2,0.394,4.8,9.1,0.53,0.549,4.1,4.7,0.859,0.9,1.7,2.6,4.9,0.8,0.2,2.1,2,18.7,,2075,19.9,0.607,0.313,0.356,3.8,7.1,5.4,29.5,1.4,0.8,12.1,27.5,5.2,0.3,5.5,0.127,3.8,-1.9,1.9,2,2023
457,Landry Shamet,26,WAS,SG,46,5,15.8,2.6,6,0.431,1.2,3.4,0.338,1.4,2.5,0.556,0.527,0.8,1,0.826,0.3,1,1.3,1.2,0.5,0.2,0.7,1.7,7.1,,726,10.5,0.556,0.573,0.168,2.3,6.9,4.6,10.2,1.6,1.1,9.3,18.8,0.1,0.2,0.3,0.022,-2.7,-1.3,-4,-0.4,2023
458,Day'Ron Sharpe,22,BRK,C,61,1,15.1,2.8,4.8,0.571,0.1,0.2,0.267,2.7,4.6,0.588,0.578,1.2,2,0.61,2.6,3.7,6.4,1.4,0.4,0.7,1.1,2.1,6.8,,921,20,0.596,0.051,0.418,18.6,27.9,23.1,14,1.3,4.3,16.7,19.7,1.6,1.3,2.9,0.152,-0.4,0.4,0,0.5,2023
459,Shaedon Sharpe,20,POR,SG,32,25,33.1,5.5,13.6,0.406,1.9,5.6,0.333,3.6,7.9,0.457,0.475,3.1,3.7,0.824,1.3,3.7,5,2.9,0.9,0.4,2.3,2.8,15.9,,1059,11.4,0.524,0.415,0.274,4.2,13.3,8.5,13.8,1.3,1,12.9,22.4,-0.2,0.6,0.5,0.022,-1.9,-0.9,-2.8,-0.2,2023
460,Ben Sheppard,22,IND,SG,57,1,14.3,1.6,4,0.393,0.9,2.7,0.314,0.7,1.3,0.562,0.5,0.4,0.5,0.885,0.3,1.3,1.6,0.9,0.6,0,0.3,1.5,4.4,,814,8.1,0.524,0.681,0.114,2.1,10.3,6.2,7.5,1.9,0.2,5.9,13.2,0.3,0.4,0.8,0.046,-3.3,-0.1,-3.4,-0.3,2023
461,Pascal Siakam,29,2TM,PF,80,80,33.2,8.5,15.9,0.536,1.1,3.1,0.346,7.5,12.8,0.581,0.569,3.6,5,0.732,1.7,5.3,7.1,4.3,0.8,0.3,1.8,2.4,21.7,,2657,19.7,0.601,0.194,0.312,5.8,18.1,11.9,19.4,1.1,0.8,8.9,25.3,5.4,1.5,6.9,0.124,2.6,-0.7,1.9,2.7,2023
462,Ben Simmons,27,BRK,PG,15,12,23.9,2.9,4.9,0.581,0,0,,2.9,4.9,0.581,0.581,0.4,1,0.4,2.1,5.9,7.9,5.7,0.8,0.6,1.8,2.4,6.1,,359,16.3,0.571,0,0.203,9.2,27.6,18.1,33.2,1.7,2.3,25.1,13,0.5,0.5,1,0.133,-0.5,2.9,2.4,0.4,2023
463,Kobi Simmons,26,TOR,PG,4,0,16.8,2.3,5.3,0.429,0.5,2,0.25,1.8,3.3,0.538,0.476,0,0,,0.3,1.5,1.8,3,1.5,0.5,0.3,1.3,5,,67,14.5,0.476,0.381,0,1.6,10.1,5.7,24.2,4.3,2.6,4.5,14,0.1,0.1,0.1,0.098,-2.6,1.6,-1,0,2023
464,Anfernee Simons,24,POR,SG,46,46,34.4,7.8,18.2,0.43,3.4,8.8,0.385,4.4,9.4,0.472,0.523,3.5,3.9,0.916,0.5,3.2,3.6,5.5,0.5,0.1,2.7,2.1,22.6,,1582,15.9,0.568,0.484,0.213,1.5,10.9,5.9,27.6,0.7,0.3,12.1,28,1.7,0.5,2.2,0.068,2.7,-2.5,0.2,0.8,2023
465,Zavier Simpson,26,MEM,PG,7,0,23,2.4,7.7,0.315,0.7,2.4,0.294,1.7,5.3,0.324,0.361,0.4,0.6,0.75,0.6,2.3,2.9,3.6,1,0.4,1.4,1.6,6,,161,6.3,0.377,0.315,0.074,2.6,11.3,6.8,22.5,2.1,1.7,15.2,17.5,-0.3,0.2,-0.2,-0.046,-6.2,0.3,-5.9,-0.2,2023
466,Jericho Sims,25,NYK,C,45,11,13,0.8,1.2,0.691,0,0,,0.8,1.2,0.691,0.691,0.4,0.5,0.667,1.2,2,3.3,0.6,0.2,0.4,0.4,1,2,,585,10.9,0.702,0,0.436,10.7,17.5,14.1,5.4,0.7,3,19.6,6,0.9,0.7,1.5,0.127,-2.4,0.7,-1.8,0,2023
467,Dmytro Skapintsev,25,NYK,C,2,0,1,0,0.5,0,0,0,,0,0.5,0,0,0,0,,0,0,0,0,0,0,0,0,0,,2,-19.3,0,0,0,0,0,0,0,0,0,0,21.6,0,0,0,-0.483,-16,-9.8,-25.9,0,2023
468,Jalen Slawson,24,SAC,SF,12,0,3.1,0.3,0.5,0.667,0,0.2,0,0.3,0.3,1,0.667,0,0,,0.1,0.5,0.6,0.2,0.1,0.1,0.2,0.7,0.7,,37,6.6,0.667,0.333,0,3,18.6,10.6,6.9,1.3,2.5,25,9.2,0,0,0,0.058,-7.5,1.1,-6.4,0,2023
469,Javonte Smart,24,PHI,PG,1,0,1,0,0,,0,0,,0,0,,,0,0,,0,0,0,0,0,0,0,0,0,,1,0,,,,0,0,0,0,0,0,,0,0,0,0,0.005,-6.2,-2.1,-8.3,0,2023
470,Marcus Smart,29,MEM,PG,20,20,30.3,5.1,11.9,0.43,2.1,6.7,0.313,3,5.2,0.583,0.519,2.2,2.8,0.768,0.3,2.4,2.7,4.3,2.1,0.3,3.1,2.7,14.5,,605,11.8,0.552,0.565,0.236,1,8.9,4.8,22.7,3.3,0.8,19.2,22.9,-0.5,0.7,0.2,0.02,-3.3,0.9,-2.4,0,2023
471,Dennis Smith Jr.,26,BRK,PG,56,2,18.9,2.6,6,0.435,0.6,1.9,0.294,2.1,4.1,0.502,0.482,0.8,1,0.741,0.9,2,2.9,3.6,1.2,0.2,1.2,2.2,6.6,,1059,13.4,0.508,0.322,0.172,5,12.1,8.5,27.3,3.2,1,15.8,17.7,0.5,1.3,1.8,0.08,-2.6,1.8,-0.8,0.3,2023
472,Dru Smith,26,MIA,SG,9,0,14.6,1.7,3.7,0.455,0.8,1.9,0.412,0.9,1.8,0.5,0.561,0.2,0.2,1,0.7,0.9,1.6,1.6,1,0.3,0.6,1.3,4.3,,131,12.8,0.576,0.515,0.061,5.1,7,6.1,15,3.4,2.2,12.9,13.2,0.1,0.2,0.3,0.125,-1.8,3.2,1.4,0.1,2023
473,Ish Smith,35,CHO,PG,43,5,17.2,1.5,3.7,0.418,0.1,0.2,0.5,1.4,3.5,0.413,0.43,0.1,0.1,0.75,0.3,1.5,1.8,3.4,0.4,0.1,1.1,1.1,3.2,,741,6.8,0.435,0.051,0.025,1.6,10.2,5.8,26.4,1.1,0.5,22.7,12.3,-0.5,0.2,-0.4,-0.025,-5.6,-1.2,-6.8,-0.9,2023
474,Jabari Smith Jr.,20,HOU,PF,76,76,31.9,5,11,0.454,1.8,5,0.363,3.2,6,0.53,0.537,2,2.4,0.811,1.8,6.3,8.1,1.6,0.7,0.8,1.2,2.6,13.7,,2424,13.8,0.571,0.456,0.222,6.1,21.3,13.6,7.1,1,2.3,8.9,17.6,2.4,3.2,5.6,0.111,-0.5,0.1,-0.4,1,2023
475,Jalen Smith,23,IND,C,61,14,17.2,3.8,6.5,0.592,1,2.4,0.424,2.8,4.1,0.689,0.67,1.2,1.7,0.692,1.8,3.7,5.5,1,0.3,0.6,0.7,2,9.9,,1047,20.7,0.682,0.365,0.263,12.1,24.3,18.2,8,0.8,2.9,9.1,19.4,3.1,0.9,4,0.182,3.2,-0.8,2.4,1.2,2023
476,Nick Smith Jr.,19,CHO,SG,51,0,14.3,2.2,5.7,0.391,1.2,2.9,0.432,1,2.8,0.35,0.5,0.3,0.3,0.867,0.4,1.1,1.4,1.2,0.2,0.1,0.8,1.1,5.9,,729,8.1,0.511,0.505,0.052,2.7,8.6,5.5,12,0.7,0.9,11.7,20.3,-0.6,0.1,-0.5,-0.036,-3.1,-2.8,-5.9,-0.7,2023
477,Terquavion Smith,21,PHI,PG,16,0,5.3,1.1,2.9,0.391,0.8,2.2,0.371,0.3,0.7,0.455,0.533,0.2,0.3,0.6,0,0.3,0.3,0.8,0.5,0,0.4,0.5,3.3,,84,14.8,0.539,0.761,0.109,0,5.4,2.6,22.1,4.7,0,12.7,28.4,0,0.1,0.1,0.05,0.3,0.5,0.8,0.1,2023
478,Jeremy Sochan,20,SAS,PF,74,73,29.6,4.6,10.5,0.438,0.9,3.1,0.308,3.6,7.4,0.492,0.483,1.5,1.9,0.771,1.9,4.6,6.4,3.4,0.8,0.5,1.9,2.3,11.6,,2193,11.4,0.513,0.293,0.186,6.7,16.9,11.7,16,1.3,1.5,14.3,18.8,-0.5,1.9,1.4,0.03,-2.8,-0.6,-3.4,-0.8,2023
479,Pat Spencer,27,GSW,PG,6,0,4.3,0.3,0.7,0.5,0,0.3,0,0.3,0.3,1,0.5,0,0,,0.3,0.3,0.7,0.8,0,0,0.2,0.2,0.7,,26,9.4,0.5,0.5,0,8.4,8.2,8.3,23.3,0,0,20,8.1,0,0,0,0.084,-3.4,-3.1,-6.4,0,2023
480,Jaden Springer,21,2TM,SG,49,2,10.3,1.2,3,0.399,0.2,1,0.208,1,2,0.49,0.432,0.7,0.9,0.833,0.7,0.9,1.6,0.9,0.7,0.3,0.7,1.3,3.3,,507,10.7,0.49,0.324,0.284,7.1,9.8,8.4,11.5,3.5,2.7,17,17.1,-0.3,0.8,0.6,0.052,-4.9,1.5,-3.4,-0.2,2023
481,Lamar Stevens,26,2TM,PF,38,3,14.7,2.8,6.3,0.45,0.4,1.2,0.304,2.5,5.1,0.485,0.479,1.1,1.4,0.778,0.9,2.4,3.3,0.7,0.6,0.6,0.6,1.2,7.2,,559,14.6,0.516,0.192,0.225,6.9,18.2,12.4,7.9,2,3.6,8.3,22.2,0,0.8,0.8,0.068,-2.2,-0.1,-2.2,0,2023
482,Isaiah Stewart,22,DET,PF,46,45,30.9,4,8.3,0.487,1.5,3.8,0.383,2.6,4.5,0.575,0.575,1.4,1.8,0.753,1.6,5,6.6,1.6,0.4,0.8,1.4,2.2,10.9,,1423,11.3,0.6,0.458,0.223,5.7,18.4,11.9,7.1,0.6,2.3,13.6,14.5,0.9,0.8,1.7,0.056,-1.6,-0.7,-2.3,-0.1,2023
483,Julian Strawther,21,DEN,SF,50,0,10.9,1.6,4.4,0.369,0.8,2.8,0.297,0.8,1.7,0.488,0.462,0.4,0.6,0.71,0.1,1.1,1.2,0.9,0.3,0.1,0.5,1.1,4.5,,545,8.2,0.482,0.622,0.14,1,11.1,6.2,11.3,1.5,1.1,8.9,20.7,-0.4,0.6,0.2,0.015,-4.6,-1.4,-6,-0.6,2023
484,Max Strus,27,CLE,SF,70,70,32,4.3,10.4,0.418,2.4,6.8,0.351,1.9,3.6,0.546,0.533,1.1,1.4,0.794,0.9,3.9,4.8,4,0.9,0.4,1.6,2.4,12.2,,2239,11.7,0.553,0.658,0.133,3.4,13.5,8.5,17.3,1.4,1.2,12.7,17.4,1.2,2.6,3.9,0.083,-1.1,0.5,-0.6,0.8,2023
485,Jalen Suggs,22,ORL,SG,75,75,27,4.5,9.5,0.471,2,5.1,0.397,2.4,4.4,0.556,0.578,1.6,2.1,0.756,0.6,2.4,3.1,2.7,1.4,0.6,1.8,2.7,12.6,"DPOY-10,DEF2",2025,14.1,0.602,0.539,0.218,2.8,10.6,6.6,15,2.6,2.2,14.4,19.7,1.5,3.2,4.7,0.112,-0.6,1.6,1,1.5,2023
486,Cole Swider,24,MIA,SF,18,0,4.8,0.8,2.1,0.395,0.6,1.7,0.333,0.3,0.4,0.625,0.526,0.1,0.1,1,0.1,0.3,0.4,0.3,0.1,0.1,0.4,0.2,2.3,,87,7.1,0.54,0.789,0.053,1.3,7.9,4.6,8.8,0.6,1.1,17.1,24,-0.2,0.1,-0.1,-0.05,-2.1,-2.4,-4.5,-0.1,2023
487,Jae'Sean Tate,28,HOU,SF,65,9,15.9,1.7,3.5,0.472,0.4,1.2,0.299,1.3,2.3,0.559,0.522,0.4,0.6,0.667,0.9,2.1,3,1,0.6,0.2,0.6,2.1,4.1,,1031,9.3,0.538,0.336,0.17,6.3,14.3,10.2,8.2,2,1.3,13.1,11.7,0.4,1.3,1.8,0.082,-3.7,1.5,-2.3,-0.1,2023
488,Jayson Tatum,25,BOS,PF,74,74,35.7,9.1,19.3,0.471,3.1,8.2,0.376,6,11,0.542,0.552,5.6,6.7,0.833,0.9,7.2,8.1,4.9,1,0.6,2.5,2,26.9,"MVP-6,CPOY-9,AS,NBA1",2645,22.3,0.604,0.427,0.349,2.9,20.9,12.3,21,1.4,1.4,10.3,30.2,6.4,4.1,10.4,0.189,4.5,0.6,5.1,4.7,2023
489,Terry Taylor,24,CHI,PF,31,0,6.1,0.6,1.3,0.513,0.1,0.3,0.222,0.6,1,0.6,0.538,0.1,0.2,0.8,0.5,0.6,1.2,0.3,0.2,0.1,0.2,0.5,1.5,,188,10.1,0.558,0.231,0.128,9.9,12.1,11,7,1.3,1.1,14.5,11.3,0.1,0.1,0.3,0.07,-3.1,-0.1,-3.2,0,2023
490,Garrett Temple,37,TOR,SG,27,2,10.7,1.1,2.9,0.372,0.4,1.5,0.3,0.6,1.4,0.447,0.449,0.7,0.8,0.818,0.7,1,1.7,1,0.4,0.1,0.5,1,3.3,,289,9.5,0.502,0.513,0.282,6.7,10.5,8.6,12.5,2,0.9,13.8,15,0,0.2,0.2,0.032,-3.4,-1.2,-4.7,-0.2,2023
491,Dalen Terry,21,CHI,SG,59,2,11.5,1.2,2.7,0.439,0.3,1.3,0.23,0.9,1.4,0.627,0.494,0.4,0.7,0.581,0.5,1.4,1.9,1.4,0.5,0.3,0.5,1.4,3.1,,681,10.2,0.512,0.471,0.274,4.7,14.1,9.3,15.6,2,2.7,15.4,13.4,0.1,0.7,0.8,0.06,-3.4,1.1,-2.3,0,2023
492,Daniel Theis,31,2TM,C,60,3,16.9,2.6,4.9,0.532,0.4,1.2,0.366,2.2,3.7,0.586,0.577,0.6,0.8,0.76,1.4,2.7,4.1,1,0.4,0.9,0.7,2.1,6.3,,1015,14.4,0.597,0.242,0.171,9.8,17.1,13.6,8.3,1,4.5,11.8,15.4,1.4,1.2,2.5,0.119,-1.7,0.1,-1.6,0.1,2023
493,Cam Thomas,22,BRK,SG,66,51,31.4,8,18,0.442,2.2,6,0.364,5.8,12,0.481,0.503,4.3,5.1,0.856,0.4,2.8,3.2,2.9,0.7,0.2,1.9,2.1,22.5,,2075,16.1,0.554,0.333,0.281,1.4,10.1,5.6,15.7,1.1,0.7,8.5,30.5,1.3,1.2,2.5,0.058,0.7,-1.9,-1.2,0.4,2023
494,Isaiah Thomas,34,PHO,PG,6,0,3.2,0.5,1.7,0.3,0.3,0.7,0.5,0.2,1,0.167,0.4,0,0,,0,0,0,0.5,0,0,0,0,1.3,,19,6.7,0.4,0.4,0,0,0,0,21.9,0,0,0,22.8,0,0,0,-0.03,-1.6,-5.2,-6.9,0,2023
495,Amen Thompson,21,HOU,SF,62,23,22.4,3.9,7.2,0.536,0.1,0.9,0.138,3.7,6.3,0.595,0.545,1.7,2.5,0.684,2.4,4.2,6.6,2.6,1.3,0.6,1.5,2.3,9.5,,1388,18.2,0.576,0.13,0.348,11.3,20.4,15.8,17,2.7,2.5,14.9,18.5,1.9,2.4,4.3,0.149,-0.1,1.9,1.8,1.3,2023
496,Ausar Thompson,21,DET,SF,63,38,25.1,3.7,7.6,0.483,0.3,1.8,0.186,3.3,5.8,0.575,0.505,1.1,1.9,0.597,2,4.3,6.4,1.9,1.1,0.9,1.3,2.8,8.8,,1583,12.8,0.522,0.235,0.248,8.9,19.6,14.2,10.8,2.1,3.2,13.6,16.6,0.1,1.7,1.8,0.053,-2.8,0.6,-2.2,-0.1,2023
497,Klay Thompson,33,GSW,SF,77,63,29.7,6.4,14.7,0.432,3.5,9,0.387,2.9,5.7,0.503,0.551,1.6,1.8,0.927,0.5,2.8,3.3,2.3,0.6,0.5,1.5,1.6,17.9,,2284,13.9,0.576,0.611,0.121,1.7,10.2,6,11.2,1.1,1.4,8.9,24.2,1.8,1.7,3.6,0.075,1.1,-1.5,-0.4,0.9,2023
498,Tristan Thompson,32,CLE,C,49,0,11.2,1.5,2.4,0.608,0,0,0,1.5,2.4,0.613,0.608,0.3,1.1,0.288,1.5,2.1,3.6,1,0.2,0.3,0.6,1.2,3.3,,549,13.9,0.563,0.008,0.433,15.1,20.4,17.8,12.7,1.1,2.3,16.9,13.8,0.6,0.8,1.4,0.119,-2.1,0.6,-1.4,0.1,2023
499,JT Thor,21,CHO,PF,63,3,12.4,1.3,2.9,0.437,0.4,1.3,0.346,0.8,1.6,0.51,0.514,0.2,0.3,0.55,0.7,1.6,2.3,0.5,0.2,0.4,0.2,1,3.2,,781,9.1,0.519,0.443,0.109,6,15.3,10.5,5.1,0.7,3.2,7.3,11.7,0.2,0.3,0.6,0.034,-3.5,-1.1,-4.5,-0.5,2023
500,Matisse Thybulle,26,POR,SF,65,19,22.9,1.9,4.9,0.397,1.2,3.6,0.346,0.7,1.3,0.535,0.524,0.3,0.4,0.759,0.5,1.6,2.1,1.4,1.7,0.8,0.6,1.4,5.4,,1487,10.4,0.537,0.729,0.091,2.1,8.5,5.1,8.3,3.8,3,10.8,10.6,0.4,1.8,2.2,0.072,-2.8,3.4,0.6,0.9,2023
501,Xavier Tillman Sr.,25,2TM,PF,54,15,18,2.2,5.2,0.434,0.4,1.5,0.247,1.9,3.7,0.51,0.47,0.4,0.9,0.44,1.3,2.6,3.9,1.4,0.9,0.8,0.6,1.4,5.3,,974,12.2,0.472,0.29,0.179,7.7,16.1,11.8,11.3,2.6,4.2,10.1,14.8,-0.1,1.6,1.4,0.071,-3.1,1.9,-1.2,0.2,2023
502,Jacob Toppin,23,NYK,SF,9,0,4.2,0.6,1,0.556,0.1,0.4,0.25,0.4,0.6,0.8,0.611,0.2,0.2,1,0.3,0.4,0.8,0.3,0,0.1,0.1,0.3,1.4,,38,14.3,0.658,0.444,0.222,8.8,11.9,10.3,10.9,0,2.5,9.2,12.4,0.1,0,0.1,0.161,0.6,-1.3,-0.7,0,2023
503,Obi Toppin,25,IND,PF,82,28,21.1,4,7.1,0.573,1.2,3.1,0.403,2.8,4,0.706,0.661,0.9,1.2,0.77,1,2.9,3.9,1.6,0.6,0.5,0.8,1.7,10.3,,1730,16.5,0.677,0.437,0.173,5.6,15.4,10.5,9.4,1.3,2,10,16.8,3.6,1.1,4.8,0.132,1.8,-0.3,1.5,1.5,2023
504,Juan Toscano-Anderson,30,SAC,SF,11,0,4.8,0.3,1.1,0.25,0.1,0.4,0.25,0.2,0.7,0.25,0.292,0,0,,0.4,0.9,1.3,0.4,0.1,0.1,0.2,1,0.6,,53,2.5,0.292,0.333,0,8.3,21.6,14.8,9,0.9,1.7,14.3,11.3,-0.1,0.1,0,-0.024,-8.7,-0.6,-9.4,-0.1,2023
505,Karl-Anthony Towns,28,MIN,PF,62,62,32.7,7.7,15.3,0.504,2.2,5.3,0.416,5.5,10.1,0.55,0.575,4.1,4.7,0.873,1.5,6.8,8.3,3,0.7,0.7,2.9,3.3,21.8,AS,2026,18.8,0.625,0.344,0.307,5.5,22.6,14.4,15.1,1,1.8,14.1,27.4,2.6,3.6,6.3,0.148,1.6,0.9,2.5,2.3,2023
506,Gary Trent Jr.,25,TOR,SG,71,41,28.1,5.1,11.9,0.426,2.5,6.4,0.393,2.6,5.5,0.464,0.531,1,1.4,0.771,0.4,2.3,2.6,1.7,1.1,0.1,0.7,1.4,13.7,,1994,12,0.548,0.535,0.113,1.4,9.2,5.2,8.6,1.9,0.4,5,20,0.8,0.9,1.7,0.04,-1.2,-1.4,-2.6,-0.3,2023
507,Oscar Tshiebwe,24,IND,PF,8,0,5.3,1.3,2.5,0.5,0,0,,1.3,2.5,0.5,0.5,0.8,1,0.75,1,1,2,0.3,0.3,0.1,0,0.4,3.3,,42,24.8,0.553,0,0.4,21.6,21.6,21.6,6.4,2.2,1.9,0,23.5,0.1,0,0.2,0.221,4.5,-2.3,2.2,0,2023
508,P.J. Tucker,38,2TM,PF,31,10,15.7,0.6,1.6,0.36,0.4,1.1,0.371,0.2,0.5,0.333,0.49,0.1,0.1,1,0.9,1.8,2.7,0.5,0.5,0.2,0.3,1.7,1.7,,486,5.9,0.507,0.7,0.06,6.7,12.9,9.8,3.9,1.6,1.3,13.5,5.3,0.2,0.5,0.7,0.068,-4,0.4,-3.6,-0.2,2023
509,Myles Turner,27,IND,C,77,77,27,6.2,11.8,0.524,1.5,4.2,0.358,4.7,7.6,0.615,0.587,3.2,4.1,0.773,1.5,5.5,6.9,1.3,0.5,1.9,1.4,3,17.1,,2076,19.3,0.626,0.356,0.349,6.2,22.9,14.5,6.4,0.9,5.5,9.4,23.4,3.6,2.2,5.8,0.134,1,-0.1,0.9,1.5,2023
510,Hunter Tyson,23,DEN,PF,18,0,2.7,0.4,1.1,0.4,0.2,0.8,0.286,0.2,0.3,0.667,0.5,0,0,,0.1,0.4,0.5,0.1,0.1,0,0.1,0.6,1.1,,48,6,0.5,0.7,0,2.4,18,10.4,5.6,1,0,9.1,20,0,0.1,0,0.007,-6.8,-2.1,-8.9,-0.1,2023
511,Stanley Umude,24,DET,SG,24,2,12.8,1.5,3.5,0.44,1,2.2,0.453,0.5,1.3,0.419,0.583,1.2,1.3,0.906,0.3,1.8,2.1,0.5,0.3,0.3,0.6,1.7,5.3,,307,11.4,0.647,0.631,0.381,2.9,15.9,9.3,4.9,1.3,2,12.5,15.6,0.3,0.2,0.5,0.085,-1.5,-0.1,-1.6,0,2023
512,Jonas Valančiūnas,31,NOP,C,82,82,23.5,4.9,8.8,0.559,0.5,1.5,0.308,4.5,7.3,0.609,0.585,2,2.5,0.785,2.3,6.5,8.8,2.1,0.4,0.8,1.4,2.7,12.2,,1925,19.8,0.619,0.167,0.285,10.9,30.6,20.9,13.3,0.8,3.5,12.1,20.8,3.9,3.1,7.1,0.177,0.7,0.5,1.2,1.6,2023
513,Jarred Vanderbilt,24,LAL,PF,29,6,20,2,3.9,0.518,0.3,0.9,0.296,1.8,3,0.586,0.553,0.8,1.2,0.667,1.4,3.3,4.8,1.2,1.2,0.2,1,1.5,5.2,,581,11.6,0.578,0.237,0.316,8.3,17.7,13.2,7.7,2.9,0.7,17.7,11.7,0.3,0.8,1.1,0.089,-2.9,1.3,-1.6,0,2023
514,Fred VanVleet,29,HOU,PG,73,73,36.8,5.8,13.9,0.416,3.1,8,0.387,2.7,5.9,0.454,0.527,2.7,3.1,0.86,0.5,3.4,3.8,8.1,1.4,0.8,1.7,2.5,17.4,,2684,16.7,0.568,0.576,0.225,1.3,9.9,5.6,31.1,1.8,2,10.1,19.7,5.3,3.1,8.4,0.15,2.6,0.8,3.4,3.6,2023
515,Devin Vassell,23,SAS,SG,68,62,33.1,7.3,15.5,0.472,2.4,6.6,0.372,4.9,9,0.544,0.55,2.4,3,0.801,0.4,3.4,3.8,4.1,1.1,0.3,1.6,1.1,19.5,,2248,15.7,0.578,0.422,0.19,1.3,11.3,6.3,19.1,1.5,0.8,8.6,23.5,2,1.6,3.6,0.077,0.9,-0.9,0,1.1,2023
516,Sasha Vezenkov,28,SAC,PF,42,0,12.2,2,4.5,0.44,1.1,2.9,0.375,0.9,1.7,0.549,0.558,0.3,0.4,0.8,0.7,1.6,2.3,0.5,0.5,0.2,0.3,1,5.4,,511,13.3,0.569,0.628,0.079,6.4,14.8,10.5,5.1,1.9,1.3,5.7,17.5,0.5,0.5,1,0.098,-0.2,-0.7,-0.9,0.1,2023
517,Gabe Vincent,27,LAL,PG,11,0,19.8,1.4,4.5,0.306,0.3,2.5,0.107,1.1,1.9,0.571,0.337,0.1,0.2,0.5,0.4,0.5,0.8,1.9,0.8,0,0.5,1.7,3.1,,218,3.1,0.341,0.571,0.041,2.1,2.4,2.3,11.6,2,0,9.1,10.9,-0.3,0.1,-0.1,-0.033,-6.9,0.4,-6.5,-0.2,2023
518,Nikola Vučević,33,CHI,C,76,74,34.3,7.7,15.9,0.484,1.2,4.1,0.294,6.5,11.8,0.55,0.522,1.4,1.7,0.822,2.8,7.8,10.5,3.3,0.7,0.8,1.6,2.5,18,,2610,17.7,0.54,0.258,0.107,8.8,25.8,17.1,15.2,1,2.4,8.6,23.3,2.7,2.8,5.4,0.1,0.8,-0.7,0.1,1.4,2023
519,Tristan Vukcevic,20,WAS,C,10,4,15.3,2.9,6.7,0.433,1,3.6,0.278,1.9,3.1,0.613,0.507,1.7,2.2,0.773,0.6,3,3.6,1.3,0.5,0.7,1,2.8,8.5,,153,13.9,0.554,0.537,0.328,4.1,21.5,12.6,12.1,1.5,3.7,11.5,23.9,0,0.1,0.1,0.045,-3.5,-0.1,-3.6,-0.1,2023
520,Dean Wade,27,CLE,PF,54,32,20.5,1.8,4.3,0.414,1.5,3.7,0.391,0.3,0.6,0.567,0.584,0.4,0.5,0.769,0.7,3.4,4,0.8,0.7,0.5,0.4,1.7,5.4,,1108,10.2,0.598,0.871,0.112,3.8,18.2,11.1,5,1.8,2,7.6,10.5,0.9,1.6,2.5,0.11,-1.7,1.8,0.1,0.6,2023
521,Franz Wagner,22,ORL,SF,72,72,32.5,7.3,15.2,0.482,1.3,4.6,0.281,6,10.6,0.57,0.525,3.8,4.4,0.85,1,4.3,5.3,3.7,1.1,0.4,1.9,2.3,19.7,,2337,17.6,0.575,0.305,0.291,3.6,15.7,9.6,18.8,1.6,1.1,10,25.7,3.1,3.2,6.4,0.131,0.9,0.3,1.2,1.9,2023
522,Moritz Wagner,26,ORL,C,80,1,17.7,4.2,6.9,0.601,0.5,1.4,0.33,3.7,5.5,0.673,0.636,2.1,2.6,0.814,1.5,2.9,4.3,1.2,0.5,0.3,1.2,2,10.9,,1415,20.6,0.676,0.208,0.37,9.6,19.3,14.4,11.2,1.4,1.4,13.1,22.8,3.5,2,5.6,0.188,1.7,0.3,2,1.4,2023
523,Ish Wainright,29,2TM,SF,11,0,5.6,0.6,2.2,0.292,0.6,1.8,0.35,0,0.4,0,0.438,0.2,0.2,1,0.3,1,1.3,0.1,0.4,0.1,0.2,0.7,2.1,,62,8.9,0.462,0.833,0.083,5.8,20.8,12.7,2,3.2,1.5,7.4,18.5,0,0.1,0,0.029,-2.9,0.5,-2.4,0,2023
524,Jabari Walker,21,POR,PF,72,23,23.6,3.3,7.1,0.46,0.6,1.9,0.295,2.7,5.1,0.522,0.5,1.8,2.4,0.754,2.1,5,7.1,1,0.6,0.3,0.9,2.4,8.9,,1700,13,0.546,0.273,0.336,9.4,25,16.7,6.2,1.2,1.2,10.2,16.3,1.4,1.6,2.9,0.083,-2.4,-0.9,-3.3,-0.6,2023
525,Jarace Walker,20,IND,PF,33,0,10.3,1.4,3.3,0.409,0.7,1.7,0.4,0.7,1.7,0.418,0.509,0.2,0.3,0.889,0.4,1.5,1.9,1.2,0.5,0.3,0.5,0.9,3.6,,340,11.8,0.527,0.5,0.082,4,17,10.5,13.9,2.1,2.6,13,16.1,0.1,0.3,0.4,0.058,-0.5,0.7,0.2,0.2,2023
526,Lonnie Walker IV,25,BRK,SG,58,0,17.4,3.6,8.5,0.423,1.8,4.7,0.384,1.8,3.8,0.471,0.528,0.8,1,0.763,0.2,2,2.2,1.3,0.6,0.3,0.9,1.2,9.7,,1011,13.1,0.545,0.551,0.12,1.4,12.7,6.9,11.5,1.6,1.8,9,24.4,-0.1,0.9,0.8,0.038,-0.4,-1,-1.4,0.2,2023
527,Cason Wallace,20,OKC,SG,82,13,20.6,2.6,5.4,0.491,1.2,2.9,0.419,1.5,2.5,0.572,0.602,0.4,0.5,0.784,0.6,1.6,2.3,1.5,0.9,0.5,0.5,1.6,6.8,,1692,12,0.612,0.529,0.084,3.6,8.6,6.2,8.9,2.2,2,8.9,12.9,1.9,2.1,4,0.115,-0.9,1,0.1,0.9,2023
528,Jordan Walsh,19,BOS,SF,9,1,9.2,0.7,1.7,0.4,0.2,1,0.222,0.4,0.7,0.667,0.467,0.1,0.2,0.5,0.6,1.7,2.2,0.6,0.6,0.1,0.3,1.2,1.7,,83,8.4,0.472,0.6,0.133,6.8,18.7,13,7.2,3,1.1,15.9,9.9,0,0.2,0.2,0.089,-5.6,1.8,-3.8,0,2023
529,T.J. Warren,30,MIN,SF,11,0,11.4,1.6,3.7,0.439,0.2,1.2,0.154,1.5,2.5,0.571,0.463,0.3,0.4,0.75,0.5,1.5,2,0.8,0.4,0.1,0.4,1,3.7,,125,9.2,0.479,0.317,0.098,4.8,14.8,10,10.1,1.6,0.7,8.6,16.5,0,0.2,0.2,0.06,-5,0.5,-4.5,-0.1,2023
530,P.J. Washington,25,2TM,PF,73,45,30.4,4.8,11.1,0.436,1.8,5.7,0.32,3,5.5,0.558,0.518,1.4,2,0.683,1.2,4.5,5.6,1.9,1,0.8,1.3,2.3,12.9,,2221,12.2,0.537,0.509,0.179,4.2,16.5,10.3,9.3,1.6,2.4,9.9,19.1,0,1.9,1.9,0.04,-1.7,-0.4,-2.1,-0.1,2023
531,TyTy Washington Jr.,22,MIL,PG,11,0,5.1,0.5,1.8,0.3,0.2,0.5,0.333,0.4,1.3,0.286,0.35,0,0,,0.1,0.4,0.5,0.5,0.3,0,0.2,0.1,1.3,,56,4.6,0.35,0.3,0,2,7.7,4.9,11.4,2.6,0,9.1,17,-0.1,0.1,-0.1,-0.072,-7.1,-1,-8.2,-0.1,2023
532,Yuta Watanabe,29,2TM,SF,34,0,13.6,1.2,3.4,0.353,0.7,2.5,0.294,0.5,0.9,0.516,0.461,0.3,0.5,0.588,0.3,1.3,1.6,0.4,0.4,0.2,0.6,1.1,3.4,,464,4.7,0.474,0.733,0.147,2.8,10.1,6.5,4.2,1.3,1.3,13.3,13.3,-0.5,0.4,-0.1,-0.009,-5.3,-1.1,-6.4,-0.5,2023
533,Lindy Waters III,26,OKC,SG,38,0,7.4,1.3,2.7,0.471,1,2.2,0.435,0.3,0.5,0.632,0.649,0.1,0.1,1,0.2,0.9,1.1,0.6,0.1,0.2,0.2,0.6,3.6,,280,15.3,0.653,0.817,0.019,2.9,12.6,8,11.5,0.9,2.3,6.3,17.3,0.6,0.3,0.9,0.15,2.4,-0.5,1.9,0.3,2023
534,Trendon Watford,23,BRK,PF,63,2,13.6,2.6,4.9,0.527,0.4,1.1,0.397,2.2,3.9,0.564,0.571,1.2,1.5,0.794,0.8,2.3,3.1,1.3,0.4,0.3,1,1.7,6.9,,856,15.7,0.611,0.219,0.312,6.5,18.7,12.4,14.6,1.3,2,15.1,21.1,0.9,0.9,1.8,0.1,-0.9,0.4,-0.5,0.3,2023
535,Peyton Watson,21,DEN,SF,80,4,18.6,2.6,5.6,0.465,0.6,1.9,0.296,2,3.7,0.553,0.516,0.9,1.3,0.67,0.7,2.5,3.2,1.1,0.5,1.1,0.7,1.8,6.7,,1488,11.8,0.539,0.34,0.237,4.3,14.6,9.6,7.4,1.4,5,10.5,16.2,0.3,2.2,2.5,0.079,-3,0.8,-2.2,-0.1,2023
536,Victor Wembanyama,20,SAS,C,71,71,29.7,7.8,16.7,0.465,1.8,5.5,0.325,6,11.2,0.534,0.519,4.1,5.2,0.796,2.3,8.4,10.6,3.9,1.2,3.6,3.7,2.2,21.4,"ROY-1,DPOY-2,DEF1",2106,23.1,0.565,0.332,0.309,8.2,30.7,19.4,21.5,2,10,16.2,32.2,-0.7,4.4,3.7,0.085,1.9,3.3,5.2,3.8,2023
537,Blake Wesley,20,SAS,SG,61,3,14.4,1.7,3.5,0.474,0.2,0.9,0.218,1.5,2.6,0.563,0.502,0.9,1.3,0.667,0.3,1.2,1.5,2.7,0.5,0.1,0.9,1.5,4.4,,876,10.1,0.537,0.256,0.363,2.2,9.5,5.8,25.3,1.6,0.9,18.1,14.7,0.3,0.6,0.9,0.05,-4,0.1,-4,-0.4,2023
538,Russell Westbrook,35,LAC,PG,68,11,22.5,4.4,9.8,0.454,0.6,2.3,0.273,3.8,7.5,0.509,0.486,1.6,2.4,0.688,1.4,3.7,5,4.5,1.1,0.3,2.1,1.8,11.1,6MOY-7,1529,16.2,0.514,0.232,0.241,7.1,17.8,12.7,29.2,2.4,1.4,16.4,25.2,0.2,1.9,2.1,0.066,-0.2,0.7,0.5,1,2023
539,Coby White,23,CHI,PG,79,78,36.5,6.8,15.3,0.447,2.6,7,0.376,4.2,8.3,0.508,0.534,2.8,3.3,0.838,0.6,4,4.5,5.1,0.7,0.2,2.1,2.4,19.1,,2881,14.5,0.57,0.46,0.215,1.7,12.4,6.9,20.8,0.9,0.6,11.1,22.7,3.1,1.6,4.7,0.078,0.7,-1.3,-0.7,0.9,2023
540,Derrick White,29,BOS,SG,73,73,32.6,5.3,11.5,0.461,2.7,6.8,0.396,2.6,4.7,0.555,0.578,1.9,2.1,0.901,0.7,3.5,4.2,5.2,1,1.2,1.5,2.1,15.2,"DPOY-8,DEF2",2381,16.9,0.611,0.59,0.181,2.4,11.3,7,21.2,1.5,3.2,11,18.6,5.2,3.3,8.5,0.171,2.4,1.4,3.8,3.5,2023
541,Jack White,26,MEM,SF,4,0,16,0.5,4,0.125,0.5,2.5,0.2,0,1.5,0,0.188,0,0,,1,2,3,0.3,1,0.3,0.5,0.8,1.5,,64,1.1,0.188,0.625,0,6.6,14.2,10.3,2,3.1,1.5,11.1,12.1,-0.2,0.1,-0.1,-0.1,-9.1,-1.2,-10.3,-0.1,2023
542,Dariq Whitehead,19,BRK,SF,2,0,12,0.5,2.5,0.2,0,1.5,0,0.5,1,0.5,0.2,0.5,1,0.5,0,2,2,1.5,0,0.5,0,0,1.5,,24,4.9,0.255,0.6,0.4,0,18.8,9.1,15.6,0,3.8,0,10.6,0,0,0,-0.03,-5.5,-2.4,-7.9,0,2023
543,Cam Whitmore,19,HOU,SF,47,2,18.7,4.5,9.9,0.454,1.7,4.7,0.359,2.8,5.3,0.538,0.539,1.6,2.4,0.679,0.9,2.9,3.8,0.7,0.6,0.4,1,1.4,12.3,,880,16.6,0.561,0.471,0.24,5.3,16.7,11,6,1.7,1.8,8.2,27.1,0.4,1.1,1.5,0.082,1,-0.9,0.1,0.5,2023
544,Aaron Wiggins,25,OKC,SG,78,4,15.7,2.7,4.8,0.562,0.8,1.6,0.492,1.9,3.2,0.598,0.645,0.7,0.9,0.789,0.8,1.6,2.4,1.1,0.7,0.2,0.7,1.2,6.9,,1228,15.6,0.664,0.334,0.188,5.7,11,8.4,9.3,2.2,1.4,12.1,16.4,2.1,1.6,3.7,0.144,0.4,0.4,0.7,0.8,2023
545,Andrew Wiggins,28,GSW,SF,71,59,27,5,11,0.453,1.3,3.6,0.358,3.7,7.4,0.498,0.511,2,2.7,0.751,1.5,3,4.5,1.7,0.6,0.6,1.2,2.1,13.2,,1920,12.7,0.544,0.326,0.242,6.2,11.8,9,8.6,1.1,1.9,9.2,20.9,1.2,1.6,2.8,0.07,-1.4,-1.2,-2.5,-0.3,2023
546,Lindell Wigginton,25,MIL,PG,3,0,2.7,0.7,1.7,0.4,0,0.7,0,0.7,1,0.667,0.4,0.7,0.7,1,0,0,0,0,0,0,0.3,0.3,2,,8,5.6,0.51,0.4,0.4,0,0,0,0,0,0,14.5,37.1,0,0,0,-0.154,-14.6,-9.2,-23.9,0,2023
547,Alondes Williams,24,MIA,SG,7,0,2.3,0.3,1.1,0.25,0,0.6,0,0.3,0.6,0.5,0.25,0.1,0.1,1,0,0.1,0.1,0,0,0.1,0.3,0.3,0.7,,16,-7.9,0.296,0.5,0.125,0,7.1,3.5,0,0,6.1,19.2,29.1,-0.1,0,-0.1,-0.357,-17.8,-5.4,-23.2,-0.1,2023
548,Brandon Williams,24,DAL,PG,17,0,6.6,1.2,3.2,0.37,0.2,0.9,0.2,1,2.3,0.436,0.398,0.6,1,0.647,0.2,0.5,0.8,1,0.1,0.1,0.4,0.2,3.2,,113,9.3,0.439,0.278,0.315,3.9,8.7,6.3,20.9,0.4,0.8,10.2,26,-0.2,0.1,-0.1,-0.044,-2.7,-2.8,-5.5,-0.1,2023
549,Grant Williams,25,2TM,PF,76,43,28,3.6,8,0.456,1.7,4.4,0.375,2,3.5,0.558,0.56,1.4,1.8,0.757,1.1,3.1,4.2,2.3,0.6,0.5,1.4,3,10.3,,2130,10.6,0.588,0.555,0.231,4.4,12.2,8.3,11.3,1,1.6,14.1,15.9,1.3,1.3,2.6,0.059,-1.9,-0.7,-2.6,-0.3,2023
550,Jalen Williams,22,OKC,PF,71,71,31.3,7.5,14,0.54,1.5,3.4,0.427,6.1,10.6,0.576,0.592,2.5,3.1,0.814,0.5,3.5,4,4.5,1.1,0.6,1.7,2.5,19.1,CPOY-12,2223,19.1,0.621,0.243,0.223,1.9,11.8,7.1,21.3,1.7,1.9,10.1,23.7,4.5,2.7,7.3,0.157,2,0.3,2.3,2.4,2023
551,Jaylin Williams,21,OKC,C,69,1,13,1.4,3.3,0.417,0.8,2.1,0.368,0.6,1.2,0.5,0.533,0.5,0.6,0.805,0.5,2.9,3.4,1.6,0.4,0.4,0.5,1.4,4,,897,12.7,0.561,0.632,0.18,4.7,23.7,14.5,15,1.5,2.8,12.1,13.5,1,1.5,2.4,0.13,-0.8,1.9,1.1,0.7,2023
552,Kenrich Williams,29,OKC,PF,69,1,14.9,1.9,4.1,0.468,0.8,2,0.397,1.1,2,0.54,0.568,0.1,0.2,0.5,0.9,2.1,3,1.3,0.6,0.1,0.5,1.5,4.7,,1029,11.9,0.568,0.504,0.05,6.9,15.4,11.3,11.4,1.8,0.8,10.1,13.4,1.1,1.3,2.5,0.115,-1.1,0.3,-0.8,0.3,2023
553,Malik Williams,25,TOR,C,7,2,15.3,1.3,4.9,0.265,0.1,0.7,0.2,1.1,4.1,0.276,0.279,0,0.3,0,2.1,3.3,5.4,0.3,0.4,0.6,0.4,2.1,2.7,,107,4.9,0.272,0.147,0.059,15.1,24.1,19.5,2.4,1.4,3.3,7.9,15.1,-0.3,0.1,-0.2,-0.069,-7.8,-3.7,-11.5,-0.3,2023
554,Mark Williams,22,CHO,C,19,19,26.7,5.2,7.9,0.649,0,0,,5.2,7.9,0.649,0.649,2.4,3.4,0.719,4,5.7,9.7,1.2,0.8,1.1,0.9,2.6,12.7,,508,22.5,0.675,0,0.424,16.3,24.6,20.4,6.8,1.6,3.7,8.7,17.1,1.6,0.5,2.1,0.198,1.6,-0.8,0.8,0.3,2023
555,Nate Williams,24,HOU,SG,22,0,5.9,1.2,2.3,0.54,0.1,0.2,0.4,1.1,2,0.556,0.56,0.3,0.6,0.538,0.5,0.5,1,0.3,0.2,0,0.2,0.5,2.9,,129,15.6,0.565,0.1,0.26,9.9,9.2,9.6,8.3,1.5,0.7,6.7,19.7,0.2,0.1,0.3,0.11,-0.8,-0.8,-1.6,0,2023
556,Patrick Williams,22,CHI,PF,43,30,27.3,3.7,8.3,0.443,1.4,3.4,0.399,2.3,4.9,0.474,0.525,1.2,1.5,0.788,1.1,2.8,3.9,1.5,0.9,0.8,1.3,2,10,,1174,11,0.553,0.412,0.184,4.3,11.7,7.9,7.7,1.7,2.9,12.8,16.6,0.1,1,1.2,0.048,-2.1,-0.1,-2.3,-0.1,2023
557,Robert Williams,26,POR,C,6,0,19.8,2.8,4.3,0.654,0,0,,2.8,4.3,0.654,0.654,1.2,1.5,0.778,1.8,4.5,6.3,0.8,1.2,1.2,1.2,2.8,6.8,,119,17.2,0.684,0,0.346,9.8,27,17.9,6.3,2.9,5.3,18.9,13.2,0.2,0.2,0.4,0.144,-2.2,2.9,0.7,0.1,2023
558,Vince Williams Jr.,23,MEM,SG,52,33,27.6,3.3,7.3,0.446,1.5,4,0.378,1.7,3.3,0.529,0.55,2,2.5,0.8,1.1,4.4,5.6,3.4,0.9,0.7,1.8,2.6,10,,1436,12.8,0.597,0.551,0.343,4.3,18.3,11,18,1.6,2.2,17.4,15.8,1.1,1.7,2.8,0.093,-1.7,1,-0.7,0.5,2023
559,Ziaire Williams,22,MEM,SF,51,15,20.4,2.9,7.4,0.397,1.1,3.7,0.307,1.8,3.7,0.487,0.474,1.2,1.5,0.827,0.7,2.8,3.5,1.5,0.7,0.2,1.3,1.7,8.2,,1038,9.3,0.511,0.5,0.198,3.5,15.9,9.5,11.1,1.7,0.8,13.8,19.7,-0.9,1.1,0.2,0.01,-4,-0.4,-4.5,-0.6,2023
560,Zion Williamson,23,NOP,PF,70,70,31.5,8.9,15.6,0.57,0.1,0.3,0.333,8.8,15.4,0.574,0.573,5,7.1,0.702,1.7,4.1,5.8,5,1.1,0.7,2.8,2.3,22.9,,2207,22.8,0.61,0.016,0.452,6.2,14.2,10.2,26.5,1.7,2.1,12.8,29.7,4.7,2.8,7.5,0.164,3.3,0.6,3.8,3.3,2023
561,D.J. Wilson,27,PHI,PF,2,0,7.5,2,3,0.667,1,1,1,1,2,0.5,0.833,0,0,,0.5,0.5,1,1,0,1,0,0.5,5,,15,31.6,0.833,0.333,0,7.2,7.5,7.4,22.5,0,12.2,0,17.3,0.1,0,0.1,0.355,15.5,7,22.4,0.1,2023
562,Jalen Wilson,23,BRK,PF,43,3,15.4,1.8,4.2,0.425,0.6,1.7,0.324,1.2,2.4,0.495,0.492,0.9,1.1,0.826,1.1,2,3,1,0.3,0.1,0.4,1.1,5,,664,10.8,0.537,0.413,0.257,7.5,14.2,10.8,9.3,0.8,0.5,8.7,14.3,0.6,0.4,1.1,0.077,-1.8,-1.1,-2.9,-0.2,2023
563,Dylan Windler,27,3TM,SF,17,0,6.4,0.9,1.8,0.5,0.8,1.6,0.481,0.1,0.2,0.667,0.717,0,0,,0.2,0.8,0.9,0.6,0.1,0,0.1,0.4,2.5,,108,14.2,0.717,0.9,0,2.9,13.4,8.1,12.3,0.9,0,6.3,12.5,0.3,0,0.3,0.14,1.7,-1,0.7,0.1,2023
564,James Wiseman,22,DET,C,63,6,17.3,3,4.8,0.613,0,0,0,3,4.8,0.617,0.613,1.1,1.6,0.706,1.7,3.6,5.3,0.9,0.2,0.6,1,2.2,7.1,,1091,14.8,0.637,0.007,0.334,11,23.5,17.2,7.3,0.5,3.1,15.9,16.3,1.3,0.8,2.1,0.094,-2.6,-0.9,-3.5,-0.4,2023
565,Isaiah Wong,23,IND,SG,1,0,4,1,3,0.333,0,1,0,1,2,0.5,0.333,0,0,,0,0,0,0,0,0,0,0,2,,4,-1.1,0.333,0.333,0,0,0,0,0,0,0,0,31.4,0,0,0,-0.277,-11.3,-7.7,-19,0,2023
566,Christian Wood,28,LAL,PF,50,1,17.4,2.5,5.3,0.466,0.7,2.3,0.307,1.8,3,0.587,0.532,1.3,1.9,0.702,0.8,4.3,5.1,1,0.3,0.7,1,1.4,6.9,,872,12.3,0.568,0.432,0.356,5.2,26.1,16.2,7.4,0.9,3.3,14.1,17.6,0,1.1,1.2,0.064,-2.6,-0.2,-2.8,-0.2,2023
567,Delon Wright,31,2TM,PG,47,1,15.8,1.6,4,0.394,0.5,1.4,0.368,1,2.6,0.408,0.46,0.8,1,0.822,0.4,1.4,1.8,2.5,1.1,0.2,0.3,0.7,4.5,,742,13.6,0.505,0.362,0.239,2.7,10,6.3,20.8,3.5,1.3,6.3,12.8,0.8,0.9,1.7,0.109,-2,2.5,0.4,0.5,2023
568,Thaddeus Young,35,2TM,PF,33,6,13.3,2,3.3,0.602,0,0.2,0.143,1.9,3.1,0.634,0.606,0.2,0.5,0.4,1.4,1.7,3.1,1.7,0.7,0.2,0.5,1.5,4.2,,439,15.9,0.598,0.065,0.139,11.7,14.5,13,17.9,2.5,1,11.6,12.6,0.9,0.4,1.3,0.138,-0.5,0.8,0.3,0.2,2023
569,Trae Young,25,ATL,PG,54,54,36,8,18.7,0.43,3.2,8.7,0.373,4.8,10,0.479,0.516,6.4,7.5,0.855,0.4,2.3,2.8,10.8,1.3,0.2,4.4,2,25.7,AS,1942,20.3,0.585,0.465,0.404,1.2,7.3,4.2,45.1,1.8,0.5,16.5,30.5,4,0.6,4.6,0.114,4.9,-2.3,2.6,2.2,2023
570,Omer Yurtseven,25,UTA,C,48,12,11.4,2.1,3.8,0.538,0.1,0.5,0.208,2,3.3,0.588,0.552,0.4,0.6,0.679,1.5,2.8,4.3,0.6,0.2,0.4,0.8,1.1,4.6,,545,15,0.565,0.13,0.152,14.7,27.3,21,7.7,0.7,2.9,15.9,17.9,0.3,0.4,0.7,0.062,-1.6,-1.5,-3,-0.1,2023
571,Cody Zeller,31,NOP,C,43,0,7.4,0.6,1.4,0.419,0,0.1,0.333,0.6,1.4,0.424,0.427,0.5,0.9,0.605,1.1,1.5,2.6,0.9,0.2,0.1,0.4,1,1.8,,320,12.8,0.483,0.048,0.613,16.9,22,19.5,15.2,1.4,1.5,16.9,12.9,0.4,0.4,0.8,0.124,-2.9,0.3,-2.6,0,2023
572,Ivica Zubac,26,LAC,C,68,68,26.4,5,7.6,0.649,0,0,,5,7.6,0.649,0.649,1.8,2.4,0.723,2.9,6.3,9.2,1.4,0.3,1.2,1.2,2.6,11.7,,1794,19.3,0.671,0,0.32,12.8,26.2,19.7,7.5,0.6,4.2,11.8,16.4,4.5,2.3,6.8,0.182,0.8,0,0.8,1.3,2023
