Rk,Player,Age,Team,Pos,G,GS,MPAVG,FG,FGA,FG%,3P,3PA,3P%,2P,2PA,2P%,eFG%,FT,FTA,FT%,ORB,DRB,TRB,AST,STL,BLK,TOV,PF,PTS,Awards,MPTotal,PER,TS%,3PAr,FTr,ORB%,DRB%,TRB%,AST%,STL%,BLK%,TOV%,USG%,OWS,DWS,WS,WS/48,OBPM,DBPM,BPM,VORP,SEASON
1,Quincy Acy,25,SAC,PF,59,29,14.8,2,3.6,0.556,0.3,0.8,0.388,1.7,2.8,0.606,0.6,0.8,1.2,0.735,1.1,2.1,3.2,0.5,0.5,0.4,0.5,1.7,5.2,,876,14.7,0.629,0.229,0.318,8.1,15.1,11.6,4.4,1.6,2.2,10,13.1,1.8,0.7,2.5,0.137,-0.2,0.2,-0.1,0.4,2015
2,Jordan Adams,21,MEM,SG,2,0,7.5,1,3,0.333,0,0.5,0,1,2.5,0.4,0.333,1.5,2.5,0.6,0,1,1,1.5,1.5,0,1,1,3.5,,15,17.3,0.427,0.167,0.833,0,15.9,7.6,31.9,10.3,0,19.6,30.5,0,0,0,0.015,-2.5,9.4,6.9,0,2015
3,Steven Adams,22,OKC,C,80,80,25.2,3.3,5.3,0.613,0,0,,3.3,5.3,0.613,0.613,1.4,2.5,0.582,2.7,3.9,6.7,0.8,0.5,1.1,1.1,2.8,8,,2014,15.5,0.621,0,0.46,12.5,16.1,14.4,4.3,1,3.3,14.1,12.6,4.2,2.3,6.5,0.155,0,0.2,0.2,1.1,2015
4,Arron Afflalo,30,NYK,SG,71,57,33.4,5,11.3,0.443,1.3,3.4,0.382,3.7,7.9,0.469,0.5,1.5,1.8,0.84,0.3,3.4,3.7,2,0.4,0.1,1.2,2,12.8,,2371,10.9,0.531,0.298,0.164,1.1,11,6.1,9.9,0.5,0.3,8.7,17.9,1.8,0.9,2.7,0.055,-1.3,-1.6,-2.9,-0.5,2015
5,Alexis Ajinça,27,NOP,C,59,17,14.6,2.5,5.3,0.476,0,0,0,2.5,5.3,0.478,0.476,0.9,1.1,0.839,1.3,3.3,4.6,0.5,0.3,0.6,0.9,2.3,6,,861,13.8,0.514,0.003,0.197,9.3,25.9,17.3,5.8,1.1,3.4,13.6,20.4,0.2,0.9,1,0.058,-3.4,-0.6,-4,-0.4,2015
6,Cole Aldrich,27,LAC,C,60,5,13.3,2.2,3.8,0.596,0,0,,2.2,3.8,0.596,0.596,1,1.4,0.714,1.4,3.4,4.8,0.8,0.8,1.1,1.1,2.3,5.5,,800,21.3,0.626,0,0.373,11.9,27.1,19.6,10,2.9,6.7,19.6,18.4,1.4,2,3.5,0.209,-0.9,3.4,2.4,0.9,2015
7,LaMarcus Aldridge,30,SAS,PF,74,74,30.6,7.2,14.1,0.513,0,0.2,0,7.2,13.9,0.521,0.513,3.5,4.1,0.858,2.4,6.2,8.5,1.5,0.5,1.1,1.3,2,18,"AS,NBA3",2261,22.4,0.565,0.015,0.289,9.2,22.2,15.9,8.1,0.9,2.8,7.8,25.9,5.6,4.5,10.1,0.215,2,0.3,2.3,2.5,2015
8,Cliff Alexander,20,POR,PF,8,0,4.5,0.6,1.3,0.5,0,0,,0.6,1.3,0.5,0.5,0,0,,0.3,0.5,0.8,0,0.1,0.3,0.1,0.1,1.3,,36,11.6,0.5,0,0,6,12.1,9,0,1.4,4.4,9.1,13.3,0,0,0,0.052,-0.5,0.5,0,0,2015
9,Lavoy Allen,26,IND,PF,79,28,20.2,2.4,4.7,0.516,0,0,,2.4,4.7,0.516,0.516,0.6,0.9,0.63,2.1,3.3,5.4,1,0.3,0.5,0.9,1.9,5.4,,1599,12.4,0.532,0,0.197,11.1,17.8,14.5,7.1,0.8,2.1,14.6,13,1.6,2.1,3.7,0.11,-1.7,0.1,-1.6,0.2,2015
10,Tony Allen,34,MEM,SG,64,57,25.3,3.4,7.3,0.458,0.2,0.7,0.357,3.1,6.7,0.468,0.474,1.4,2.2,0.652,1.6,3,4.6,1.1,1.7,0.3,1.2,2.7,8.4,"DPOY-8,DEF2",1620,12.9,0.505,0.09,0.294,7,14.1,10.4,6.9,3.5,1,12.8,16.8,0.5,1.9,2.4,0.072,-2.2,1.2,-1,0.4,2015
11,Al-Farouq Aminu,25,POR,SF,82,82,28.5,3.6,8.8,0.416,1.5,4.3,0.361,2.1,4.5,0.468,0.503,1.4,1.9,0.737,1.2,4.9,6.1,1.7,0.9,0.6,1.5,2.1,10.2,,2341,12.7,0.533,0.485,0.217,4.5,18.6,11.5,8.8,1.5,1.8,13.2,16.9,1.7,2.3,4,0.082,-0.2,0.2,0.1,1.2,2015
12,Lou Amundson,33,NYK,PF,29,0,7,0.7,1.8,0.358,0,0,,0.7,1.8,0.358,0.358,0.5,0.9,0.519,0.8,0.9,1.7,0.4,0.2,0.2,0.5,1.5,1.8,,204,6.7,0.401,0,0.509,12.5,13.7,13.1,8.8,1.5,2.6,18.8,17.7,-0.3,0.2,-0.1,-0.014,-6.7,-0.2,-6.9,-0.3,2015
13,Chris Andersen,37,2TM,C,27,15,14.9,1.4,2.7,0.528,0.1,0.5,0.286,1.3,2.1,0.586,0.556,0.9,1.3,0.694,1.3,2.3,3.6,0.4,0.6,0.5,0.3,1.1,3.9,,402,15.3,0.598,0.194,0.5,9.9,18.2,13.9,4.4,1.9,2.9,9.3,10.8,0.8,0.4,1.3,0.149,0.7,0,0.7,0.3,2015
14,Alan Anderson,33,WAS,SG,13,0,14.8,1.6,4.5,0.356,0.9,2.8,0.324,0.7,1.7,0.409,0.458,0.8,1.2,0.733,0.1,2,2.1,1.1,0.3,0.1,0.2,1.9,5,,192,9.2,0.495,0.627,0.254,0.6,15.5,7.9,10.3,1,0.4,3,15.4,0.2,0.2,0.3,0.078,-2.4,0.1,-2.3,0,2015
15,James Anderson,26,SAC,SG,51,15,14.1,1.3,3.5,0.376,0.5,1.7,0.267,0.9,1.8,0.478,0.441,0.4,0.6,0.759,0.3,1.4,1.7,0.8,0.4,0.3,0.8,1.1,3.5,,721,6,0.469,0.483,0.163,2,10.9,6.5,7.7,1.4,1.6,18,13.7,-0.6,0.4,-0.3,-0.017,-3.9,-0.6,-4.5,-0.5,2015
16,Justin Anderson,22,DAL,SF,55,9,11.8,1.3,3.2,0.406,0.4,1.5,0.265,0.9,1.7,0.533,0.469,0.8,1,0.8,0.3,2.1,2.4,0.5,0.3,0.5,0.4,0.8,3.8,,647,12.3,0.522,0.474,0.314,3.1,19.3,11.2,6.8,1.5,3.2,10.8,15.8,0.3,0.8,1.1,0.083,-1.1,1.4,0.3,0.4,2015
17,Kyle Anderson,22,SAS,SF,78,11,16,1.8,3.8,0.468,0.2,0.5,0.324,1.6,3.3,0.488,0.488,0.8,1.1,0.747,0.3,2.8,3.1,1.6,0.8,0.4,0.8,1.2,4.5,,1245,12.9,0.528,0.125,0.281,2.4,19.4,11.2,13.7,2.5,1.8,15.1,14.4,0.7,2.8,3.5,0.133,-1.7,3.1,1.4,1.1,2015
18,Ryan Anderson,27,NOP,PF,66,7,30.4,6,14.1,0.427,2,5.4,0.366,4,8.7,0.466,0.498,3,3.5,0.873,2,4,6,1.1,0.6,0.4,1.4,1.7,17,6MOY-6,2008,17.2,0.546,0.385,0.245,7,15.2,10.9,6.1,0.9,1,8,24.7,3.1,0.8,3.9,0.092,2.2,-2.4,-0.2,0.9,2015
19,Giannis Antetokounmpo,21,MIL,PG,80,79,35.3,6.4,12.7,0.506,0.4,1.4,0.257,6.1,11.3,0.537,0.52,3.7,5.1,0.724,1.4,6.2,7.7,4.3,1.2,1.4,2.6,3.2,16.9,,2823,18.8,0.566,0.108,0.404,4.6,20,12.4,20,1.7,3.4,14.8,22.3,4.2,2.9,7.1,0.121,1.3,0.7,2.1,2.9,2015
20,Thanasis Antetokounmpo,23,NYK,SF,2,0,3,1.5,2,0.75,0,0.5,0,1.5,1.5,1,0.75,0,0,,0,0.5,0.5,0,0,0,0,1,3,,6,32.9,0.75,0.25,0,0,17.9,9.1,0,0,0,0,30.2,0,0,0,0.291,3.7,2.2,5.9,0,2015
21,Carmelo Anthony,31,NYK,SF,72,72,35.1,7.9,18.2,0.434,1.5,4.3,0.339,6.4,13.8,0.463,0.474,4.6,5.6,0.829,1.4,6.4,7.7,4.2,0.9,0.5,2.4,2.5,21.8,AS,2530,20.3,0.53,0.237,0.308,4.3,19.5,12,21.9,1.3,1.1,10.6,29.7,3.9,2.5,6.4,0.121,3.8,-0.5,3.3,3.4,2015
22,Joel Anthony,33,DET,C,19,0,5.1,0.3,0.5,0.6,0,0,,0.3,0.5,0.6,0.6,0.3,0.4,0.75,0.4,0.7,1.1,0.1,0.1,0.6,0.1,0.8,0.9,,96,14.1,0.666,0,0.8,8.8,15.4,11.9,1.4,1.1,9.5,12.9,7,0.2,0.2,0.4,0.177,-2.9,3.3,0.4,0.1,2015
23,Keith Appling,23,ORL,PG,5,0,5.4,0.4,1.6,0.25,0,0.6,0,0.4,1,0.4,0.25,0.4,0.4,1,0,0.2,0.2,0.2,0.2,0,0.6,1,1.2,,27,-4.8,0.338,0.375,0.25,0,4.2,2.1,5,1.9,0,25.3,19.5,-0.1,0,-0.1,-0.199,-13.2,-2,-15.1,-0.1,2015
24,Trevor Ariza,30,HOU,SF,81,81,35.3,4.4,10.6,0.416,2.3,6.2,0.371,2.1,4.4,0.478,0.523,1.6,2,0.783,0.8,3.7,4.5,2.3,2,0.3,1.4,2.2,12.7,DPOY-13,2859,12.9,0.551,0.581,0.187,2.6,11.6,7.1,10,2.8,0.8,10.8,15.7,3.1,2.3,5.4,0.09,0.1,0.3,0.4,1.7,2015
25,Darrell Arthur,27,DEN,PF,70,16,21.7,3.2,7,0.452,0.6,1.7,0.385,2.5,5.3,0.473,0.498,0.6,0.8,0.755,1.2,3,4.2,1.4,0.8,0.7,0.9,2.6,7.5,,1516,12.5,0.514,0.239,0.108,6.2,15.4,10.7,10,1.8,2.6,11.4,16.7,1,1.3,2.3,0.072,-1.3,0.5,-0.8,0.4,2015
26,Ömer Aşık,29,NOP,C,68,64,17.3,1.5,2.9,0.533,0,0,,1.5,2.9,0.533,0.533,0.9,1.6,0.545,1.8,4.3,6.1,0.4,0.3,0.3,0.9,1.8,4,,1178,11,0.551,0,0.574,10.9,28.7,19.5,3.1,0.9,1.6,19.7,11.4,0.7,1,1.7,0.07,-2.8,-1,-3.8,-0.5,2015
27,D.J. Augustin,28,2TM,PG,62,0,19,2.4,5.6,0.423,1.1,2.7,0.405,1.3,2.9,0.44,0.52,1.7,2.1,0.805,0.1,1.4,1.5,3.2,0.6,0.1,1.4,1.4,7.5,,1178,13.9,0.575,0.48,0.366,0.8,8,4.4,25.3,1.6,0.3,17.1,18,2,0.6,2.6,0.106,0.6,-1.1,-0.4,0.4,2015
28,Jeff Ayres,28,LAC,C,17,0,6.3,0.7,1.4,0.522,0,0.1,0,0.7,1.3,0.545,0.522,0.4,0.4,1,0.2,1.1,1.3,0.3,0,0.2,0.4,1.1,1.8,,107,8.3,0.585,0.043,0.261,4.1,18.1,11.2,6.9,0,2.2,19,13.4,0.1,0.1,0.2,0.077,-5.6,-0.5,-6.1,-0.1,2015
29,Luke Babbitt,26,NOP,SF,47,13,18,2.6,6.1,0.422,0.9,2.3,0.404,1.7,3.8,0.433,0.498,0.8,1.1,0.78,0.5,2.6,3.1,1.1,0.2,0.1,0.5,1.9,7,,845,11.6,0.526,0.377,0.173,3.2,16.7,9.7,9.6,0.6,0.7,6.9,17.5,0.8,0.3,1.1,0.064,-1,-1.5,-2.5,-0.1,2015
30,Cameron Bairstow,25,CHI,C,18,2,5.7,0.7,2.2,0.325,0.1,0.3,0.2,0.7,1.9,0.343,0.338,0.4,0.4,0.875,0.2,1.3,1.6,0.3,0.1,0.2,0.2,1.1,1.9,,103,6.8,0.391,0.125,0.2,4.2,24,14.3,8.7,1,2.1,8.4,20.3,-0.1,0.1,0,-0.004,-6.7,-0.9,-7.5,-0.1,2015
31,Leandro Barbosa,33,GSW,SG,68,0,15.9,2.5,5.4,0.462,0.6,1.6,0.355,1.9,3.8,0.508,0.515,0.8,0.9,0.839,0.4,1.3,1.7,1.2,0.6,0.1,0.8,1.6,6.4,,1079,11.7,0.545,0.297,0.168,3,8.4,5.8,10.6,2,0.7,11.8,18.1,0.9,1.2,2.1,0.092,-1.9,-0.1,-2,0,2015
32,J.J. Barea,31,DAL,PG,74,16,22.5,4.3,9.6,0.446,1.4,3.5,0.385,2.9,6.1,0.481,0.516,1,1.3,0.771,0.4,1.7,2.1,4.1,0.4,0,1.5,1.5,10.9,6MOY-12,1667,15.4,0.536,0.366,0.135,1.7,8.3,5,31.5,0.8,0.1,13,23.8,2.1,0.7,2.8,0.082,1.6,-1.6,0,0.9,2015
33,Andrea Bargnani,30,BRK,C,46,0,13.8,2.8,6.1,0.455,0.1,0.3,0.188,2.7,5.7,0.471,0.461,1,1.2,0.825,0.6,1.5,2.1,0.4,0.1,0.2,0.6,1.3,6.6,,634,11.8,0.5,0.057,0.204,4.9,12.4,8.6,4.8,0.3,1.1,7.9,23.2,0.1,0,0.2,0.013,-2.6,-2.6,-5.1,-0.5,2015
34,Harrison Barnes,23,GSW,SF,66,59,30.9,4.5,9.6,0.466,1.2,3.2,0.383,3.2,6.3,0.508,0.531,1.5,2,0.761,1.2,3.8,4.9,1.8,0.6,0.2,0.9,2.1,11.7,,2042,12.3,0.559,0.338,0.212,4.3,12.4,8.6,7.8,1,0.4,7.6,15.9,3.1,1.9,4.9,0.116,-0.2,-1.1,-1.3,0.3,2015
35,Matt Barnes,35,MEM,SF,76,45,28.8,3.5,9.1,0.381,1.6,4.9,0.322,1.9,4.3,0.449,0.467,1.5,1.8,0.804,1.1,4.4,5.5,2.1,1,0.8,1.6,3.1,10,,2190,11.7,0.503,0.534,0.199,4.2,18.3,10.9,11.6,1.8,2.4,13.8,17.9,0.4,2.2,2.6,0.056,-1.1,0.2,-0.9,0.6,2015
36,Will Barton,25,DEN,SG,82,1,28.7,5.2,12,0.432,1.4,4,0.345,3.8,8,0.476,0.489,2.6,3.3,0.806,0.7,5.1,5.8,2.5,0.9,0.5,1.7,1.8,14.4,6MOY-4,2353,16,0.535,0.331,0.273,2.7,20,11.2,14.4,1.5,1.3,11.2,23,2.4,1.9,4.3,0.088,1.2,-0.4,0.8,1.7,2015
37,Brandon Bass,30,LAL,PF,66,0,20.3,2.6,4.8,0.549,0,0,0,2.6,4.8,0.552,0.549,1.9,2.2,0.845,1.6,2.7,4.3,1.1,0.5,0.8,0.6,1.9,7.2,,1342,17.3,0.619,0.006,0.467,8.1,15,11.4,9.2,1.2,3.2,9.9,13.9,3.4,0.7,4.1,0.146,0.6,0,0.6,0.9,2015
38,Nicolas Batum,27,CHO,SF,70,70,35,5.3,12.5,0.426,2,5.7,0.348,3.3,6.8,0.492,0.506,2.3,2.7,0.849,0.8,5.3,6.1,5.8,0.9,0.6,2.9,1.6,14.9,,2448,15.6,0.546,0.457,0.22,2.4,16.8,9.6,26.9,1.3,1.4,17.6,21.4,2,2.9,5,0.097,1.1,0.1,1.2,2,2015
39,Jerryd Bayless,27,MIL,SG,52,18,28.9,3.6,8.4,0.423,1.9,4.4,0.437,1.6,4,0.408,0.539,1.3,1.7,0.778,0.4,2.3,2.7,3.1,0.9,0.2,1.4,2.1,10.4,,1505,12.4,0.568,0.529,0.206,1.6,9,5.4,16.2,1.6,0.6,13.3,16.4,1.8,0.6,2.4,0.075,0.2,-1,-0.8,0.4,2015
40,Aron Baynes,29,DET,C,81,1,15.2,2.4,4.7,0.505,0,0,0,2.4,4.7,0.508,0.505,1.6,2,0.764,1.7,3,4.7,0.6,0.3,0.6,0.8,1.9,6.3,,1233,17.8,0.563,0.005,0.43,11.9,22.5,17,6.6,0.9,3.2,12.8,18.5,2.4,1.7,4.1,0.158,-0.5,0.3,-0.2,0.6,2015
41,Kent Bazemore,26,ATL,SF,75,68,27.8,4.3,9.7,0.441,1.5,4.1,0.357,2.8,5.6,0.502,0.517,1.6,2,0.815,0.4,4.7,5.1,2.3,1.3,0.5,1.8,2.3,11.6,,2083,13.4,0.551,0.421,0.208,1.5,18,9.9,12.7,2.3,1.4,14.8,20,0.3,3.8,4.1,0.094,-1.2,1.5,0.3,1.2,2015
42,Bradley Beal,22,WAS,SG,55,35,31.1,6.5,14.5,0.449,1.9,4.9,0.387,4.6,9.6,0.481,0.515,2.5,3.2,0.767,0.7,2.7,3.4,2.9,1,0.2,2,2.1,17.4,,1708,15.5,0.547,0.339,0.22,2.6,9.8,6.2,15.6,1.5,0.5,11.3,25.3,1.4,1.3,2.7,0.076,1.2,-0.9,0.3,1,2015
43,Michael Beasley,27,HOU,PF,20,0,18.2,5.4,10.3,0.522,0.2,0.5,0.333,5.2,9.8,0.531,0.529,1.9,2.5,0.776,1.5,3.5,4.9,0.8,0.6,0.5,1.2,2,12.8,,363,22.5,0.563,0.044,0.239,8.8,21.1,14.9,9.1,1.5,2.1,9.6,29.7,0.6,0.3,1,0.128,2.2,-1.2,0.9,0.3,2015
44,Marco Belinelli,29,SAC,SG,68,7,24.6,3.6,9.3,0.386,1.3,4.4,0.306,2.3,5,0.456,0.457,1.7,2,0.833,0.1,1.6,1.7,1.9,0.5,0,1.2,1.3,10.2,,1672,9.4,0.5,0.468,0.217,0.7,6.9,3.8,11.1,1.1,0.1,10.3,19.7,0.2,0.3,0.5,0.014,-2.1,-1.7,-3.8,-0.8,2015
45,Anthony Bennett,22,TOR,PF,19,0,4.4,0.4,1.4,0.296,0.2,0.7,0.214,0.3,0.7,0.385,0.352,0.5,0.5,0.9,0.3,0.9,1.2,0,0.3,0,0.2,0.4,1.5,,84,10.4,0.446,0.519,0.37,8.3,22.8,15.7,0,3.1,0,11.3,19.2,0,0.1,0.1,0.054,-2.9,-1.1,-3.9,0,2015
46,Patrick Beverley,27,HOU,PG,71,63,28.7,3.6,8.4,0.434,1.7,4.4,0.4,1.9,4,0.472,0.539,0.8,1.2,0.682,1,2.5,3.5,3.4,1.3,0.4,1.3,3.3,9.9,,2041,13,0.553,0.522,0.148,3.9,9.6,6.8,17.9,2.3,1.1,12.6,15.3,3.1,1.3,4.4,0.103,0,0.1,0.2,1.1,2015
47,Bismack Biyombo,23,TOR,C,82,22,22,1.9,3.5,0.542,0,0,0,1.9,3.5,0.544,0.542,1.7,2.8,0.628,2.2,5.8,8,0.4,0.2,1.6,0.9,2.7,5.5,,1808,14.9,0.586,0.003,0.785,11.7,29.5,20.8,2.4,0.5,6.1,15.5,11.5,2.8,3.1,5.9,0.156,-1.3,1.1,-0.2,0.8,2015
48,Nemanja Bjelica,27,MIN,PF,60,0,17.9,1.8,3.9,0.468,0.8,2.1,0.384,1,1.8,0.564,0.57,0.7,0.9,0.727,0.8,2.7,3.5,1.4,0.4,0.4,0.8,2.6,5.1,,1075,11.2,0.594,0.532,0.234,5.4,17.2,11.4,11.4,1.2,1.6,15.3,12.8,1.4,0.6,1.9,0.087,-0.9,0.2,-0.7,0.3,2015
49,Tarik Black,24,LAL,C,39,0,12.7,1.5,2.7,0.548,0,0,,1.5,2.7,0.548,0.548,0.5,1.2,0.422,1.1,2.9,4,0.4,0.4,0.5,0.6,2,3.4,,496,12.3,0.537,0,0.433,9.2,25.4,17,5.2,1.4,2.9,15.1,12.9,0.3,0.4,0.7,0.072,-3.1,-0.2,-3.3,-0.2,2015
50,DeJuan Blair,26,WAS,C,29,0,7.5,1,2.3,0.412,0,0,0,1,2.3,0.418,0.412,0.2,0.4,0.385,0.7,1.3,2,0.4,0.3,0.1,0.5,1.8,2.1,,218,5.4,0.414,0.015,0.191,10.1,19.4,14.6,7.3,1.8,0.7,16.9,17.8,-0.3,0.3,-0.1,-0.015,-8.1,-0.7,-8.9,-0.4,2015
51,Steve Blake,35,DET,PG,58,2,17,1.6,4.1,0.388,0.9,2.6,0.344,0.7,1.5,0.461,0.496,0.3,0.3,0.8,0.2,1.4,1.5,3.4,0.4,0.1,1.4,1.2,4.4,,986,9.8,0.51,0.629,0.083,1,9.2,4.9,29.5,1.2,0.4,24.6,14.6,0.3,0.8,1.1,0.053,-1.7,-0.7,-2.4,-0.1,2015
52,Eric Bledsoe,26,PHO,PG,31,31,34.2,7.2,15.9,0.453,1.5,4.2,0.372,5.6,11.7,0.482,0.502,4.5,5.5,0.802,0.6,3.5,4,6.1,2,0.6,3.5,2.4,20.4,,1059,20,0.557,0.262,0.35,1.8,11.2,6.4,31.8,2.9,1.5,16.2,27.2,1.6,1,2.5,0.116,2.5,0.8,3.3,1.4,2015
53,Bojan Bogdanović,26,BRK,SF,79,39,26.8,4.1,9.5,0.433,1.6,4.3,0.382,2.5,5.2,0.474,0.519,1.4,1.7,0.833,0.5,2.8,3.2,1.3,0.4,0.1,1.5,1.5,11.2,,2115,10.7,0.55,0.451,0.176,1.9,11.8,6.8,7.3,0.7,0.2,12.5,19.4,0.9,0,0.9,0.021,-1,-2.6,-3.5,-0.8,2015
54,Andrew Bogut,31,GSW,C,70,66,20.7,2.5,4,0.627,0,0,1,2.5,4,0.626,0.629,0.3,0.7,0.48,1.7,5.3,7,2.3,0.5,1.6,1.2,3.2,5.4,,1451,15.9,0.623,0.004,0.179,9.5,26,18.3,14.8,1.1,5.8,21.6,11.4,2.6,2.9,5.4,0.18,-0.9,3.2,2.4,1.6,2015
55,Matt Bonner,35,SAS,C,30,2,6.9,1,1.9,0.509,0.5,1.1,0.441,0.5,0.8,0.609,0.64,0.1,0.1,0.75,0.1,0.8,0.9,0.3,0.2,0,0.1,0.5,2.5,,206,14.1,0.647,0.596,0.07,1.7,12.8,7.5,6.3,1.5,0.4,4.9,13.7,0.4,0.3,0.8,0.181,1.2,1,2.2,0.2,2015
56,Devin Booker,19,PHO,SG,76,51,27.7,4.8,11.4,0.423,1.3,3.8,0.343,3.5,7.6,0.464,0.48,2.8,3.4,0.84,0.4,2.1,2.5,2.6,0.6,0.3,2.1,3,13.8,ROY-4,2108,11.9,0.535,0.333,0.295,1.4,8.4,4.8,15.8,1,0.8,14,23,1.2,0.7,1.9,0.043,-1.2,-1.7,-2.8,-0.5,2015
57,Trevor Booker,28,UTA,PF,79,2,20.7,2.4,4.9,0.49,0.2,0.5,0.293,2.3,4.4,0.513,0.505,0.9,1.3,0.67,2.1,3.6,5.7,1.1,0.7,0.5,1,2.1,5.9,,1632,14.4,0.533,0.106,0.273,11.9,20.4,16.2,8.2,1.9,2.1,15.7,14.6,1.8,2.6,4.3,0.128,-1,1,0,0.8,2015
58,Chris Bosh,31,MIA,PF,53,53,33.5,6.8,14.5,0.467,1.5,4.2,0.365,5.2,10.3,0.508,0.52,4,5.1,0.795,0.9,6.5,7.4,2.4,0.7,0.6,1.5,1.9,19.1,AS,1778,20.2,0.571,0.289,0.349,3.2,21.1,12.4,12.1,1,1.5,8.1,24.7,4.1,2.3,6.4,0.172,3.6,0.5,4,2.7,2015
59,Avery Bradley,25,BOS,SG,76,72,33.4,6,13.4,0.447,1.9,5.4,0.361,4.1,8.1,0.505,0.52,1.3,1.6,0.78,0.6,2.3,2.9,2.1,1.5,0.3,1.4,2.2,15.2,"DPOY-6,DEF1",2536,13.2,0.538,0.399,0.121,2,7.3,4.6,9.8,2.2,0.6,9.2,19.8,2,2.8,4.8,0.09,-0.4,0.3,-0.1,1.2,2015
60,Elton Brand,36,PHI,C,17,1,13.2,1.8,4.2,0.431,0,0.1,0,1.8,4.2,0.437,0.431,0.5,0.5,0.889,0.5,3.2,3.7,1.1,0.5,0.5,0.6,1.9,4.1,,225,11.4,0.461,0.014,0.125,4.2,27,15.2,13.1,2,2.7,12.6,16.9,-0.1,0.3,0.2,0.036,-4.7,1.3,-3.4,-0.1,2015
61,Corey Brewer,29,HOU,SF,82,12,20.4,2.6,6.7,0.384,0.7,2.7,0.272,1.8,4,0.46,0.439,1.3,1.7,0.75,0.5,1.9,2.4,1.3,1,0.2,1,2,7.2,,1669,9.9,0.481,0.406,0.254,2.8,10.4,6.6,10,2.5,0.9,11.3,17.8,0.1,1.2,1.2,0.035,-2.7,-0.3,-2.9,-0.4,2015
62,Aaron Brooks,31,CHI,PG,69,0,16.1,2.7,6.8,0.401,1,2.7,0.357,1.8,4.1,0.43,0.471,0.7,0.9,0.766,0.3,1.2,1.5,2.6,0.4,0.1,1.2,1.9,7.1,,1108,11.8,0.494,0.394,0.136,2,7.5,4.8,26,1.4,0.7,14.2,22.9,0.2,0.7,0.9,0.04,-1.3,-1.3,-2.6,-0.2,2015
63,Anthony Brown,23,LAL,SF,29,11,20.7,1.3,4.3,0.31,0.7,2.4,0.286,0.7,1.9,0.339,0.389,0.6,0.7,0.85,0.3,2.1,2.4,0.7,0.5,0.2,0.5,1.2,4,,599,4.9,0.427,0.556,0.159,1.6,11.3,6.3,4.8,1.2,0.7,10,11,-0.4,0.1,-0.3,-0.024,-4.5,-1,-5.5,-0.5,2015
64,Lorenzo Brown,25,PHO,PG,8,0,7.6,1,3.1,0.32,0.1,1,0.125,0.9,2.1,0.412,0.34,0.4,0.5,0.75,0,0.9,0.9,1.4,0.4,0.1,1.1,0.5,2.5,,61,4.4,0.374,0.32,0.16,0,12.8,6.2,28,2.4,1.3,25.2,24.9,-0.3,0.1,-0.2,-0.157,-6.5,-1.9,-8.4,-0.1,2015
65,Markel Brown,24,BRK,SG,62,6,15.8,2,5.2,0.394,0.6,2,0.314,1.4,3.2,0.443,0.453,1.1,1.5,0.755,0.4,1.6,2,1.5,0.6,0.2,0.9,1.5,5.9,,982,11.3,0.5,0.376,0.292,2.6,11.5,7,13.9,2,1.2,12.9,18.9,0.2,0.4,0.6,0.031,-2.1,-0.8,-3,-0.3,2015
66,Kobe Bryant,37,LAL,SF,66,66,28.2,6,16.9,0.358,2,7.1,0.285,4,9.8,0.41,0.417,3.5,4.3,0.826,0.6,3.1,3.7,2.8,0.9,0.2,2,1.7,17.6,AS,1863,14.9,0.469,0.42,0.252,2.3,12.3,7.1,19.1,1.7,0.5,9.4,32.2,-0.9,0.5,-0.4,-0.01,0.9,-2.4,-1.6,0.2,2015
67,Chase Budinger,27,2TM,SF,66,2,14.1,1.6,3.6,0.435,0.4,1.3,0.279,1.2,2.3,0.523,0.485,0.6,0.8,0.696,0.7,1.6,2.3,1,0.5,0.2,0.7,0.9,4.1,,929,10.7,0.514,0.36,0.234,5,12.6,8.8,10.2,1.7,0.9,14.3,14.5,0.4,1,1.4,0.073,-1.8,0.5,-1.3,0.2,2015
68,Reggie Bullock,24,DET,SF,37,0,11.6,1.2,2.6,0.439,0.6,1.4,0.415,0.6,1.2,0.467,0.551,0.4,0.4,0.933,0.4,1.5,1.8,0.7,0.3,0.1,0.2,0.8,3.3,,429,12,0.583,0.541,0.153,3.4,14.3,8.6,9.2,1.2,0.4,7.1,11.4,0.8,0.4,1.2,0.134,0.1,0.7,0.8,0.3,2015
69,Trey Burke,23,UTA,PG,64,0,21.3,4.1,9.9,0.413,1.4,4,0.344,2.7,5.9,0.46,0.483,1,1.3,0.817,0.3,1.5,1.8,2.3,0.5,0.1,1.3,1.3,10.6,,1366,14,0.507,0.404,0.129,1.5,8,4.8,19.7,1.4,0.4,10.7,25.3,0.9,1.2,2.1,0.074,0.7,-1.2,-0.5,0.5,2015
70,Alec Burks,24,UTA,SG,31,3,25.7,4.4,10.8,0.41,1,2.5,0.405,3.4,8.2,0.412,0.458,3.4,4.5,0.752,0.5,3,3.5,2,0.6,0.1,1.6,2.3,13.3,,797,14.3,0.52,0.237,0.422,2.4,13.6,8,13.9,1.2,0.4,11.4,25.9,0.7,0.8,1.5,0.09,0.2,-0.6,-0.4,0.3,2015
71,Caron Butler,35,SAC,SF,17,1,10.4,1.5,3.5,0.424,0.2,1.1,0.167,1.3,2.4,0.537,0.449,0.6,0.7,0.833,0.3,1,1.3,0.6,0.5,0.1,0.2,1.1,3.7,,176,11.3,0.49,0.305,0.203,3.1,10.4,6.8,8.3,2.5,0.5,4.5,16.2,0.1,0.1,0.3,0.071,-2.5,0.6,-1.8,0,2015
72,Jimmy Butler,26,CHI,SG,67,67,36.9,7,15.4,0.454,1,3.1,0.312,6.1,12.4,0.489,0.485,5.9,7.1,0.832,1.2,4.2,5.3,4.8,1.6,0.6,2,1.9,20.9,"DPOY-11,AS,DEF2",2474,21.3,0.562,0.198,0.459,3.4,11.6,7.6,21.4,2.2,1.3,9.6,24.4,6.5,2.7,9.1,0.177,3.2,1.2,4.4,3.9,2015
73,Rasual Butler,36,SAS,SF,46,0,9.4,1.1,2.3,0.471,0.3,1.1,0.306,0.7,1.2,0.618,0.543,0.2,0.3,0.688,0.1,1.2,1.2,0.5,0.3,0.5,0.2,0.2,2.7,,432,13.4,0.558,0.471,0.154,0.8,13.5,7.4,7.7,1.5,4.1,6.7,12.6,0.4,0.9,1.3,0.146,0.4,2.5,2.9,0.5,2015
74,Bruno Caboclo,20,TOR,SF,6,1,7.2,0.2,2,0.083,0.2,1.2,0.143,0,0.8,0,0.125,0,0,,0.2,0.2,0.3,0.2,0.3,0.2,0.7,0.3,0.5,,43,-7.7,0.125,0.583,0,2.7,2.6,2.7,3.2,2.4,1.9,25,16.9,-0.3,0,-0.3,-0.283,-14,-3.6,-17.6,-0.2,2015
75,José Calderón,34,NYK,PG,72,72,28.1,2.9,6.3,0.459,1.2,2.8,0.414,1.7,3.5,0.496,0.552,0.6,0.7,0.875,0.3,2.9,3.2,4.1,0.9,0.1,1.2,1.9,7.6,,2024,12.3,0.571,0.446,0.105,1.2,11,6.2,22.3,1.6,0.3,15.4,12.6,2.7,1.4,4,0.096,-0.8,0.1,-0.6,0.7,2015
76,Kentavious Caldwell-Pope,22,DET,SG,76,76,36.7,5.3,12.6,0.42,1.5,4.9,0.309,3.8,7.8,0.489,0.479,2.4,3,0.811,0.9,2.8,3.7,1.8,1.4,0.2,1.4,2.2,14.5,,2789,12.4,0.521,0.384,0.238,2.6,8.6,5.5,7.8,2,0.5,9,18.2,2.6,2.7,5.3,0.092,-1.1,0.8,-0.3,1.2,2015
77,Isaiah Canaan,24,PHI,SG,77,39,25.5,3.4,9.4,0.36,2.3,6.3,0.363,1.1,3.1,0.354,0.482,1.9,2.3,0.833,0.3,2,2.3,1.8,0.7,0.2,1.2,1.7,11,,1966,11.1,0.528,0.672,0.249,1.1,8.8,4.8,11.3,1.4,0.5,10.2,19.9,0.9,0.5,1.4,0.035,-0.8,-1.6,-2.4,-0.2,2015
78,Clint Capela,21,HOU,C,77,35,19.1,3,5.2,0.582,0,0,0,3,5.1,0.583,0.582,1,2.7,0.379,2.5,3.9,6.4,0.6,0.8,1.2,0.8,2.5,7,,1471,18.3,0.553,0.003,0.531,14.4,22.7,18.5,5.1,2,5.2,10.9,16.1,2.4,2,4.4,0.144,-0.3,-0.1,-0.4,0.6,2015
79,DeMarre Carroll,29,TOR,SF,26,22,30.2,4,10.4,0.389,1.8,4.5,0.39,2.3,5.8,0.388,0.474,1.2,1.9,0.6,1.2,3.5,4.7,1,1.7,0.2,1.1,2.4,11,,786,11.9,0.49,0.437,0.185,4.6,13.1,8.9,5.5,2.9,0.6,8.8,18.5,0.2,1,1.2,0.074,-0.8,1.1,0.3,0.5,2015
80,Vince Carter,39,MEM,SG,60,3,16.8,2.2,5.7,0.388,1,2.8,0.349,1.2,2.9,0.425,0.474,1.2,1.4,0.833,0.5,1.9,2.4,0.9,0.6,0.3,0.6,1.7,6.6,,1005,12.7,0.52,0.493,0.245,3.4,13.6,8.3,8.9,1.9,1.5,8.4,18.5,1,0.8,1.8,0.084,-0.4,-0.6,-1,0.3,2015
81,Michael Carter-Williams,24,MIL,PG,54,37,30.5,4.6,10.3,0.452,0.3,1,0.273,4.4,9.3,0.472,0.466,2,3,0.654,0.9,4.2,5.1,5.2,1.5,0.8,2.8,3,11.5,,1649,13.9,0.497,0.099,0.292,3.4,15.7,9.6,26.6,2.5,2.1,19.6,21.3,-0.4,1.6,1.2,0.035,-1.4,0.6,-0.7,0.5,2015
82,Omri Casspi,27,SAC,PF,69,21,27.2,4.3,9,0.481,1.6,4,0.409,2.7,5,0.537,0.571,1.5,2.3,0.648,0.8,5.1,5.9,1.4,0.8,0.2,1.4,2.2,11.8,,1880,13.9,0.587,0.441,0.256,3.4,20.1,11.8,7.5,1.4,0.7,12,17.8,2.1,1.5,3.6,0.092,0.4,-0.2,0.1,1,2015
83,Willie Cauley-Stein,22,SAC,C,66,39,21.4,2.9,5.1,0.563,0,0,0,2.9,5.1,0.567,0.563,1.2,1.9,0.648,2,3.3,5.3,0.6,0.7,1,0.7,2.2,7,,1412,15.3,0.588,0.006,0.369,10.3,16.6,13.5,3.8,1.6,3.8,10.5,13.2,2.4,1.4,3.8,0.13,-0.8,0.1,-0.8,0.4,2015
84,Mario Chalmers,29,2TM,PG,61,7,22.5,3,7.3,0.41,0.8,2.4,0.309,2.2,4.8,0.461,0.462,3.6,4.3,0.832,0.4,2.2,2.6,3.8,1.4,0.2,1.8,3,10.3,,1373,17.3,0.561,0.336,0.59,1.9,11.5,6.5,26.6,3.3,0.9,16.4,21.9,2.3,1.5,3.8,0.132,0,1.3,1.3,1.2,2015
85,Tyson Chandler,33,PHO,C,66,60,24.5,2.8,4.8,0.583,0,0,0,2.8,4.7,0.585,0.583,1.6,2.6,0.62,2.7,6.1,8.7,1,0.5,0.7,1.4,2.2,7.2,,1618,14.7,0.606,0.003,0.545,11.5,27.5,19.3,6,1.1,2.2,19.3,12.7,2.1,1.6,3.8,0.112,-0.8,-0.2,-1.1,0.4,2015
86,Rakeem Christmas,24,IND,PF,1,0,6,2,2,1,0,0,,2,2,1,1,0,0,,1,0,1,0,0,0,0,1,4,,6,32,1,0,0,18.3,0,9.1,0,0,0,0,14.7,0,0,0,0.343,5.6,0.9,6.5,0,2015
87,Ian Clark,24,GSW,SG,66,1,8.8,1.3,3.1,0.441,0.5,1.3,0.357,0.9,1.8,0.5,0.515,0.4,0.5,0.824,0.2,0.8,1,1,0.3,0.2,0.7,0.9,3.6,,578,11.5,0.544,0.416,0.168,2.6,9.7,6.3,15.3,1.4,1.7,16.5,19.5,0.3,0.6,0.9,0.075,-1.5,-0.4,-1.9,0,2015
88,Coty Clarke,23,BOS,SF,3,0,2,0.7,1.3,0.5,0.7,0.7,1,0,0.7,0,0.75,0,0,,0,0.3,0.3,0,0,0,0.3,0,2,,6,23.9,0.75,0.5,0,0,18,8.8,0,0,0,20,35.5,0,0,0,0.025,15.5,1,16.5,0,2015
89,Jordan Clarkson,23,LAL,SG,79,79,32.3,6,13.9,0.433,1.4,4.1,0.347,4.6,9.8,0.468,0.483,2.1,2.6,0.804,1.2,2.8,4,2.4,1.1,0.1,1.7,2.1,15.5,,2552,14.3,0.516,0.291,0.186,3.8,9.6,6.6,13.8,1.7,0.2,10.2,22.8,1.7,0.4,2.1,0.039,-0.1,-1.5,-1.6,0.2,2015
90,Norris Cole,27,NOP,PG,45,23,26.6,4.4,10.8,0.405,0.7,2.3,0.324,3.6,8.5,0.427,0.439,1.2,1.4,0.8,0.2,3.1,3.4,3.7,0.8,0.1,1.7,2.3,10.6,,1198,10.8,0.465,0.211,0.134,0.9,13.5,7,22,1.5,0.3,12.8,21.7,-0.6,0.5,-0.1,-0.004,-2.9,-0.9,-3.8,-0.5,2015
91,Darren Collison,28,SAC,PG,74,15,30,5.1,10.5,0.486,1.2,2.9,0.401,3.9,7.6,0.519,0.542,2.6,3.1,0.858,0.4,1.9,2.3,4.3,1,0.1,1.8,1.9,14,6MOY-15,2219,15.9,0.591,0.28,0.291,1.4,6.8,4.1,21.7,1.6,0.1,12.9,19.2,4.5,0.7,5.2,0.113,0.9,-0.8,0.1,1.2,2015
92,Nick Collison,35,OKC,PF,59,4,11.8,0.8,1.8,0.459,0,0,0,0.8,1.8,0.467,0.459,0.4,0.6,0.697,1.2,1.7,2.9,0.9,0.3,0.3,0.8,1.8,2.1,,699,7.7,0.498,0.018,0.303,11.2,15.2,13.3,9.6,1.1,1.7,28.8,10.6,0.1,0.7,0.8,0.053,-3.6,0.5,-3.1,-0.2,2015
93,Mike Conley,28,MEM,PG,56,56,31.4,5.3,12.4,0.422,1.4,3.8,0.363,3.9,8.6,0.449,0.478,3.4,4.1,0.834,0.5,2.5,2.9,6.1,1.2,0.3,1.5,1.8,15.3,,1761,19.4,0.538,0.309,0.329,1.6,9.3,5.3,32.7,2,0.8,9.5,22.4,4.2,1.1,5.3,0.144,3.5,-0.5,3,2.2,2015
94,Pat Connaughton,23,POR,SG,34,0,4.2,0.4,1.4,0.265,0.1,0.6,0.238,0.2,0.8,0.286,0.316,0.1,0.1,1,0.3,0.6,0.9,0.3,0.1,0,0.3,0.2,1.1,,143,4.6,0.352,0.429,0.102,8.3,15.9,12.1,9.9,0.7,0,16.3,18.7,-0.3,0.1,-0.2,-0.076,-4.8,-3.2,-8,-0.2,2015
95,Chris Copeland,31,MIL,PF,24,1,6.5,0.7,2.1,0.333,0.4,1.5,0.278,0.3,0.6,0.467,0.431,0.3,0.3,0.857,0,0.4,0.4,0.5,0.1,0,0.3,0.7,2.1,,156,5.4,0.462,0.706,0.137,0.7,6.5,3.7,10.3,0.7,0,10,17.3,-0.1,0,-0.1,-0.017,-3.3,-3.1,-6.4,-0.2,2015
96,Bryce Cotton,23,2TM,PG,8,0,4.9,0.5,1.3,0.4,0,0.4,0,0.5,0.9,0.571,0.4,0,0,,0,0,0,0.4,0.4,0,0.6,0.3,1,,39,1.7,0.4,0.3,0,0,0,0,10.8,3.7,0,33.3,16.5,-0.2,0,-0.1,-0.168,-7.7,-1,-8.8,-0.1,2015
97,DeMarcus Cousins,25,SAC,C,65,65,34.6,9.2,20.5,0.451,1.1,3.2,0.333,8.2,17.3,0.473,0.477,7.3,10.2,0.718,2.4,9.1,11.5,3.3,1.6,1.4,3.8,3.6,26.9,"AS,NBA2",2246,23.6,0.538,0.158,0.498,7.7,28.2,18,17,2.2,3.3,13.3,35.4,2.4,3.3,5.7,0.122,2.7,0.6,3.3,3,2015
98,Robert Covington,25,PHI,SF,67,49,28.4,4.1,10.6,0.385,2.5,7.2,0.353,1.6,3.4,0.452,0.504,2.1,2.6,0.791,1,5.3,6.3,1.4,1.6,0.6,2.1,3.5,12.8,,1903,13.2,0.543,0.677,0.249,3.6,20.9,12,8.4,2.7,1.6,15.3,21.5,-0.1,2.1,2,0.05,-1.1,0.1,-0.9,0.5,2015
99,Allen Crabbe,23,POR,SG,81,8,26,3.8,8.4,0.459,1.4,3.5,0.393,2.5,4.9,0.506,0.541,1.2,1.4,0.867,0.3,2.3,2.7,1.2,0.8,0.2,0.8,2.4,10.3,6MOY-16,2105,12.2,0.572,0.42,0.167,1.4,9.7,5.6,7.2,1.5,0.6,8.1,16.4,3.1,1.2,4.3,0.098,-0.9,-0.1,-1,0.5,2015
100,Jamal Crawford,35,LAC,SG,79,5,26.9,4.8,11.9,0.404,1.5,4.4,0.34,3.3,7.5,0.44,0.466,3.1,3.4,0.904,0.3,1.6,1.8,2.3,0.7,0.2,1.4,1.5,14.2,6MOY-1,2126,14,0.529,0.366,0.289,1,6.3,3.7,14,1.2,0.4,9.6,24.9,1.8,1.5,3.3,0.076,0.1,-1.5,-1.4,0.3,2015
101,Jae Crowder,25,BOS,SF,73,73,31.6,4.9,11.1,0.443,1.7,5,0.336,3.3,6.2,0.529,0.518,2.7,3.3,0.82,1,4.2,5.1,1.8,1.7,0.5,1.1,2.7,14.2,DPOY-13,2308,15.8,0.565,0.446,0.294,3.2,14.2,8.6,8.9,2.7,1.2,8.3,18.5,3.8,3.5,7.3,0.152,0.8,1.4,2.2,2.5,2015
102,Dante Cunningham,28,NOP,SF,80,46,24.6,2.3,5.2,0.451,0.7,2.2,0.316,1.6,3,0.55,0.518,0.7,1,0.695,0.7,2.2,3,1,0.5,0.4,0.5,2.2,6.1,,1971,8.6,0.54,0.422,0.199,3.1,10.4,6.6,5.6,1.1,1.4,8.4,11,1.5,0.7,2.1,0.052,-2.3,-0.5,-2.8,-0.4,2015
103,Jared Cunningham,24,2TM,SG,44,3,9.3,0.8,2.4,0.343,0.3,0.9,0.308,0.5,1.5,0.364,0.4,0.8,1.3,0.655,0.1,0.8,0.9,0.5,0.3,0,0.5,0.9,2.7,,410,5.9,0.464,0.371,0.524,0.8,9.6,5.3,6.9,1.8,0.4,14,16.5,-0.3,0.4,0.1,0.014,-5.5,-0.2,-5.7,-0.4,2015
104,Seth Curry,25,SAC,PG,44,9,15.7,2.3,5.1,0.455,1.1,2.5,0.45,1.2,2.6,0.46,0.567,1,1.2,0.833,0.2,1.2,1.4,1.5,0.5,0.1,0.8,0.9,6.8,,692,13.8,0.603,0.496,0.241,1.4,7.9,4.7,14.2,1.5,0.4,12.7,17.4,1.2,0.2,1.4,0.097,0.7,-0.9,-0.2,0.3,2015
105,Stephen Curry,27,GSW,PG,79,79,34.2,10.2,20.2,0.504,5.1,11.2,0.454,5.1,9,0.566,0.63,4.6,5.1,0.908,0.9,4.6,5.4,6.7,2.1,0.2,3.3,2,30.1,"MVP-1,AS,NBA1",2700,31.5,0.669,0.554,0.25,2.9,13.6,8.6,33.7,3,0.4,12.9,32.6,13.8,4.1,17.9,0.318,10.3,1.6,11.9,9.5,2015
106,Troy Daniels,24,CHO,SG,43,0,11.1,2.1,4.3,0.476,1.4,2.8,0.484,0.7,1.5,0.462,0.634,0.1,0.2,0.556,0.2,1.2,1.3,0.5,0.3,0.1,0.6,0.9,5.6,,476,14.9,0.634,0.652,0.048,1.6,11.6,6.5,7.6,1.2,0.5,11.2,20.4,0.6,0.4,1.1,0.109,1.8,-1,0.7,0.3,2015
107,Anthony Davis,22,NOP,C,61,61,35.5,9.2,18.6,0.493,0.6,1.8,0.324,8.6,16.9,0.511,0.508,5.3,7,0.758,2.1,8.1,10.3,1.9,1.3,2,2,2.4,24.3,"DPOY-9,AS",2164,25,0.559,0.095,0.379,6.4,26.4,16.1,10,1.8,4.7,8.4,29.6,4.4,2.8,7.2,0.16,3.6,0.4,3.9,3.2,2015
108,Ed Davis,26,POR,PF,81,0,20.8,2.5,4.2,0.611,0,0,,2.5,4.2,0.611,0.611,1.4,2.5,0.559,2.8,4.6,7.4,1.1,0.7,0.9,0.8,2.5,6.5,6MOY-8,1684,18.7,0.616,0,0.605,14.4,24.2,19.3,7.7,1.7,3.3,13,12.7,4.4,2.3,6.7,0.192,1,0.9,1.9,1.6,2015
109,Branden Dawson,22,LAC,PF,6,0,4.8,0.3,0.8,0.4,0,0,,0.3,0.8,0.4,0.4,0.2,0.2,1,0.3,0.3,0.7,0,0,0.2,0,0.3,0.8,,29,7.1,0.46,0,0.2,7.6,7.4,7.5,0,0,2.7,0,8.5,0,0,0,0.069,-3.6,-2,-5.7,0,2015
110,Dewayne Dedmon,26,ORL,C,58,20,12.2,1.7,3.1,0.559,0,0,,1.7,3.1,0.559,0.559,1,1.3,0.75,1.2,2.8,3.9,0.2,0.4,0.8,0.6,1.9,4.4,,705,17,0.606,0,0.429,10.4,25.7,17.9,2.7,1.6,5.4,13.2,15.2,1.2,1.1,2.4,0.162,-1.6,0.7,-0.9,0.2,2015
111,Bryce Dejean-Jones,23,NOP,SG,14,11,19.9,2,4.9,0.406,0.9,2.3,0.375,1.1,2.6,0.432,0.493,0.8,1.5,0.524,0.6,2.9,3.4,1.1,0.7,0.1,0.8,1.2,5.6,,279,9.6,0.505,0.464,0.304,3.1,16.5,9.5,7.7,1.8,0.6,12.3,14.1,0,0.2,0.2,0.033,-2.5,0,-2.5,0,2015
112,Sam Dekker,21,HOU,PF,3,0,2,0,0,,0,0,,0,0,,,0,0,,0,0.3,0.3,0,0.3,0,0,0,0,,6,10.8,,,,0,18.5,9.2,0,8.2,0,,0,0,0,0,0.116,-2.8,5.1,2.2,0,2015
113,Matthew Dellavedova,25,CLE,PG,76,14,24.6,2.7,6.7,0.405,1.3,3.1,0.41,1.4,3.6,0.401,0.501,0.8,0.9,0.864,0.4,1.7,2.1,4.4,0.6,0.1,1.5,2.3,7.5,,1867,11.3,0.527,0.468,0.129,2,7.8,4.9,26.2,1.2,0.4,17.7,15.9,2.2,1.6,3.8,0.098,-0.7,-0.5,-1.2,0.4,2015
114,Luol Deng,30,MIA,PF,74,73,32.4,4.6,10.1,0.455,1.2,3.5,0.344,3.4,6.6,0.513,0.514,2,2.6,0.755,1.5,4.5,6,1.9,1,0.4,1.1,1.6,12.3,,2394,15,0.549,0.344,0.258,5.3,15.4,10.5,9,1.6,0.9,8.9,17.4,3.5,2.8,6.4,0.128,0.7,0.2,0.8,1.7,2015
115,DeMar DeRozan,26,TOR,SG,78,78,35.9,7.9,17.7,0.446,0.6,1.8,0.338,7.3,15.9,0.458,0.463,7.1,8.4,0.85,0.8,3.7,4.5,4,1,0.3,2.2,2.1,23.5,AS,2804,21.5,0.55,0.101,0.474,2.7,11.5,7.1,20.8,1.5,0.6,9.5,29.8,7.5,2.4,9.9,0.169,3.2,-0.7,2.5,3.2,2015
116,Boris Diaw,33,SAS,PF,76,4,18.2,2.7,5,0.527,0.3,0.9,0.362,2.3,4.1,0.564,0.56,0.7,1,0.737,0.8,2.3,3.1,2.3,0.3,0.3,1.3,1.3,6.4,6MOY-12,1386,14,0.582,0.18,0.198,4.9,13.9,9.6,18.4,1,1.2,18.9,17,1.6,2.2,3.8,0.132,-0.1,0.9,0.8,1,2015
117,Gorgui Dieng,26,MIN,C,82,39,27.1,3.8,7.1,0.532,0.1,0.2,0.3,3.7,6.8,0.54,0.537,2.5,3,0.827,1.9,5.2,7.1,1.7,1.1,1.2,1.7,2.7,10.1,,2220,17.1,0.601,0.035,0.428,8.3,22.1,15.3,10.1,2.1,3.5,16.9,16.7,3.4,2.5,5.9,0.127,-0.1,0.8,0.8,1.5,2015
118,Spencer Dinwiddie,22,DET,PG,12,0,13.3,1.6,4.5,0.352,0.1,0.8,0.1,1.5,3.7,0.409,0.361,1.6,2.8,0.576,0.3,1.1,1.4,1.8,0.3,0,0.6,1.7,4.8,,159,8.9,0.423,0.185,0.611,2.6,9.3,5.8,20.9,1,0,9.3,20.7,0,0.1,0.1,0.028,-4.6,-0.6,-5.2,-0.1,2015
119,Toney Douglas,29,NOP,PG,61,18,20.7,3,7.3,0.411,1.3,3.3,0.399,1.7,4,0.421,0.502,1.4,1.6,0.848,0.4,1.9,2.3,2.6,1.1,0.1,1,2.1,8.7,,1262,14.7,0.543,0.456,0.222,2.1,10.7,6.3,19.1,2.8,0.3,11.6,19.4,1.6,0.9,2.5,0.094,-0.4,0.4,0,0.6,2015
120,Goran Dragić,29,MIA,PG,72,72,32.8,5.8,12.2,0.477,0.9,2.8,0.312,4.9,9.3,0.527,0.513,1.7,2.3,0.727,0.8,3.1,3.8,5.8,1,0.2,2.6,2.6,14.1,,2363,15.5,0.537,0.234,0.189,2.7,10.4,6.6,28.7,1.5,0.6,16.3,21.9,2.4,2.3,4.7,0.096,0.1,-0.5,-0.4,1,2015
121,Andre Drummond,22,DET,C,81,81,32.9,6.8,13.1,0.521,0,0.1,0.333,6.8,13,0.522,0.522,2.6,7.2,0.355,4.9,9.9,14.8,0.8,1.5,1.4,1.9,3,16.2,"DPOY-10,AS,NBA3",2666,21.2,0.499,0.006,0.553,15.6,34.2,24.5,4.4,2.3,3.2,10.5,24.1,2,5.5,7.4,0.133,0.8,0.3,1.1,2,2015
122,Jared Dudley,30,WAS,PF,81,41,25.9,2.9,6,0.478,1.2,2.9,0.42,1.6,3.1,0.534,0.581,0.9,1.2,0.735,0.7,2.9,3.5,2.1,0.9,0.2,1,2.3,7.9,,2098,11.7,0.602,0.489,0.201,2.8,12.6,7.6,11.4,1.7,0.7,13.1,12.7,2.6,2,4.6,0.105,-0.8,0.7,-0.1,1,2015
123,Duje Dukan,24,SAC,SF,1,0,24,2,10,0.2,2,5,0.4,0,5,0,0.3,0,0,,2,2,4,1,1,0,0,2,6,,24,4.2,0.3,0.5,0,9.1,9,9,5.6,2,0,0,17.7,0,0,0,-0.057,-4.3,-2.6,-7,0,2015
124,Tim Duncan,39,SAS,C,61,60,25.2,3.5,7.2,0.488,0,0,0,3.5,7.2,0.49,0.488,1.5,2.1,0.702,1.9,5.4,7.3,2.7,0.8,1.3,1.5,2,8.6,,1536,16.9,0.523,0.005,0.297,8.8,23.8,16.6,15.3,1.6,3.9,15.3,17.6,1.6,3.6,5.2,0.163,-0.1,3.1,3,2,2015
125,Mike Dunleavy,35,CHI,SF,31,30,22.7,2.5,6.1,0.41,1.3,3.2,0.394,1.2,2.9,0.427,0.513,0.9,1.2,0.784,0.3,2.4,2.7,1.3,0.5,0.3,0.8,2.1,7.2,,703,9.1,0.543,0.527,0.197,1.2,11,6.2,8.1,1,1,11.3,14.4,0.4,0.5,0.9,0.063,-2.6,-0.9,-3.5,-0.3,2015
126,Kevin Durant,27,OKC,SF,72,72,35.8,9.7,19.2,0.505,2.6,6.7,0.387,7.1,12.5,0.569,0.573,6.2,6.9,0.898,0.6,7.6,8.2,5,1,1.2,3.5,1.9,28.2,"MVP-5,AS,NBA2",2578,28.2,0.634,0.348,0.361,2,21.8,12.4,24.2,1.3,2.5,13.5,30.6,11,3.5,14.5,0.27,8.4,1.6,9.9,7.8,2015
127,Cleanthony Early,24,NYK,SF,17,2,9.1,0.7,2.4,0.3,0.2,0.9,0.267,0.5,1.5,0.32,0.35,0.2,0.2,0.75,0.2,1.3,1.5,0.4,0.1,0.2,0.5,0.9,1.8,,154,2.2,0.371,0.375,0.1,2.9,15.4,9.2,5.7,0.7,1.5,17.7,14.9,-0.3,0.1,-0.2,-0.075,-7.2,-1.5,-8.6,-0.3,2015
128,Jarell Eddie,24,WAS,SF,26,0,5.7,0.8,2.5,0.308,0.6,1.8,0.319,0.2,0.7,0.278,0.423,0.3,0.3,1,0.1,0.8,0.9,0.2,0.2,0,0,0.2,2.4,,147,11,0.46,0.723,0.123,1.5,16.3,8.8,5,1.7,0.6,1.4,20.7,0,0.1,0.1,0.046,-0.3,-1.1,-1.5,0,2015
129,Wayne Ellington,28,BRK,SG,76,41,21.3,2.9,7.4,0.389,1.3,3.5,0.358,1.6,3.9,0.416,0.474,0.7,0.8,0.857,0.3,2,2.3,1.1,0.6,0.1,0.6,1.1,7.7,,1615,10.1,0.498,0.478,0.112,1.4,10.9,6.1,7.8,1.5,0.3,7.1,17.5,0.5,0.3,0.8,0.025,-1.5,-1.3,-2.8,-0.3,2015
130,Monta Ellis,30,IND,SG,81,81,33.8,5.4,12.6,0.427,1.1,3.5,0.309,4.3,9.1,0.472,0.47,2,2.5,0.786,0.5,2.8,3.3,4.7,1.9,0.5,2.5,2.1,13.8,,2734,13.7,0.504,0.276,0.202,1.7,9.1,5.4,22.2,2.7,1.1,15.4,21.2,0.4,3.9,4.3,0.075,-1,1.1,0.1,1.5,2015
131,James Ennis III,25,3TM,SF,22,5,15,2.5,5.1,0.478,1.2,2.6,0.448,1.3,2.5,0.509,0.593,1.1,1.5,0.735,1,1,1.9,1,0.7,0.2,0.9,1.3,7.2,,329,17.8,0.621,0.513,0.301,6.9,7.4,7.1,10.1,2.4,1.3,12.9,19.8,0.7,0.2,0.9,0.133,2.5,-1,1.5,0.3,2015
132,Tyler Ennis,21,MIL,PG,46,7,14.2,1.8,4.1,0.449,0.3,0.8,0.333,1.5,3.2,0.48,0.484,0.5,0.7,0.735,0.3,1.3,1.6,2.1,0.5,0,1,1.4,4.5,,654,10.7,0.51,0.209,0.182,2.3,10.7,6.6,21.9,1.9,0.1,18.6,17.1,0.1,0.3,0.4,0.03,-3.1,-1.1,-4.3,-0.4,2015
133,Jeremy Evans,28,DAL,SF,30,2,8.4,0.9,1.6,0.542,0.1,0.5,0.25,0.7,1.1,0.688,0.583,0.5,0.7,0.714,0.4,1.4,1.8,0.1,0.2,0.3,0.2,0.6,2.4,,251,12.6,0.62,0.333,0.438,4.8,18.8,11.8,1.2,1.2,3,10.9,11.7,0.3,0.3,0.6,0.119,-1.5,1,-0.4,0.1,2015
134,Tyreke Evans,26,NOP,SG,25,25,30.6,5.4,12.6,0.433,1.3,3.4,0.388,4.1,9.2,0.45,0.486,3,3.7,0.796,0.8,4.4,5.2,6.6,1.3,0.3,2.9,2.6,15.2,,765,17.9,0.534,0.271,0.296,2.8,16.4,9.3,34.6,2.1,0.9,17.1,24.7,0.8,0.6,1.4,0.087,1.8,-0.1,1.7,0.7,2015
135,Festus Ezeli,26,GSW,C,46,13,16.7,2.7,5,0.548,0,0,,2.7,5,0.548,0.548,1.5,2.9,0.53,2,3.6,5.6,0.7,0.4,1.1,0.8,2,7,,770,17.7,0.559,0,0.579,13.5,21.9,18,5.8,1.1,4.8,11.7,18.2,1.4,1.3,2.7,0.171,-0.6,0.4,-0.1,0.4,2015
136,Kenneth Faried,26,DEN,PF,67,64,25.3,5.2,9.3,0.558,0,0,0.5,5.2,9.3,0.558,0.558,2,3.3,0.613,3.5,5.2,8.7,1.2,0.5,0.9,1.4,2.5,12.5,,1694,21,0.577,0.003,0.355,15.1,23,19,8.1,0.9,2.9,11.2,21,4,1.5,5.5,0.156,1.7,-1.4,0.3,1,2015
137,Jordan Farmar,29,MEM,PG,12,10,24.3,3.5,8.3,0.42,1.3,3.8,0.356,2.2,4.6,0.473,0.5,0.8,0.8,1,0.3,1.8,2.1,3.1,1.3,0.2,1.5,1.8,9.2,,291,13.2,0.527,0.45,0.1,1.5,8.6,4.9,20.6,2.7,0.6,14.7,18.9,0.2,0.2,0.4,0.064,-0.5,-0.2,-0.7,0.1,2015
138,Derrick Favors,24,UTA,PF,62,59,32,6.7,13.1,0.515,0,0.1,0,6.7,13,0.518,0.515,2.9,4.1,0.709,2.7,5.4,8.1,1.5,1.2,1.5,1.7,2.4,16.4,,1983,21.6,0.551,0.005,0.313,10,19.6,14.8,8.9,2,3.9,10.1,23.9,3.8,3.4,7.1,0.173,2.1,1.2,3.3,2.6,2015
139,Cristiano Felício,23,CHI,C,31,4,10.4,1.3,2.3,0.556,0,0.1,0,1.3,2.2,0.588,0.556,0.8,1.1,0.714,1,2.3,3.3,0.8,0.2,0.4,0.4,1,3.4,,321,17.6,0.601,0.056,0.486,10,23.1,16.7,12.1,0.9,3,12.9,13.7,0.7,0.4,1.2,0.175,0.1,0.2,0.3,0.2,2015
140,Raymond Felton,31,DAL,PG,80,31,27.4,3.5,8.5,0.406,0.8,2.7,0.282,2.7,5.9,0.463,0.45,1.9,2.2,0.847,0.5,2.8,3.2,3.6,0.9,0.2,1.5,1.8,9.5,,2192,11.9,0.502,0.312,0.258,1.8,11.1,6.5,20.3,1.6,0.6,13.7,18.4,1,1.7,2.7,0.059,-1.7,0.1,-1.6,0.2,2015
141,Evan Fournier,23,ORL,SF,79,71,32.5,5.4,11.8,0.462,2,4.9,0.4,3.5,6.8,0.506,0.546,2.5,3,0.836,0.4,2.4,2.8,2.7,1.2,0,1.7,2.7,15.4,,2566,14.6,0.587,0.42,0.256,1.4,8.4,4.9,12.8,1.9,0.1,11.4,20.1,4,1.7,5.7,0.106,0.1,-0.5,-0.3,1.1,2015
142,Randy Foye,32,2TM,SG,81,8,20.3,2.1,6,0.351,0.9,3.1,0.3,1.2,2.9,0.405,0.428,0.8,0.9,0.824,0.3,1.6,1.9,2,0.5,0.4,1.1,1.6,5.9,,1642,7.6,0.461,0.519,0.154,1.6,8.8,5.2,14.1,1.2,1.4,14.3,15.9,-0.4,0.9,0.4,0.012,-2.7,-0.5,-3.3,-0.5,2015
143,Tim Frazier,25,2TM,PG,51,2,14.5,1.9,4.5,0.419,0.3,0.9,0.333,1.6,3.5,0.442,0.454,1,1.5,0.716,0.5,1.6,2.2,3.2,0.6,0,1.3,1.4,5.1,,741,13.9,0.499,0.21,0.323,3.8,12.8,8.2,33.3,2.2,0.2,19.9,19.4,0.4,0.5,1,0.062,-1.5,-0.5,-2,0,2015
144,Jimmer Fredette,26,2TM,SG,6,0,3,0.3,0.8,0.4,0.2,0.3,0.5,0.2,0.5,0.333,0.5,0.7,0.8,0.8,0,0,0,0.2,0.2,0,0.3,0.3,1.5,,18,12,0.625,0.4,1,0,0,0,7.7,2.8,0,21.7,22.8,0,0,0,0,-2.3,-0.3,-2.6,0,2015
145,Enes Freedom,23,OKC,C,82,1,21,5,8.8,0.576,0.1,0.3,0.476,4.9,8.5,0.579,0.583,2.4,3.1,0.797,3,5.1,8.1,0.4,0.3,0.4,1.4,2,12.7,6MOY-3,1721,24,0.626,0.029,0.349,16.7,24.9,21,3.1,0.7,1.5,12.2,23.4,6,2.1,8.1,0.226,3.3,-2.1,1.2,1.4,2015
146,Channing Frye,32,2TM,C,70,32,17.1,2.2,5,0.438,1.3,3.4,0.387,0.9,1.6,0.545,0.569,0.4,0.5,0.857,0.5,2.8,3.3,1,0.4,0.4,0.6,1.8,6.1,,1200,12.9,0.586,0.677,0.101,3.2,18.6,10.9,8.7,1.2,1.9,10.6,15.1,1.6,1.3,3,0.119,0.3,0.5,0.8,0.8,2015
147,Danilo Gallinari,27,DEN,SF,53,53,34.7,5.4,13.2,0.41,1.6,4.5,0.364,3.8,8.7,0.434,0.472,7.1,8.2,0.868,1,4.3,5.3,2.5,0.8,0.4,1.5,1.6,19.5,,1839,19,0.582,0.341,0.617,3.1,14,8.5,11.8,1.1,0.8,8,23,5.5,0.9,6.3,0.165,3.4,-0.7,2.7,2.2,2015
148,Langston Galloway,24,NYK,PG,82,7,24.8,2.8,7.2,0.393,0.9,2.7,0.344,1.9,4.4,0.423,0.458,1,1.4,0.754,0.5,3,3.5,2.5,0.9,0.3,0.7,2.2,7.6,,2033,11.7,0.49,0.381,0.194,2.3,13,7.7,15.7,1.9,0.8,8.7,15.6,1.4,1.8,3.3,0.077,-1.7,0.7,-1,0.5,2015
149,Kevin Garnett,39,MIN,PF,38,38,14.6,1.4,3,0.47,0,0,0,1.4,3,0.474,0.47,0.4,0.6,0.667,0.4,3.6,3.9,1.6,0.7,0.3,0.4,1.8,3.2,,556,12.3,0.491,0.009,0.183,3.2,27.9,15.7,16.4,2.5,1.5,11.4,11.3,0.4,0.7,1.1,0.092,-1.6,3.1,1.5,0.5,2015
150,Marc Gasol,31,MEM,C,52,52,34.4,6.3,13.6,0.464,0,0.1,0.667,6.3,13.5,0.463,0.465,3.9,4.7,0.829,1.1,5.8,7,3.8,1,1.3,2.3,2.7,16.6,,1791,17.7,0.528,0.004,0.347,3.5,20.2,11.5,18.9,1.4,3.6,12.7,23.4,1.8,1.9,3.7,0.098,0.8,0.9,1.7,1.7,2015
151,Pau Gasol,35,CHI,C,72,72,31.8,6.5,13.8,0.469,0.3,1,0.348,6.2,12.9,0.478,0.481,3.2,4,0.792,2.2,8.9,11,4.1,0.6,2,2.3,2.1,16.5,AS,2291,21.7,0.529,0.069,0.29,7.3,28.7,18.2,21.7,0.9,4.7,12.8,24.6,3.2,3.9,7.1,0.149,2.7,2.3,4.9,4,2015
152,Rudy Gay,29,SAC,SF,70,70,34,6.7,14.4,0.463,1.1,3.1,0.344,5.6,11.3,0.495,0.5,2.8,3.6,0.78,1.5,5,6.5,1.7,1.4,0.7,2,2.6,17.2,,2379,15.5,0.538,0.214,0.252,4.7,15.9,10.4,8,2,1.7,11.1,22.4,1.8,2.1,3.8,0.078,-0.1,-0.3,-0.3,1,2015
153,Alonzo Gee,28,NOP,SF,73,38,22.4,1.8,3.5,0.518,0.2,0.8,0.283,1.6,2.7,0.59,0.551,0.6,0.9,0.667,0.8,2.5,3.4,1,0.9,0.2,0.8,2.3,4.5,,1632,8.4,0.572,0.235,0.259,3.9,13,8.3,6.2,1.9,0.7,16.2,9.2,1,0.9,1.9,0.056,-3.2,0.6,-2.6,-0.2,2015
154,Paul George,25,IND,SF,81,81,34.8,7.5,17.9,0.418,2.6,7,0.371,4.9,10.9,0.447,0.49,5.6,6.5,0.86,1,6,7,4.1,1.9,0.4,3.3,2.8,23.1,"AS,NBA3,DEF2",2819,20.9,0.557,0.391,0.364,3.1,18.7,10.9,20.3,2.7,0.8,13.6,30.4,4.4,4.8,9.2,0.157,3.7,1.2,4.9,4.9,2015
155,Taj Gibson,30,CHI,PF,73,55,26.5,3.6,6.8,0.526,0,0,0,3.6,6.8,0.529,0.526,1.4,2,0.692,2.8,4.1,6.9,1.5,0.6,1.1,1.1,2.5,8.6,,1936,15.7,0.556,0.006,0.292,11.4,15.9,13.7,8.3,1.2,2.9,12.1,14.6,3.2,2.2,5.4,0.133,-0.4,0.4,0,1,2015
156,Manu Ginóbili,38,SAS,SG,58,0,19.6,3.4,7.5,0.453,1.2,3.1,0.391,2.2,4.4,0.496,0.533,1.6,1.9,0.813,0.4,2.1,2.5,3.1,1.1,0.2,1.7,1.7,9.6,,1134,17.8,0.573,0.411,0.257,2.7,11.7,7.3,23.6,3,0.8,17,23.6,1.5,2.3,3.8,0.16,1.4,2.2,3.6,1.6,2015
157,Rudy Gobert,23,UTA,C,61,60,31.7,3.2,5.8,0.559,0,0,,3.2,5.8,0.559,0.559,2.6,4.6,0.569,3.4,7.5,11,1.5,0.7,2.2,1.9,2.7,9.1,DPOY-7,1932,17.5,0.582,0,0.799,12.6,27.7,20.2,7.4,1.2,5.9,19.2,14.2,2.6,3.8,6.4,0.16,0,2.2,2.2,2,2015
158,Drew Gooden,34,WAS,PF,30,0,10.2,1.1,3.4,0.32,0.2,1.4,0.171,0.9,2.1,0.419,0.354,0.3,0.5,0.643,0.9,1.9,2.8,0.4,0.3,0.4,0.4,1.3,2.7,,305,7.5,0.376,0.398,0.136,10.1,21.3,15.6,6,1.3,2.9,10.6,17.5,-0.4,0.4,0,-0.005,-5,-1.3,-6.3,-0.3,2015
159,Archie Goodwin,21,PHO,PG,57,13,19.5,3.1,7.4,0.417,0.4,1.7,0.232,2.7,5.7,0.474,0.444,2.3,3.4,0.674,0.5,2,2.5,2.1,0.5,0.2,1.8,1.5,8.9,,1114,11.1,0.498,0.235,0.457,2.6,11.5,6.9,17.2,1.2,1,16.5,23.2,-0.4,0.5,0.1,0.004,-2.1,-1.5,-3.7,-0.5,2015
160,Aaron Gordon,20,ORL,PF,78,37,23.9,3.5,7.4,0.473,0.5,1.8,0.296,3,5.6,0.531,0.509,1.7,2.5,0.668,2,4.5,6.5,1.6,0.8,0.7,0.8,2,9.2,,1863,17,0.541,0.245,0.333,9,21.3,15.1,10.3,1.6,2.4,9,17.3,3.2,2.2,5.4,0.139,0.9,0.1,1,1.4,2015
161,Eric Gordon,27,NOP,SG,45,44,32.9,5.1,12.3,0.418,2.5,6.5,0.384,2.6,5.7,0.457,0.521,2.5,2.8,0.888,0.2,2,2.2,2.7,1,0.3,1.6,2.2,15.2,,1481,13.5,0.565,0.533,0.226,0.7,6.9,3.7,12.7,1.4,0.8,10.7,20.3,1.7,0.4,2.1,0.069,0.9,-1,-0.1,0.7,2015
162,Marcin Gortat,31,WAS,C,75,74,30.1,5.8,10.2,0.567,0,0,0,5.8,10.2,0.567,0.567,1.9,2.8,0.705,3,6.9,9.9,1.4,0.6,1.3,1.6,2.6,13.5,,2256,19,0.592,0.001,0.271,10.8,26.3,18.4,7.5,1,3.4,12.4,18.9,4.2,3.1,7.3,0.156,0.5,0.1,0.6,1.5,2015
163,Andrew Goudelock,27,HOU,PG,8,0,6.3,1.1,2.5,0.45,0.1,1.1,0.111,1,1.4,0.727,0.475,0.4,0.5,0.75,0.1,0.1,0.3,0.5,0.8,0.3,0.9,0.5,2.8,,50,12.3,0.506,0.45,0.2,2.2,2.2,2.2,13.3,5.9,3.3,24.3,24.8,-0.1,0.1,0,-0.033,-5.4,1.8,-3.6,0,2015
164,Jerami Grant,21,PHI,PF,77,52,26.8,3.3,7.8,0.419,0.5,1.9,0.24,2.8,5.9,0.477,0.448,2.8,4.2,0.658,1.3,3.4,4.7,1.8,0.7,1.6,1.4,2.8,9.7,,2066,12.6,0.506,0.244,0.538,5,14.3,9.5,10.4,1.3,4.7,12.9,18,0.5,1.6,2.1,0.05,-2.1,0.4,-1.7,0.1,2015
165,Jerian Grant,23,NYK,PG,76,6,16.6,2,5.1,0.394,0.3,1.3,0.22,1.7,3.8,0.454,0.422,1.3,1.6,0.78,0.3,1.6,1.9,2.3,0.7,0.1,1.1,1.3,5.6,,1265,11.2,0.479,0.256,0.315,2,10.2,6.2,21.8,2,0.6,16.3,19,-0.2,1,0.8,0.03,-2.8,-0.3,-3.1,-0.3,2015
166,Danny Green,28,SAS,SG,79,79,26.1,2.7,7.1,0.376,1.5,4.4,0.332,1.2,2.7,0.448,0.48,0.4,0.6,0.739,0.6,3.2,3.8,1.8,1,0.8,0.9,1.8,7.2,,2062,10.5,0.492,0.622,0.082,2.7,13.6,8.4,9.3,2,2.4,11.4,14.6,0.2,4.1,4.2,0.099,-1,2.1,1.1,1.6,2015
167,Draymond Green,25,GSW,PF,81,81,34.7,5,10.1,0.49,1.2,3.2,0.388,3.7,6.9,0.537,0.551,2.8,4.1,0.696,1.7,7.8,9.5,7.4,1.5,1.4,3.2,3,14,"MVP-7,DPOY-2,AS,NBA2,DEF1",2808,19.3,0.587,0.315,0.402,5.5,23,14.7,29,2,3,21.2,18.8,6,5.1,11.1,0.19,2.6,2.9,5.5,5.3,2015
168,Erick Green,24,2TM,PG,9,0,4.7,0.6,1.4,0.385,0.1,0.6,0.2,0.4,0.9,0.5,0.423,0.2,0.2,1,0.3,0.3,0.7,0.3,0.1,0,0,0.4,1.4,,42,12.4,0.468,0.385,0.154,8.4,8.2,8.3,11,1.3,0,0,15.2,0.1,0,0.1,0.121,-1.6,-0.4,-1.9,0,2015
169,Gerald Green,30,MIA,SG,69,14,22.6,3.3,8.5,0.392,1.2,3.8,0.323,2.1,4.7,0.446,0.463,1,1.3,0.783,0.4,2,2.4,0.8,0.6,0.3,0.7,1.8,8.9,,1557,10.1,0.491,0.443,0.157,1.9,9.7,5.9,5.6,1.3,0.9,6.8,19.8,0.3,1.4,1.7,0.052,-2.1,-0.9,-3.1,-0.4,2015
170,JaMychal Green,25,MEM,PF,78,15,18.5,2.9,6.3,0.465,0.2,0.6,0.333,2.8,5.8,0.478,0.48,1.3,1.8,0.752,1.8,3,4.8,0.9,0.6,0.4,1.1,2.4,7.4,,1446,14.6,0.52,0.091,0.277,10.5,19.3,14.7,7.7,1.6,2.1,13,19.8,1.2,1.4,2.6,0.086,-1.5,-1,-2.5,-0.2,2015
171,Jeff Green,29,2TM,SF,80,41,28.2,4.4,10.3,0.43,0.8,2.7,0.315,3.6,7.6,0.47,0.47,2.1,2.8,0.745,0.9,3.2,4.2,1.7,0.7,0.5,1.2,2.1,11.7,,2253,13,0.51,0.258,0.267,3.6,13.3,8.3,10,1.3,1.5,9.2,20.2,1.3,1.7,3.1,0.065,-0.8,-0.9,-1.8,0.1,2015
172,Blake Griffin,26,LAC,PF,35,35,33.4,8.6,17.2,0.499,0.2,0.5,0.333,8.4,16.7,0.504,0.504,4,5.5,0.727,1.5,6.9,8.4,4.9,0.8,0.5,2.4,2.7,21.4,,1170,22.1,0.544,0.03,0.322,4.8,22.3,13.7,27.2,1.2,1.1,10.8,29.8,2.2,1.6,3.8,0.156,3.4,1.1,4.5,1.9,2015
173,Jorge Gutiérrez,27,CHO,PG,12,0,5.3,0.5,0.9,0.545,0,0.2,0,0.5,0.8,0.667,0.545,0.8,0.9,0.909,0,0.6,0.6,1.4,0.3,0,0.5,0.3,1.8,,63,19.2,0.694,0.182,1,0,12.3,6.1,40.3,2.4,0,27.5,15.6,0.2,0.1,0.3,0.201,-0.3,0.8,0.6,0,2015
174,P.J. Hairston,23,2TM,SF,66,52,19.9,2.2,6.2,0.355,1.1,3.7,0.29,1.1,2.5,0.449,0.441,0.8,1,0.781,0.4,2.3,2.6,0.6,0.5,0.2,0.6,2.1,6.2,,1313,6.9,0.47,0.591,0.157,2.1,12.8,7.3,4.4,1.2,0.7,8.6,16.4,-0.6,1.1,0.6,0.02,-3.8,-0.7,-4.5,-0.8,2015
175,Jordan Hamilton,25,NOP,SF,11,4,27.6,4.5,10.5,0.422,1.2,4.1,0.289,3.3,6.5,0.507,0.478,1.3,1.9,0.667,1.1,4.5,5.6,2.3,0.7,0.3,1.5,2.2,11.4,,304,12.4,0.499,0.388,0.181,4.2,18.9,11.3,12.9,1.3,0.8,12,20.7,0,0.2,0.2,0.03,-1.6,-1.7,-3.3,-0.1,2015
176,Tyler Hansbrough,30,CHO,PF,44,0,7.8,0.7,1.6,0.451,0,0.1,0.667,0.7,1.5,0.441,0.465,0.9,1.5,0.585,0.9,1.1,2,0.2,0.3,0.2,0.3,1.3,2.4,,343,12.5,0.522,0.042,0.915,12.6,15.8,14.2,3.5,1.8,1.7,10.8,14.7,0.5,0.5,1,0.134,-3.5,-0.3,-3.8,-0.1,2015
177,Tim Hardaway Jr.,23,ATL,SG,51,1,16.9,2.2,5.2,0.43,0.9,2.8,0.336,1.3,2.4,0.541,0.521,1,1.1,0.893,0.1,1.5,1.7,1,0.4,0.1,0.5,0.9,6.4,,864,11.7,0.563,0.54,0.211,0.9,9.8,5.4,8.9,1.2,0.6,7.4,16.2,0.9,1,1.9,0.105,-1.1,0.2,-0.9,0.2,2015
178,James Harden,26,HOU,SG,82,82,38.1,8.7,19.7,0.439,2.9,8,0.359,5.8,11.7,0.494,0.512,8.8,10.2,0.86,0.8,5.3,6.1,7.5,1.7,0.6,4.6,2.8,29,"MVP-9,AS",3125,25.3,0.598,0.406,0.518,2.2,15.6,8.8,35.4,2.2,1.4,15.9,32.5,10.7,2.6,13.3,0.204,6.4,0.2,6.6,6.8,2015
179,Maurice Harkless,22,POR,SF,78,14,18.7,2.5,5.3,0.474,0.5,1.8,0.279,2,3.5,0.576,0.522,0.9,1.4,0.622,1.3,2.3,3.6,0.9,0.6,0.4,0.8,1.6,6.4,,1457,13.3,0.541,0.341,0.27,7.5,13.3,10.4,6.9,1.7,1.9,11.9,15.6,1.6,1.3,2.9,0.096,-0.5,0,-0.5,0.5,2015
180,Justin Harper,26,DET,PF,5,0,7,0.8,2,0.4,0.8,1.8,0.444,0,0.2,0,0.6,0.2,0.4,0.5,0,0.2,0.2,0,0.2,0,0.4,0.6,2.6,,35,6.9,0.597,0.9,0.2,0,3.2,1.6,0,1.4,0,15.5,16,0,0,0,0.039,-2.3,-1.9,-4.2,0,2015
181,Montrezl Harrell,22,HOU,PF,39,1,9.7,1.5,2.3,0.644,0,0,0,1.5,2.3,0.652,0.644,0.6,1.2,0.522,0.6,1,1.7,0.4,0.3,0.3,0.4,1.2,3.6,,379,14.6,0.635,0.011,0.511,7.2,11.7,9.5,7.2,1.4,2.4,13.4,14.5,0.7,0.2,0.9,0.118,-0.5,-0.1,-0.6,0.1,2015
182,Devin Harris,32,DAL,PG,64,0,20,2.6,5.8,0.447,0.8,2.5,0.329,1.8,3.4,0.532,0.516,1.6,2.2,0.721,0.3,1.9,2.2,1.8,0.9,0.2,1,1.9,7.6,,1280,13.1,0.559,0.422,0.374,1.5,10.3,5.9,14.5,2.4,0.8,13.2,17.9,1.2,1.3,2.5,0.095,-1.4,1.5,0.1,0.7,2015
183,Gary Harris,21,DEN,SG,76,76,32.1,4.7,10.1,0.469,1.4,3.9,0.354,3.3,6.2,0.543,0.538,1.4,1.8,0.82,0.7,2.2,2.9,1.9,1.3,0.2,1.3,1.9,12.3,,2439,12.7,0.566,0.388,0.174,2.4,7.7,5,9.5,2,0.6,10.6,16.5,2.8,1.2,4,0.079,-0.6,-0.2,-0.9,0.7,2015
184,Joe Harris,24,CLE,SG,5,0,3,0.2,0.8,0.25,0.2,0.8,0.25,0,0,,0.375,0,0,,0,0.6,0.6,0.4,0,0,0.2,0.2,0.6,,15,3.4,0.375,1,0,0,22.5,11.3,18.2,0,0,20,15.1,0,0,0,-0.032,-5,-0.9,-5.9,0,2015
185,Tobias Harris,23,2TM,PF,76,74,33.1,5.5,11.7,0.469,1.1,3.1,0.335,4.4,8.6,0.518,0.514,2.7,3.2,0.831,1.3,5.4,6.7,2.2,0.9,0.5,1.4,2,14.7,,2513,16.2,0.56,0.269,0.273,4.1,18.6,11.2,10.6,1.3,1.3,9.8,19.3,4.1,2.5,6.6,0.126,1.2,0.3,1.5,2.2,2015
186,Aaron Harrison,21,CHO,SG,21,0,4.4,0.2,0.9,0.263,0.1,0.5,0.3,0.1,0.4,0.222,0.342,0.2,0.6,0.417,0.2,0.5,0.7,0.1,0.3,0,0.2,0.5,0.9,,93,4.3,0.371,0.526,0.632,4.7,13.1,8.8,3,3.2,0,14.1,13.7,-0.2,0.1,0,-0.014,-7.2,0.9,-6.3,-0.1,2015
187,Udonis Haslem,35,MIA,PF,37,0,7,0.6,1.6,0.377,0,0.2,0.111,0.6,1.4,0.423,0.385,0.3,0.4,0.75,0.3,1.8,2,0.4,0.1,0.1,0.1,0.7,1.6,,260,9.1,0.434,0.148,0.262,4.5,27.4,16.3,7.6,1,0.6,6.8,12.8,0,0.4,0.4,0.072,-3.2,0.6,-2.6,0,2015
188,Spencer Hawes,27,CHO,PF,57,6,18.2,2.2,5.4,0.405,0.7,1.8,0.373,1.5,3.6,0.422,0.467,0.9,1.1,0.831,0.9,3.4,4.3,1.9,0.4,0.5,1,1.9,6,,1035,12.4,0.508,0.333,0.212,5.3,20.6,12.9,16.3,1.1,2.1,14.8,17.1,0.6,1.4,1.9,0.09,-1.6,1,-0.6,0.3,2015
189,Chuck Hayes,32,HOU,C,2,0,12,0.5,1,0.5,0,0,,0.5,1,0.5,0.5,1,1,1,0,4,4,1,0,0,1.5,3,2,,24,1.6,0.694,0,1,0,37,18.4,11.3,0,0,51,10.5,0,0,0,-0.016,-8.6,0.4,-8.1,0,2015
190,Gordon Hayward,25,UTA,SF,80,80,36.2,6.5,15,0.433,1.8,5.1,0.349,4.7,9.9,0.477,0.493,4.9,6,0.824,0.8,4.2,5,3.7,1.2,0.3,2.5,2.3,19.7,,2893,18.3,0.559,0.341,0.397,2.5,13.5,8,18.2,1.7,0.8,12.5,25.7,5.5,3.4,8.9,0.147,2.4,0.2,2.6,3.3,2015
191,Gerald Henderson,28,POR,SG,72,0,19.9,3.2,7.3,0.439,0.7,1.9,0.353,2.6,5.5,0.468,0.484,1.6,2,0.767,0.4,2.5,2.9,1,0.5,0.3,0.9,1.2,8.7,,1431,12.9,0.526,0.257,0.276,2.3,13.7,8,8.2,1.4,1,10.3,20.2,1,1,2,0.068,-1.1,-0.7,-1.8,0.1,2015
192,John Henson,25,MIL,C,57,1,16.8,2.9,5.1,0.564,0,0,0,2.9,5.1,0.566,0.564,1.2,2.1,0.59,1.5,2.4,3.9,0.9,0.3,1.9,1.1,2.3,7,,960,18.6,0.58,0.003,0.402,10.4,15.8,13.2,9,1,9.7,15.7,19.1,1.2,1.1,2.3,0.117,-1.2,1.3,0.2,0.5,2015
193,Mario Hezonja,20,ORL,SF,79,9,17.9,2.3,5.3,0.433,0.8,2.4,0.349,1.4,2.9,0.504,0.513,0.6,0.7,0.907,0.4,1.9,2.2,1.4,0.5,0.2,1.2,1.6,6.1,,1413,9.4,0.541,0.459,0.129,2.2,11.8,6.9,11.2,1.4,1,18,16.9,-0.1,1,0.9,0.029,-2.4,-0.7,-3.1,-0.4,2015
194,Roy Hibbert,29,LAL,C,81,81,23.2,2.2,5.1,0.443,0,0,0,2.2,5,0.445,0.443,1.4,1.8,0.807,1.6,3.3,4.9,1.2,0.4,1.4,0.9,3.1,5.9,,1878,11.2,0.507,0.005,0.353,7.3,15.8,11.4,8,0.9,4.6,13.8,12.9,1.1,1,2.2,0.056,-3.5,0.2,-3.2,-0.6,2015
195,J.J. Hickson,27,2TM,C,35,9,12.5,2.3,4.4,0.516,0,0,0,2.3,4.4,0.519,0.516,1.3,2.9,0.447,1.1,2.7,3.8,0.7,0.4,0.4,0.7,1.3,5.9,,436,16.8,0.514,0.006,0.665,9.8,24.1,16.8,8.7,1.7,2.6,11.1,22.6,0.3,0.5,0.8,0.088,-1.1,0,-1.1,0.1,2015
196,Nenê,33,WAS,PF,57,11,19.2,3.7,6.7,0.544,0,0.1,0,3.7,6.7,0.549,0.544,1.9,3.2,0.578,0.9,3.6,4.5,1.7,0.9,0.5,1.3,2.7,9.2,,1094,16.8,0.564,0.008,0.482,5.2,21.6,13.2,14.1,2.4,1.9,14,21.6,1.1,1.6,2.7,0.12,-1.3,1.6,0.4,0.6,2015
197,George Hill,29,IND,PG,74,73,34.1,4.4,10,0.441,1.7,4.2,0.408,2.7,5.7,0.466,0.528,1.5,2,0.76,0.8,3.2,4,3.5,1.1,0.2,1.4,2,12.1,,2524,13.2,0.555,0.425,0.203,2.5,10.3,6.5,15.5,1.6,0.5,11.1,15.8,3.4,2.8,6.2,0.118,0.1,0.7,0.7,1.7,2015
198,Jordan Hill,28,IND,C,73,11,20.7,3.8,7.5,0.506,0,0,0,3.8,7.5,0.507,0.506,1.2,1.7,0.712,2.1,4,6.2,1.2,0.5,0.5,1.3,2.1,8.8,,1513,16.4,0.534,0.002,0.228,11.3,21.2,16.3,9.5,1.2,2,13.2,20.3,1.6,2.3,3.9,0.124,-0.7,0,-0.7,0.5,2015
199,Solomon Hill,24,IND,SF,59,3,14.7,1.6,3.5,0.447,0.4,1.3,0.324,1.2,2.3,0.515,0.505,0.6,0.7,0.857,0.7,2.2,2.8,1,0.6,0.2,0.6,1.2,4.2,,866,12.2,0.543,0.356,0.202,4.9,15.9,10.5,9.6,2.1,1,12.7,13.2,0.8,1.3,2.1,0.117,-1.1,1.2,0.1,0.5,2015
200,Darrun Hilliard,22,DET,SG,38,2,10.1,1.4,3.4,0.397,0.5,1.3,0.38,0.9,2.1,0.407,0.469,0.8,1.1,0.725,0.1,1.1,1.2,0.7,0.2,0,0.5,0.7,4,,383,10.7,0.511,0.382,0.305,1.4,11.9,6.4,10.9,1.2,0.2,11.3,19.1,0.2,0.3,0.5,0.066,-1.9,-0.5,-2.5,0,2015
201,Kirk Hinrich,35,2TM,PG,46,7,13.7,1.1,2.8,0.38,0.5,1.3,0.387,0.5,1.5,0.373,0.473,0.3,0.3,0.938,0.2,1.3,1.5,1.6,0.3,0,0.7,1.4,3,,631,7.2,0.504,0.481,0.124,1.4,10.2,5.9,16,1.2,0.2,18.1,11.6,0.1,0.5,0.6,0.044,-3.9,0.5,-3.5,-0.2,2015
202,Jrue Holiday,25,NOP,PG,65,23,28.2,6.3,14.4,0.439,1.3,4,0.336,5,10.4,0.478,0.485,2.8,3.3,0.843,0.4,2.6,3,6,1.4,0.3,2.6,2.3,16.8,6MOY-16,1831,19.7,0.529,0.277,0.231,1.6,10.5,5.9,37.3,2.4,1,14,28.9,2.2,1.2,3.4,0.089,2.7,-0.6,2.1,1.9,2015
203,Justin Holiday,26,2TM,SG,53,5,14.6,1.7,4.3,0.386,0.7,2,0.343,1,2.3,0.423,0.465,0.5,0.7,0.73,0.2,1.5,1.7,1.1,0.6,0.4,0.7,1.2,4.5,,773,9.4,0.489,0.461,0.162,1.7,10.5,6.2,10.7,2.1,1.8,13.8,16.2,-0.3,0.9,0.6,0.04,-3.3,0.1,-3.1,-0.2,2015
204,Ryan Hollins,31,2TM,C,37,12,12.4,1.3,2.1,0.62,0,0,,1.3,2.1,0.62,0.62,0.7,1.1,0.619,1.3,1.4,2.6,0.3,0.2,0.6,0.6,1.7,3.4,,460,12.3,0.636,0,0.532,11.2,13.2,12.1,3.3,0.7,4.2,19.8,11.8,0.6,0.3,1,0.1,-2.8,-1,-3.7,-0.2,2015
205,Rondae Hollis-Jefferson,21,BRK,SF,29,17,21.2,2.2,4.8,0.457,0.1,0.5,0.286,2,4.3,0.476,0.471,1.3,1.8,0.712,1.3,4,5.3,1.5,1.3,0.6,0.9,2.1,5.8,,615,14.2,0.519,0.101,0.377,7,21.4,14.1,10.1,3.2,2.1,13.9,13.5,0.5,0.7,1.2,0.094,-1.4,2.2,0.8,0.4,2015
206,Richaun Holmes,22,PHI,PF,51,1,13.8,2.2,4.4,0.514,0.2,0.9,0.182,2.1,3.5,0.596,0.532,1,1.5,0.689,1.2,1.4,2.6,0.6,0.4,0.8,0.6,1.8,5.6,,702,15.9,0.564,0.198,0.333,9.3,11.7,10.5,8,1.3,4.3,11.2,17.9,1,0.5,1.5,0.103,-1.1,-0.4,-1.5,0.1,2015
207,Rodney Hood,23,UTA,SG,79,79,32.2,5.2,12.3,0.42,2,5.7,0.359,3.1,6.6,0.472,0.503,2.2,2.5,0.86,0.5,2.9,3.4,2.7,0.9,0.2,1.6,2.6,14.5,,2541,14.1,0.542,0.462,0.206,1.8,10.5,6.1,14.4,1.5,0.5,10.5,21.5,3.4,2.5,6,0.112,0.7,0,0.7,1.7,2015
208,Al Horford,29,ATL,C,82,82,32.1,6.5,12.8,0.505,1.1,3.1,0.344,5.4,9.7,0.557,0.547,1.3,1.6,0.798,1.8,5.5,7.3,3.2,0.8,1.5,1.3,2,15.2,"DPOY-13,AS",2631,19.4,0.565,0.244,0.123,6.3,18.2,12.4,16.7,1.3,3.6,8.8,20.6,4.9,4.5,9.4,0.172,2.2,1.6,3.8,3.9,2015
209,Dwight Howard,30,HOU,C,71,71,32.1,5.2,8.5,0.62,0,0.1,0,5.2,8.4,0.626,0.62,3.3,6.7,0.489,3.4,8.4,11.8,1.4,1,1.6,2.3,3.1,13.7,,2280,18.9,0.604,0.01,0.79,11.4,29.1,20.2,7,1.5,4.1,17,18.4,3.5,3.1,6.6,0.138,0.3,-0.2,0.1,1.2,2015
210,Marcelo Huertas,32,LAL,PG,53,0,16.4,1.8,4.3,0.422,0.3,1.2,0.262,1.5,3.2,0.479,0.457,0.5,0.5,0.931,0.3,1.4,1.7,3.4,0.5,0.1,1.5,1.4,4.5,,869,10.4,0.488,0.265,0.126,2.2,9.2,5.6,33.9,1.5,0.6,24.8,16.3,-0.2,0.1,-0.1,-0.006,-2.7,-2.2,-5,-0.7,2015
211,Josh Huestis,24,OKC,PF,5,0,11,1,2.4,0.417,0.8,1.2,0.667,0.2,1.2,0.167,0.583,0,0.8,0,0.4,1.6,2,0,0.2,0.4,0.6,0.6,2.8,,55,6.7,0.509,0.5,0.333,4.2,15,9.9,0,0.9,2.8,17.9,13,0,0.1,0,0.01,-2.2,-0.6,-2.8,0,2015
212,Kris Humphries,30,3TM,PF,53,17,15.8,2.3,5.6,0.41,0.6,2,0.315,1.6,3.5,0.465,0.468,1.3,1.6,0.798,1.1,3,4.1,0.7,0.3,0.4,0.7,1.8,6.5,,835,13.1,0.517,0.366,0.285,7.5,21.5,14.4,6.6,0.9,2.2,10.3,19.5,0.5,1.1,1.6,0.093,-1.6,-0.4,-2,0,2015
213,R.J. Hunter,22,BOS,SG,36,0,8.8,1,2.7,0.367,0.5,1.8,0.302,0.5,1,0.486,0.464,0.2,0.2,0.857,0.1,1,1,0.4,0.4,0.1,0.3,0.8,2.7,,315,7.7,0.48,0.643,0.071,0.7,12,6.2,5.9,2.2,1,9.8,15.1,-0.1,0.4,0.3,0.045,-3.1,1,-2.1,0,2015
214,Serge Ibaka,26,OKC,PF,78,78,32.1,5.3,11.1,0.479,0.8,2.4,0.326,4.6,8.8,0.52,0.513,1.2,1.6,0.752,1.8,5,6.8,0.8,0.5,1.9,1.4,2.7,12.6,,2500,13.9,0.533,0.212,0.139,6.5,16.2,11.6,3.9,0.8,4.5,10.5,17.6,2.5,3,5.5,0.105,-0.6,0,-0.6,0.8,2015
215,Andre Iguodala,32,GSW,SF,65,1,26.6,2.7,5.7,0.478,0.8,2.4,0.351,1.9,3.3,0.57,0.552,0.8,1.3,0.614,0.8,3.2,4,3.4,1.1,0.3,1.2,1.6,7,6MOY-2,1732,12.2,0.565,0.418,0.226,3.4,12.4,8.2,16.3,2,0.8,16.3,12.1,2.3,2.1,4.4,0.122,-0.2,1.3,1.1,1.4,2015
216,Ersan İlyasova,28,2TM,PF,74,56,25.4,3.8,8.9,0.424,1.3,3.5,0.371,2.5,5.4,0.458,0.496,1.5,2.1,0.721,1.9,3.5,5.4,0.9,0.7,0.4,1,2.3,10.4,,1881,14.2,0.526,0.392,0.233,8.1,15.6,11.7,5.6,1.4,1.4,8.9,18.6,2.4,2,4.4,0.113,0.2,-0.4,-0.2,0.9,2015
217,Joe Ingles,28,UTA,SF,81,2,15.3,1.5,3.6,0.426,1,2.6,0.386,0.5,1,0.531,0.565,0.2,0.2,0.722,0.2,1.6,1.9,1.2,0.7,0,0.8,1.2,4.2,,1241,10.3,0.572,0.722,0.062,1.8,12.4,7.1,12.1,2.3,0.3,17.9,13.5,0.7,1.6,2.3,0.089,-1.4,1.6,0.2,0.7,2015
218,Damien Inglis,20,MIL,SF,20,1,7.8,0.7,1.9,0.351,0.2,0.7,0.231,0.5,1.2,0.417,0.392,0.4,0.4,0.875,0.1,1.5,1.6,0.5,0.3,0.2,0.6,0.6,1.8,,156,6.7,0.444,0.351,0.216,1.5,21.1,11.4,9,2,1.6,21.4,14.9,-0.2,0.2,-0.1,-0.024,-4.9,-0.6,-5.6,-0.1,2015
219,Kyrie Irving,23,CLE,PG,53,53,31.5,7.4,16.6,0.448,1.6,4.9,0.321,5.8,11.6,0.502,0.496,3.2,3.6,0.885,0.8,2.1,3,4.7,1.1,0.3,2.3,2,19.6,,1667,19.9,0.54,0.298,0.217,3,7.6,5.3,26.6,1.7,0.9,11.4,29.5,3.2,1.7,5,0.143,3.2,-0.8,2.3,1.8,2015
220,Jarrett Jack,32,BRK,PG,32,32,32.1,4.4,11.2,0.391,1,3.2,0.304,3.4,8,0.426,0.434,3.1,3.5,0.893,0.3,4,4.3,7.4,1.1,0.2,2.9,2.4,12.8,,1027,14.5,0.505,0.285,0.313,1,14.1,7.4,35,1.7,0.6,18.8,21.7,0.5,0.4,0.9,0.043,0,-0.7,-0.7,0.3,2015
221,Reggie Jackson,25,DET,PG,79,79,30.7,6.8,15.7,0.434,1.5,4.2,0.353,5.3,11.5,0.464,0.482,3.7,4.3,0.864,0.7,2.5,3.2,6.2,0.7,0.1,2.8,2.4,18.8,,2424,19.6,0.535,0.268,0.271,2.5,9.1,5.7,36.3,1.2,0.3,13.8,29.1,4.9,1.9,6.9,0.136,3.4,-0.6,2.7,2.8,2015
222,LeBron James,31,CLE,SF,76,76,35.6,9.7,18.6,0.52,1.1,3.7,0.309,8.6,14.9,0.573,0.551,4.7,6.5,0.731,1.5,6,7.4,6.8,1.4,0.6,3.3,1.9,25.3,"MVP-3,DPOY-11,AS,NBA1",2709,27.5,0.588,0.199,0.347,4.7,18.8,11.8,36,2,1.5,13.2,31.4,9.6,4,13.6,0.242,7,2,9,7.5,2015
223,Al Jefferson,31,CHO,C,47,18,23.3,5.2,10.7,0.485,0,0,,5.2,10.7,0.485,0.485,1.5,2.4,0.649,1.2,5.2,6.4,1.5,0.6,0.9,0.7,2.5,12,,1096,18.2,0.507,0,0.22,5.6,24.6,15,11.8,1.4,3,5.8,24.2,1,1.8,2.8,0.122,-0.9,0.4,-0.5,0.4,2015
224,Cory Jefferson,25,PHO,PF,8,0,6.3,1.1,2.8,0.409,0,0.1,0,1.1,2.6,0.429,0.409,0.5,0.8,0.667,0.8,1.3,2,0,0,0.1,0,1,2.8,,50,12.7,0.446,0.045,0.273,12.7,22.2,17.4,0,0,1.6,0,21,0,0,0.1,0.07,-2.7,-3.7,-6.4,-0.1,2015
225,Richard Jefferson,35,CLE,SF,74,5,17.9,1.9,4.2,0.458,0.9,2.3,0.382,1,1.9,0.554,0.564,0.8,1.2,0.667,0.2,1.5,1.7,0.8,0.4,0.2,0.6,1.7,5.5,,1326,9.7,0.585,0.554,0.279,1.3,9.6,5.5,6.4,1.3,0.9,10.9,13.4,1.4,1.3,2.7,0.099,-1.6,0.5,-1.2,0.3,2015
226,John Jenkins,24,2TM,SG,43,3,11.2,1.7,3.7,0.444,0.4,1.2,0.314,1.3,2.5,0.505,0.494,0.5,0.6,0.833,0.2,1.1,1.3,0.8,0.2,0,0.6,0.5,4.1,,480,10,0.522,0.319,0.15,1.8,11.3,6.5,11.7,0.8,0.2,13.7,18.1,0,0.2,0.2,0.022,-1.9,-1,-2.9,-0.1,2015
227,Brandon Jennings,26,2TM,PG,48,7,18.1,2.3,6.3,0.368,1.1,3.2,0.329,1.3,3.1,0.409,0.452,1.2,1.6,0.731,0.3,1.7,2,3.5,0.6,0.1,1.2,1.2,6.9,,868,13.7,0.491,0.51,0.257,2,10.4,6.1,29.2,1.7,0.7,14.4,20,0.8,0.7,1.5,0.082,0.2,-0.7,-0.4,0.3,2015
228,Jonas Jerebko,28,BOS,PF,78,0,15.1,1.5,3.7,0.413,0.6,1.4,0.398,1,2.3,0.421,0.488,0.8,1,0.782,1,2.7,3.7,0.8,0.3,0.3,0.7,1.8,4.4,,1176,10.3,0.531,0.378,0.273,6.8,19.4,13,7.4,0.8,1.6,14,13.5,0.9,1.5,2.4,0.097,-2,0,-2,0,2015
229,Amir Johnson,28,BOS,PF,79,76,22.8,3.2,5.4,0.585,0.1,0.5,0.233,3,4.8,0.624,0.596,0.9,1.5,0.57,2.3,4.1,6.4,1.7,0.7,1.1,1.2,2.7,7.3,,1800,16,0.602,0.101,0.284,10.3,19.6,14.9,11.4,1.4,3.6,16.4,13.6,3,2.9,5.9,0.158,-0.4,1.6,1.2,1.4,2015
230,Chris Johnson,25,UTA,SF,70,2,12.2,1,2.8,0.371,0.4,1.4,0.273,0.6,1.4,0.474,0.441,0.5,0.6,0.81,0.4,1.5,1.9,0.6,0.5,0.3,0.6,1.4,2.9,,857,8.2,0.482,0.51,0.216,3.7,14.3,9,8,2,2,15.8,13.6,-0.1,1.2,1.1,0.059,-3.3,1.3,-2,0,2015
231,James Johnson,28,TOR,PF,57,32,16.2,2,4.2,0.475,0.4,1.2,0.303,1.6,3.1,0.54,0.517,0.7,1.2,0.574,0.5,1.7,2.2,1.2,0.5,0.6,0.9,1.5,5,,926,11.4,0.532,0.275,0.283,3.5,11.9,7.8,11.4,1.6,2.9,16.7,15.9,0.3,1,1.3,0.068,-1.5,0.5,-1,0.2,2015
232,Joe Johnson,34,2TM,SF,81,81,33.4,4.7,10.6,0.439,1.5,3.9,0.383,3.2,6.7,0.471,0.509,1.5,1.8,0.831,0.6,3,3.6,3.9,0.8,0,2,1.8,12.2,,2703,12,0.538,0.364,0.165,2,10.2,6.1,18,1.1,0.1,14.7,17.9,1.9,0.8,2.7,0.048,-0.6,-1.3,-1.9,0.1,2015
233,Orlando Johnson,26,2TM,SG,7,1,14.4,1.3,4.9,0.265,0.3,1.4,0.2,1,3.4,0.292,0.294,0.9,1.1,0.75,0.6,1.6,2.1,0.3,0.4,0.4,0.6,1.3,3.7,,101,3.6,0.346,0.294,0.235,4.2,12.3,8.1,2.7,1.5,2.4,9.6,17.8,-0.2,0.1,-0.2,-0.087,-6.5,-1.8,-8.3,-0.2,2015
234,Stanley Johnson,19,DET,SF,73,6,23.1,3.1,8.2,0.375,0.9,2.8,0.307,2.2,5.4,0.41,0.428,1.1,1.4,0.784,0.8,3.4,4.2,1.6,0.8,0.2,1.6,2.4,8.1,,1687,8.7,0.46,0.342,0.17,3.6,16.7,9.9,10.8,1.6,0.5,15,19.6,-1.3,1.9,0.6,0.018,-3.5,0.2,-3.3,-0.5,2015
235,Tyler Johnson,23,MIA,SG,36,5,24,3.3,6.8,0.486,0.8,2,0.38,2.5,4.8,0.529,0.541,1.4,1.8,0.797,0.8,2.3,3,2.2,0.7,0.4,1.3,1.8,8.7,,863,13.8,0.579,0.292,0.263,3.8,10.3,7.2,13.9,1.4,1.2,14.8,16.8,1.2,0.9,2,0.113,-0.1,0.7,0.7,0.6,2015
236,Wesley Johnson,28,LAC,SF,80,9,20.8,2.6,6.4,0.404,1.3,3.9,0.333,1.3,2.6,0.51,0.504,0.4,0.6,0.652,0.5,2.6,3.1,0.6,1.1,0.7,0.7,2.2,6.9,,1666,11,0.513,0.6,0.089,2.5,13.6,8.1,4.4,2.7,2.6,9.2,16,0,2.7,2.6,0.076,-1.7,1.5,-0.2,0.8,2015
237,Nikola Jokić,20,DEN,C,80,55,21.7,3.8,7.5,0.512,0.4,1.1,0.333,3.5,6.5,0.541,0.535,1.9,2.4,0.811,2.3,4.7,7,2.4,1,0.6,1.3,2.6,10,ROY-3,1733,21.5,0.582,0.14,0.317,11.4,24.7,17.9,18.1,2.3,2.3,13.2,19.9,4.5,2.2,6.7,0.185,2.6,1.3,3.9,2.6,2015
238,Dahntay Jones,35,CLE,SF,1,0,42,6,14,0.429,1,2,0.5,5,12,0.417,0.464,0,0,,1,4,5,2,1,2,0,6,13,,42,10.3,0.464,0.143,0,2.7,10.7,6.7,7.3,1.2,3.9,0,15.1,0,0.1,0.1,0.096,-2.7,-0.3,-3,0,2015
239,James Jones,35,CLE,SF,48,0,9.6,1.2,3,0.408,0.9,2.2,0.394,0.4,0.8,0.447,0.553,0.4,0.5,0.808,0.2,0.9,1,0.3,0.2,0.2,0.3,1,3.7,,463,11.6,0.58,0.732,0.183,2,10.2,6.1,4.5,1.2,1.8,7.8,16.2,0.7,0.5,1.2,0.12,-0.2,-0.1,-0.3,0.2,2015
240,Terrence Jones,24,HOU,PF,50,11,20.9,3.3,7.3,0.452,0.5,1.6,0.316,2.8,5.8,0.49,0.486,1.5,2.3,0.664,1.2,3,4.2,0.8,0.5,0.8,1,1.7,8.7,,1044,13.5,0.519,0.215,0.316,6.5,15.9,11.1,6.3,1.1,3.1,10.5,19.3,0.8,0.7,1.5,0.068,-0.9,-1.2,-2.1,0,2015
241,Tyus Jones,19,MIN,PG,37,0,15.5,1.5,4.2,0.359,0.4,1.4,0.302,1.1,2.8,0.388,0.41,0.8,1.1,0.718,0.2,1.1,1.3,2.9,0.8,0.1,0.9,0.9,4.2,,573,11.2,0.45,0.34,0.25,1.4,8,4.8,27.7,2.7,0.4,16,16.1,0,0.3,0.3,0.027,-1.9,-0.5,-2.4,-0.1,2015
242,DeAndre Jordan,27,LAC,C,77,77,33.7,4.6,6.6,0.703,0,0,0,4.6,6.6,0.704,0.703,3.5,8,0.43,3.5,10.3,13.8,1.2,0.7,2.3,1.4,2.7,12.7,"DPOY-4,NBA1,DEF1",2598,20.6,0.628,0.002,1.219,11.4,32.7,22.2,5.3,1,5.4,12.1,15.4,6,5.5,11.5,0.213,1.5,1.3,2.8,3.2,2015
243,Cory Joseph,24,TOR,SG,80,4,25.6,3.2,7.3,0.439,0.4,1.4,0.273,2.8,5.9,0.478,0.465,1.7,2.2,0.764,0.5,2.1,2.6,3.1,0.8,0.3,1.3,1.6,8.5,,2046,12.4,0.512,0.188,0.297,2.2,9.4,5.9,19.3,1.6,0.8,13.4,17,1.8,1.7,3.5,0.082,-1.1,-0.1,-1.2,0.4,2015
244,Chris Kaman,33,POR,C,16,2,7,1.3,2.7,0.465,0.1,0.3,0.25,1.2,2.4,0.487,0.477,0.2,0.2,1,0.4,1.1,1.5,0.7,0.1,0.1,0.5,0.9,2.8,,112,11.1,0.496,0.093,0.07,6.8,16.5,11.6,15.8,0.4,0.7,15.3,20.4,0,0.1,0.1,0.037,-2.6,-1,-3.6,0,2015
245,Frank Kaminsky,22,CHO,C,81,3,21.1,2.7,6.5,0.41,0.8,2.5,0.337,1.8,4,0.455,0.474,1.3,1.8,0.73,0.9,3.3,4.1,1.2,0.5,0.5,0.7,1.6,7.5,,1708,12.5,0.513,0.385,0.282,4.4,17.2,10.7,9,1.1,2,8.9,17.1,1.2,2.1,3.3,0.093,-1,0.2,-0.8,0.5,2015
246,Sergey Karasev,22,BRK,SF,40,5,10,0.8,1.9,0.405,0.3,0.9,0.297,0.5,0.9,0.514,0.48,0.7,0.7,0.929,0.2,1.3,1.5,0.9,0.2,0.1,0.6,0.7,2.4,,399,8.5,0.562,0.5,0.378,2.2,14.3,8.2,12.2,0.8,0.4,20.3,12.1,0.2,0.1,0.3,0.031,-2.3,-1.4,-3.8,-0.2,2015
247,Sasha Kaun,30,CLE,C,25,0,3.8,0.4,0.7,0.529,0,0,,0.4,0.7,0.529,0.529,0.2,0.4,0.455,0.5,0.6,1,0.1,0.2,0.2,0.3,0.4,0.9,,95,12.5,0.527,0,0.647,14.4,16.5,15.5,4.5,2.2,4.3,24.3,13.7,0,0.2,0.2,0.096,-3.3,0.5,-2.8,0,2015
248,Ryan Kelly,24,LAL,PF,36,0,13.1,1.5,4.1,0.369,0.1,1,0.135,1.4,3.1,0.446,0.386,1,1.5,0.685,0.6,2.8,3.4,0.6,0.4,0.3,0.5,1.1,4.2,,470,10.3,0.44,0.248,0.362,4.6,23.7,13.8,6.9,1.4,1.7,9.4,17.9,-0.3,0.3,0.1,0.005,-2.9,-0.6,-3.5,-0.2,2015
249,Michael Kidd-Gilchrist,22,CHO,SF,7,7,29.3,4.7,8.7,0.541,0.4,1,0.429,4.3,7.7,0.556,0.566,2.9,4.1,0.69,1.7,4.7,6.4,1.3,0.4,0.4,1.1,1.3,12.7,,205,16.9,0.603,0.115,0.475,6.3,17.8,12,7.3,0.7,1.2,9.8,18,0.4,0.2,0.6,0.152,0.2,-0.2,0,0.1,2015
250,Sean Kilpatrick,26,2TM,SG,31,0,19.9,4,8.7,0.456,1.3,3.7,0.342,2.7,5,0.538,0.528,1.9,2.2,0.896,0.4,1.4,1.8,0.9,0.4,0.1,1,1.2,11.1,,616,15.6,0.576,0.422,0.248,2.1,8.2,5.1,8,1,0.3,9.4,23.8,1,0,1,0.076,1,-3.1,-2.2,0,2015
251,Brandon Knight,24,PHO,SG,52,50,36,7.1,17.2,0.415,2.3,6.8,0.342,4.8,10.5,0.461,0.482,3,3.5,0.852,0.7,3.2,3.9,5.1,1.2,0.4,3.4,2.4,19.6,,1870,14.7,0.522,0.392,0.204,2,9.9,5.9,24.4,1.6,0.9,15.4,26.2,0.7,0.9,1.7,0.043,0.9,-1.5,-0.6,0.6,2015
252,Kyle Korver,34,ATL,SG,80,80,30,3.4,7.7,0.435,2,5,0.398,1.4,2.7,0.502,0.563,0.6,0.7,0.833,0.2,3.1,3.3,2.1,0.8,0.4,1.2,2,9.2,,2401,9.7,0.578,0.644,0.088,0.7,10.9,5.9,9.9,1.2,1.1,13.3,13.7,1.2,2.9,4.1,0.082,-1.5,0.6,-1,0.6,2015
253,Kosta Koufos,26,SAC,C,78,14,19,3,5.7,0.532,0,0,,3,5.7,0.532,0.532,0.7,1.3,0.548,2.2,3.3,5.4,0.4,0.5,0.9,0.6,2.4,6.8,,1482,15.1,0.54,0,0.234,12.4,18.4,15.4,3.3,1.3,3.8,8.9,15.4,2.1,1.4,3.5,0.113,-1.3,-0.6,-2,0,2015
254,Jeremy Lamb,23,CHO,SG,66,0,18.6,3.5,7.7,0.451,0.8,2.7,0.309,2.6,5,0.529,0.506,1,1.3,0.727,0.7,3.2,3.8,1.2,0.6,0.5,0.8,1.6,8.8,,1227,15.9,0.529,0.355,0.173,3.9,18.7,11.2,10.9,1.7,2,8.4,22,1,1.7,2.7,0.107,0.1,0.7,0.8,0.9,2015
255,Carl Landry,32,PHI,PF,36,12,15.8,3.9,6.9,0.556,0.2,0.4,0.462,3.7,6.6,0.561,0.568,1.9,2.5,0.736,1.4,2.7,4.1,0.9,0.3,0.3,0.6,1.9,9.8,,569,22.4,0.605,0.052,0.364,9.1,19.2,14,11.1,1,1.2,7.1,24,1.8,0.3,2.1,0.176,2.6,-1.4,1.2,0.5,2015
256,Shane Larkin,23,BRK,PG,78,17,22.4,2.8,6.4,0.442,0.5,1.4,0.361,2.3,5.1,0.464,0.481,1.1,1.4,0.776,0.4,1.9,2.3,4.4,1.2,0.2,1.9,1.6,7.3,,1751,13.3,0.515,0.215,0.213,1.8,9.9,5.8,29.3,2.7,0.6,21,17.7,0.5,1,1.4,0.039,-1.6,-0.4,-2,0,2015
257,Joffrey Lauvergne,24,DEN,C,59,15,17.6,3.3,6.4,0.513,0.2,0.9,0.245,3.1,5.5,0.557,0.53,1.1,1.2,0.899,1.3,3.6,4.9,0.9,0.2,0.3,0.9,1.9,7.9,,1041,15.7,0.567,0.139,0.182,8.1,23.1,15.4,9.1,0.6,1.2,11.6,19.5,1.6,0.7,2.3,0.105,-0.3,-1.3,-1.6,0.1,2015
258,Zach LaVine,20,MIN,SG,82,33,28,5.3,11.7,0.452,1.5,3.9,0.389,3.8,7.8,0.482,0.516,2,2.5,0.793,0.3,2.5,2.8,3.1,0.8,0.2,1.9,2.4,14,6MOY-14,2294,14.3,0.548,0.33,0.212,1.4,10.1,5.8,18.6,1.5,0.6,12.9,23.5,1.9,0.7,2.6,0.054,0.2,-1.6,-1.5,0.3,2015
259,Ty Lawson,28,2TM,PG,66,13,21.4,2.1,5.4,0.393,0.5,1.6,0.333,1.6,3.7,0.419,0.444,0.9,1.3,0.686,0.4,1.4,1.8,3.6,0.8,0.1,1.4,1.3,5.7,,1411,9.7,0.476,0.305,0.243,2,7.4,4.7,24.6,1.9,0.4,19.5,14.9,0.2,0.7,0.9,0.032,-2.4,-1.2,-3.6,-0.6,2015
260,Courtney Lee,30,2TM,SG,79,65,29.5,3.7,8.1,0.454,1,2.7,0.378,2.6,5.3,0.493,0.518,1.3,1.5,0.839,0.4,2.2,2.6,1.7,1.1,0.4,0.9,1.7,9.6,,2334,11.5,0.551,0.34,0.185,1.4,8.7,4.9,9.1,1.9,1.1,9.4,14.7,2.1,1.7,3.9,0.08,-1.3,0.3,-1,0.6,2015
261,David Lee,32,2TM,PF,55,5,16.4,3.2,6.1,0.531,0,0,0,3.2,6.1,0.533,0.531,1.3,1.7,0.763,1.8,3.7,5.5,1.5,0.4,0.5,1.2,2.1,7.8,,903,19.6,0.568,0.003,0.278,12,24.6,18.3,15.5,1.2,2.5,14.9,21.5,1.7,1.4,3,0.161,0.7,0.6,1.3,0.7,2015
262,Alex Len,22,PHO,C,78,46,23.3,3.4,8,0.423,0,0.1,0.143,3.4,7.9,0.426,0.424,2.2,3.1,0.728,2.3,5.3,7.6,1.2,0.5,0.8,1.9,2.9,9,,1821,12.4,0.482,0.011,0.383,10.4,25.4,17.7,8.5,1,2.8,16.6,20.4,-0.5,1.8,1.3,0.035,-3.5,-0.8,-4.3,-1,2015
263,Kawhi Leonard,24,SAS,SF,72,72,33.1,7.7,15.1,0.506,1.8,4,0.443,5.9,11.1,0.528,0.565,4.1,4.6,0.874,1.3,5.5,6.8,2.6,1.8,1,1.5,1.8,21.2,"MVP-2,DPOY-1,AS,NBA1,DEF1",2380,26,0.616,0.267,0.306,4.7,18.4,11.8,13,2.8,2.3,7.8,25.8,8.3,5.5,13.7,0.277,6.1,3,9.1,6.7,2015
264,Meyers Leonard,23,POR,PF,61,10,21.9,3.2,7.1,0.448,1.4,3.7,0.377,1.8,3.4,0.527,0.547,0.6,0.8,0.761,0.8,4.3,5.1,1.5,0.1,0.3,1.3,3,8.4,,1333,11.3,0.561,0.524,0.106,4.1,21.4,12.8,10.6,0.3,1.1,14.5,17.4,1.2,1,2.2,0.078,-1.1,-0.6,-1.7,0.1,2015
265,Jon Leuer,26,PHO,PF,67,27,18.7,3.3,7,0.481,0.6,1.6,0.382,2.7,5.3,0.511,0.526,1.1,1.5,0.762,1.1,4.4,5.6,1.1,0.6,0.4,1.1,1.9,8.5,,1255,16.2,0.555,0.236,0.217,6.4,26.3,16.1,9.6,1.5,2,12.8,19.8,1.4,1.3,2.7,0.103,0.1,0,0,0.6,2015
266,Damian Lillard,25,POR,PG,75,75,35.7,8.2,19.7,0.419,3.1,8.1,0.375,5.2,11.5,0.45,0.497,5.5,6.2,0.892,0.6,3.4,4,6.8,0.9,0.4,3.2,2.2,25.1,"MVP-8,NBA2",2676,22.2,0.56,0.414,0.315,1.8,10.4,6.1,33.6,1.2,0.8,12.6,31.3,7.7,1.4,9.2,0.165,5.7,-1.3,4.4,4.3,2015
267,Jeremy Lin,27,CHO,SG,78,13,26.3,3.8,9.3,0.412,1,2.9,0.336,2.9,6.4,0.446,0.464,3.1,3.7,0.815,0.5,2.7,3.2,3,0.7,0.5,1.9,2.1,11.7,6MOY-7,2048,13.8,0.534,0.31,0.401,2.2,11.4,6.8,18.6,1.4,1.7,14.9,22.2,1.3,2.3,3.5,0.082,-1,0,-0.9,0.5,2015
268,Shaun Livingston,30,GSW,PG,78,3,19.5,2.6,4.9,0.536,0,0.2,0.167,2.6,4.7,0.548,0.538,1,1.2,0.86,0.5,1.6,2.2,3,0.7,0.3,1,1.8,6.3,6MOY-11,1520,13.8,0.581,0.032,0.245,3.2,8.5,6,21,1.8,1.3,15.7,14.2,2.9,1.7,4.6,0.145,-0.7,1.1,0.3,0.9,2015
269,Kevon Looney,19,GSW,PF,5,0,4.2,0.8,1.4,0.571,0.2,0.4,0.5,0.6,1,0.6,0.643,0,0,,0.8,1.2,2,0,0,0,0.2,0.4,1.8,,21,18.6,0.643,0.286,0,21.8,29.1,25.6,0,0,0,12.5,16.5,0.1,0,0.1,0.192,1.6,-4.1,-2.5,0,2015
270,Brook Lopez,27,BRK,C,73,73,33.7,8.1,15.8,0.511,0,0.2,0.143,8.1,15.7,0.515,0.512,4.3,5.5,0.787,2.8,5.1,7.8,2,0.8,1.7,2.4,2.9,20.6,,2457,21.7,0.562,0.012,0.348,9.2,17.2,13.1,10.8,1.2,4.1,11.6,27.3,4.5,1.7,6.2,0.121,1.9,-0.5,1.3,2.1,2015
271,Robin Lopez,27,NYK,C,82,82,27.1,4.4,8.1,0.539,0,0,0,4.4,8.1,0.54,0.539,1.6,2,0.795,3.3,4.1,7.3,1.4,0.2,1.6,1.6,2.2,10.3,,2219,17.6,0.574,0.002,0.243,13.4,16.2,14.8,8.5,0.4,4.4,15.4,17.7,3.7,2.1,5.8,0.126,0.4,-0.5,-0.2,1,2015
272,Kevin Love,27,CLE,PF,77,77,31.5,5.3,12.7,0.419,2.1,5.7,0.36,3.3,7,0.467,0.499,3.4,4.1,0.822,1.9,8,9.9,2.4,0.8,0.5,1.8,2.1,16,,2424,19,0.553,0.449,0.321,7,28.4,17.8,12.2,1.2,1.4,11.3,23.4,4.7,3.8,8.5,0.169,3,0.3,3.3,3.3,2015
273,Kyle Lowry,29,TOR,PG,77,77,37,6.6,15.6,0.427,2.8,7.1,0.388,3.9,8.5,0.461,0.516,5.2,6.4,0.811,0.7,4,4.7,6.4,2.1,0.4,2.9,2.7,21.2,"MVP-10,DPOY-13,AS,NBA3",2851,22.2,0.578,0.457,0.41,2.2,12.3,7.3,29.9,2.9,1,13.7,26.1,8,3.7,11.6,0.196,4.7,1.1,5.8,5.7,2015
274,Trey Lyles,20,UTA,PF,80,33,17.3,2.4,5.5,0.438,0.6,1.6,0.383,1.8,3.9,0.461,0.494,0.7,1,0.695,0.7,3,3.7,0.7,0.3,0.2,0.8,1.4,6.1,,1382,11.6,0.517,0.294,0.188,5,20.2,12.6,7.1,1,1.1,12.1,17.9,0.6,1.7,2.3,0.079,-1.6,-0.2,-1.8,0.1,2015
275,Shelvin Mack,25,2TM,PG,52,27,20.3,3.5,8,0.439,0.8,2.4,0.312,2.8,5.6,0.493,0.486,0.9,1.2,0.738,0.3,2.2,2.5,3.6,0.7,0.1,1.8,1.4,8.6,,1058,13.6,0.507,0.301,0.147,1.4,12.5,7,30.6,1.7,0.2,17.7,23.3,0.2,1.2,1.3,0.061,-1.2,-0.4,-1.6,0.1,2015
276,Ian Mahinmi,29,IND,C,71,71,25.6,3.7,6.3,0.589,0,0,,3.7,6.3,0.589,0.589,1.9,3.2,0.587,1.9,5.2,7.1,1.5,0.9,1.1,1.4,3.1,9.3,,1816,16.6,0.603,0,0.502,8.3,22.1,15.3,8.9,1.8,3.3,15.5,15.7,2.9,3.3,6.2,0.163,-0.9,1.9,0.9,1.4,2015
277,Devyn Marble,23,ORL,SG,28,0,8.9,0.8,2.5,0.296,0.3,1.1,0.25,0.5,1.4,0.333,0.352,0.4,0.9,0.417,0.2,1.1,1.4,0.4,0.5,0,0.3,0.9,2.1,,249,5.2,0.368,0.451,0.338,2.6,14.4,8.5,6.6,2.6,0.3,7.9,15.7,-0.4,0.3,-0.1,-0.026,-6,-0.1,-6.2,-0.3,2015
278,Boban Marjanović,27,SAS,C,54,4,9.4,1.9,3.2,0.603,0,0,,1.9,3.2,0.603,0.603,1.6,2.1,0.763,1.4,2.2,3.6,0.4,0.2,0.4,0.5,1,5.5,,508,27.7,0.662,0,0.655,16.9,26.2,21.7,6.6,1.2,3.5,11.5,22.8,2.3,1.2,3.4,0.325,3.9,0.4,4.3,0.8,2015
279,Kendall Marshall,24,PHI,PG,30,6,13.3,1.4,3.9,0.364,0.5,1.6,0.327,0.9,2.3,0.391,0.432,0.3,0.4,0.692,0.1,0.9,0.9,2.4,0.5,0.1,1.4,1,3.7,,400,6.7,0.449,0.415,0.11,0.5,7.3,3.8,28.4,2,0.4,25.8,18.3,-0.7,0.1,-0.5,-0.064,-4.7,-2.6,-7.3,-0.5,2015
280,Jarell Martin,21,MEM,PF,27,0,14.1,2,4.3,0.466,0,0.1,0,2,4.2,0.474,0.466,1.7,2.3,0.726,1.4,1.7,3.2,0.6,0.3,0.3,0.7,2.1,5.7,,380,14,0.534,0.017,0.534,11.2,14.7,12.9,6.4,1.1,1.7,11.7,19.2,0.5,0.2,0.8,0.1,-2,-1.8,-3.7,-0.2,2015
281,Kevin Martin,32,2TM,SG,55,13,19.9,2.8,7.6,0.372,0.9,2.5,0.36,1.9,5.1,0.378,0.431,2.8,3.1,0.89,0.3,1.7,2,1.1,0.5,0.1,1,1.5,9.3,,1095,11.5,0.52,0.325,0.411,1.5,10,5.8,8.2,1.2,0.2,9.8,22.6,0.7,0.5,1.2,0.054,-1.6,-1.6,-3.2,-0.4,2015
282,Wesley Matthews,29,DAL,SF,78,78,33.9,4.2,10.9,0.388,2.4,6.7,0.36,1.8,4.2,0.432,0.498,1.6,1.9,0.863,0.3,2.7,3.1,1.9,1,0.2,1,2.3,12.5,,2644,10.9,0.532,0.615,0.171,1.1,8.8,4.9,8.9,1.5,0.5,7.8,17.2,1.9,1.8,3.7,0.067,-0.9,-0.1,-1,0.6,2015
283,O.J. Mayo,28,MIL,SG,41,24,26.6,2.9,7.8,0.371,1.3,4,0.321,1.6,3.9,0.421,0.452,0.8,1,0.775,0.3,2.2,2.6,2.9,1.2,0.2,1.8,3.1,7.8,,1090,7.7,0.474,0.505,0.125,1.4,9.6,5.5,15.8,2.2,0.6,17.5,17,-0.7,0.6,-0.1,-0.005,-3.8,-0.2,-4,-0.6,2015
284,Luc Mbah a Moute,29,LAC,PF,75,61,17,1.3,2.8,0.454,0.2,0.5,0.325,1.1,2.2,0.485,0.486,0.4,0.8,0.526,0.8,1.5,2.3,0.4,0.6,0.3,0.5,1.3,3.1,,1274,7.3,0.498,0.193,0.275,5.2,9.4,7.3,3.3,1.7,1.2,12.8,9.4,0.2,1.3,1.6,0.059,-3.2,0.6,-2.6,-0.2,2015
285,James Michael McAdoo,23,GSW,PF,41,1,6.4,1.1,2,0.536,0,0,0.5,1.1,2,0.537,0.542,0.6,1.2,0.531,0.7,0.7,1.4,0.4,0.2,0.2,0.4,1,2.9,,262,15.9,0.554,0.024,0.583,13.1,10.9,11.9,9.2,1.8,2.2,13.2,20.1,0.5,0.3,0.8,0.146,-1.5,-0.3,-1.8,0,2015
286,Ray McCallum,24,2TM,PG,41,6,11.6,1.3,3.6,0.377,0.4,1,0.357,1,2.5,0.385,0.428,0.3,0.4,0.8,0.2,1,1.1,1.5,0.3,0.2,0.6,0.7,3.3,,475,9.1,0.449,0.288,0.103,1.9,9.3,5.6,18.5,1.3,1.2,13.6,16.8,-0.2,0.5,0.3,0.034,-2.6,-0.5,-3.1,-0.1,2015
287,CJ McCollum,24,POR,SG,80,80,34.8,8,17.9,0.448,2.5,5.9,0.417,5.6,12,0.463,0.517,2.3,2.8,0.827,0.6,2.7,3.2,4.3,1.2,0.3,2.5,2.3,20.8,MIP-1,2780,17.7,0.544,0.33,0.158,1.8,8.3,5,21.6,1.7,0.6,11.4,27.1,4.4,1.7,6,0.104,2.3,-1,1.3,2.3,2015
288,T.J. McConnell,23,PHI,PG,81,17,19.8,2.7,5.7,0.47,0.4,1.1,0.348,2.3,4.6,0.499,0.503,0.3,0.5,0.634,0.5,2.6,3.1,4.5,1.2,0.1,1.7,1.4,6.1,,1606,14.5,0.511,0.192,0.088,2.8,14.5,8.5,37.2,2.9,0.5,22.5,17,0.6,1.4,1.9,0.058,-1.5,0.3,-1.2,0.3,2015
289,Chris McCullough,20,BRK,PF,24,4,15.1,1.8,4.5,0.404,0.5,1.4,0.382,1.3,3.1,0.413,0.463,0.5,1,0.478,1,1.8,2.8,0.4,1.2,0.5,0.6,1.6,4.7,,362,12.2,0.47,0.312,0.211,7.6,13.6,10.5,3.7,3.9,2.7,11.2,16.5,-0.1,0.4,0.3,0.043,-2.7,0.4,-2.4,0,2015
290,K.J. McDaniels,22,HOU,SF,37,1,6.4,0.8,1.9,0.403,0.2,0.7,0.28,0.6,1.3,0.468,0.451,0.6,0.8,0.8,0.4,0.7,1.1,0.3,0.2,0.2,0.5,0.8,2.4,,235,10.6,0.522,0.347,0.417,7.5,12.3,9.9,6.5,1.5,2.1,16.6,18.7,0.1,0.1,0.2,0.043,-2.8,-1.1,-3.9,-0.1,2015
291,Doug McDermott,24,CHI,SF,81,4,23,3.6,8,0.452,1.4,3.2,0.425,2.2,4.8,0.47,0.537,0.9,1,0.857,0.5,2,2.4,0.7,0.2,0.1,0.7,1.6,9.4,,1861,10.9,0.561,0.402,0.13,2.1,8.8,5.5,5,0.4,0.2,7.2,17.3,2.1,0.7,2.8,0.073,-1,-1.9,-2.9,-0.4,2015
292,Mitch McGary,23,OKC,PF,20,0,3.6,0.6,1.2,0.478,0,0.2,0,0.6,1,0.579,0.478,0.2,0.5,0.4,0.2,0.7,0.9,0.2,0.1,0.1,0.4,0.5,1.3,,72,7.4,0.474,0.174,0.435,6.4,20.1,13.6,6,0.7,2.1,20.3,20.4,-0.1,0.1,0,-0.018,-6,-1.3,-7.3,-0.1,2015
293,JaVale McGee,28,DAL,C,34,2,10.9,2.3,3.9,0.575,0,0,0,2.3,3.9,0.579,0.575,0.5,1.1,0.5,1.6,2.4,3.9,0.1,0.1,0.8,0.6,1.4,5.1,,370,19.9,0.574,0.007,0.269,15.8,23.7,19.7,1.5,0.7,5.9,12.3,21.1,0.6,0.5,1.1,0.146,-0.2,-0.2,-0.3,0.1,2015
294,Ben McLemore,22,SAC,SG,68,53,21.2,2.9,6.7,0.429,1,2.7,0.362,1.9,4,0.474,0.502,1.1,1.5,0.718,0.5,1.7,2.2,1.2,0.8,0.1,1.5,2.1,7.8,,1443,8.6,0.531,0.407,0.226,2.6,8.5,5.6,7.9,1.7,0.6,16.5,17.6,-0.4,0.7,0.3,0.01,-3.1,-0.7,-3.8,-0.7,2015
295,Jordan McRae,24,2TM,PG,22,1,8.9,1.5,3.5,0.436,0.5,1,0.455,1.1,2.5,0.429,0.5,1,1.3,0.75,0.2,0.7,0.9,1.1,0.1,0,0.7,0.8,4.5,,195,14.2,0.548,0.282,0.359,2.3,9.2,5.7,20.9,0.7,0.4,14.2,23.9,0.2,0.1,0.4,0.087,0,-1.9,-1.8,0,2015
296,Josh McRoberts,28,MIA,PF,42,1,14.2,1.3,3.5,0.372,0.3,1.2,0.245,1,2.4,0.434,0.412,0.7,1,0.7,0.5,2,2.5,1.9,0.4,0.2,0.7,1.6,3.6,,595,9.9,0.453,0.331,0.27,4.3,15.3,10,19.4,1.6,0.9,15.3,15,0.1,0.7,0.8,0.064,-2.6,1,-1.6,0.1,2015
297,Jodie Meeks,28,DET,SG,3,0,14.3,2.3,6.7,0.35,1.3,3,0.444,1,3.7,0.273,0.45,1.3,1.3,1,0.3,1.3,1.7,1,0,0,0.3,0.7,7.3,,43,13.5,0.506,0.45,0.2,2.4,10.6,6.3,11.3,0,0,4.4,23.1,0.1,0,0.1,0.107,-0.2,-2.8,-2.9,0,2015
298,Salah Mejri,29,DAL,C,34,6,11.7,1.4,2.3,0.628,0,0,0,1.4,2.3,0.636,0.628,0.8,1.4,0.587,1.2,2.4,3.6,0.3,0.2,1.1,0.7,1.6,3.7,,397,16.8,0.636,0.013,0.59,11.4,22.6,17,3.9,1,7.6,19,14,0.6,0.7,1.3,0.156,-1.6,1.8,0.2,0.2,2015
299,Jordan Mickey,21,BOS,PF,16,0,3.6,0.5,1.4,0.364,0,0,,0.5,1.4,0.364,0.364,0.3,0.6,0.5,0.4,0.4,0.8,0.1,0,0.7,0.1,0.3,1.3,,57,15.3,0.398,0,0.455,11,13.3,12.1,2.6,0,15.1,3.6,20.5,0,0.1,0.1,0.068,-2.6,1.1,-1.5,0,2015
300,Khris Middleton,24,MIL,SG,79,79,36.1,6.4,14.5,0.444,1.8,4.6,0.396,4.6,9.9,0.466,0.507,3.5,3.9,0.888,0.6,3.3,3.8,4.2,1.7,0.2,2.3,2.6,18.2,,2852,16.8,0.56,0.316,0.273,1.8,10.2,6,18.9,2.3,0.6,12.3,23,4.3,1.8,6.1,0.103,1.2,-0.5,0.6,1.9,2015
301,C.J. Miles,28,IND,SF,64,24,22.9,4,9.9,0.409,2.2,6,0.367,1.8,3.9,0.474,0.521,1.5,1.9,0.75,0.4,2.3,2.7,1,0.8,0.5,1.1,2.2,11.8,,1464,14,0.547,0.61,0.196,1.9,11.1,6.5,7,1.8,1.6,9.2,22.8,1.2,1.9,3.1,0.103,0.6,-0.1,0.5,0.9,2015
302,Andre Miller,39,2TM,PG,39,4,11.8,1.5,2.7,0.557,0.1,0.2,0.25,1.5,2.5,0.582,0.566,0.6,0.8,0.75,0.3,1,1.3,2.2,0.4,0,0.9,1.2,3.7,,461,13.4,0.6,0.075,0.302,3.1,9.5,6.4,28.3,1.8,0,23.6,15.4,0.6,0.4,1,0.1,-1.4,-0.5,-1.9,0,2015
303,Mike Miller,35,DEN,SF,47,2,7.9,0.5,1.3,0.355,0.4,1.1,0.365,0.1,0.2,0.3,0.508,0,0,,0.1,1,1.1,0.9,0.3,0.1,0.4,1.1,1.3,,373,6.5,0.508,0.839,0,1.8,14.2,7.9,14.9,1.7,0.9,21.5,9.3,0.1,0.3,0.3,0.04,-3.8,1.2,-2.6,0,2015
304,Patty Mills,27,SAS,PG,81,3,20.5,3.2,7.6,0.425,1.5,4,0.384,1.7,3.6,0.469,0.525,0.6,0.7,0.81,0.3,1.6,2,2.8,0.7,0.1,0.9,1.3,8.5,,1662,14.6,0.541,0.523,0.095,1.9,8.7,5.4,20.1,1.8,0.3,10.7,19.7,2.2,2.6,4.8,0.139,0.8,0.7,1.5,1.5,2015
305,Elijah Millsap,28,UTA,SG,20,0,8.7,0.6,2,0.282,0.1,0.6,0.083,0.5,1.4,0.37,0.295,0.7,0.9,0.722,0.3,1.5,1.8,1,0.4,0.2,0.5,1.7,1.8,,173,6.5,0.384,0.308,0.462,4.1,19.5,11.8,16.2,2.1,1.5,16.1,14.9,-0.2,0.3,0.1,0.033,-5.9,2.1,-3.8,-0.1,2015
306,Paul Millsap,30,ATL,PF,81,81,32.7,6.2,13.2,0.47,0.9,2.9,0.319,5.3,10.3,0.512,0.505,3.8,5,0.757,2.4,6.6,9,3.3,1.8,1.7,2.4,2.9,17.1,"DPOY-5,AS,DEF2",2647,21.3,0.556,0.218,0.383,8.4,21.5,15.1,16.4,2.7,4.1,13.3,24.3,4.1,6,10.1,0.183,1.5,2.7,4.2,4.1,2015
307,Nikola Mirotić,24,CHI,PF,66,38,24.9,3.8,9.2,0.407,2,5.2,0.39,1.7,4,0.43,0.518,2.2,2.7,0.807,0.9,4.6,5.5,1.5,0.9,0.7,1.5,2.3,11.8,,1646,15.6,0.564,0.568,0.297,3.8,19.1,11.6,9.4,1.8,2,12.9,21.1,1.8,2.2,3.9,0.115,1,0.4,1.5,1.5,2015
308,Nazr Mohammed,38,OKC,C,5,0,3.8,0.6,1,0.6,0,0,,0.6,1,0.6,0.6,0.4,0.4,1,0.2,0.6,0.8,0,0,0,0.6,0.8,1.6,,19,6,0.68,0,0.4,6.1,16.3,11.5,0,0,0,33.8,19.9,0,0,0,-0.009,-8.7,-3,-11.7,0,2015
309,Greg Monroe,25,MIL,C,79,67,29.3,6.2,11.9,0.522,0,0,0,6.2,11.9,0.522,0.522,2.9,3.9,0.74,2.8,6.1,8.8,2.3,0.9,0.8,1.6,2.1,15.3,,2314,21.8,0.562,0.001,0.327,10.9,23.4,17.2,13.2,1.6,2.5,10.7,23.5,5,2.4,7.5,0.155,2.7,-0.6,2.1,2.4,2015
310,Luis Montero,22,POR,SG,12,0,3.5,0.4,1.6,0.263,0.1,0.8,0.111,0.3,0.8,0.4,0.289,0.3,0.3,0.75,0,0.3,0.3,0.1,0,0,0.3,0.1,1.2,,42,-2.7,0.337,0.474,0.211,0,10.3,5.2,3.5,0,0,16.2,25.7,-0.2,0,-0.2,-0.238,-9.8,-5.6,-15.5,-0.1,2015
311,E'Twaun Moore,26,CHI,SG,59,22,21.4,3.2,6.6,0.481,0.8,1.8,0.452,2.4,4.8,0.491,0.541,0.4,0.6,0.629,0.3,1.9,2.3,1.7,0.6,0.3,0.9,1.7,7.5,,1263,11.4,0.548,0.267,0.09,1.6,9.3,5.5,12.1,1.5,1,11.6,15.9,0.9,1,1.8,0.07,-1.9,0,-1.9,0,2015
312,Eric Moreland,24,SAC,PF,8,0,6,0.4,0.8,0.5,0,0,,0.4,0.8,0.5,0.5,0.3,0.5,0.5,0.4,1,1.4,0.1,0,0.5,0.4,0.5,1,,48,7.4,0.515,0,0.667,6.8,17.9,12.4,2.7,0,6.7,27.9,9.5,0,0,0,0.012,-4.4,-0.1,-4.5,0,2015
313,Marcus Morris,26,DET,SF,80,80,35.7,5.1,11.8,0.434,1.4,3.7,0.362,3.8,8.1,0.467,0.491,2.5,3.4,0.749,1.1,3.9,5.1,2.5,0.8,0.3,1.8,2.1,14.1,,2856,12.7,0.531,0.315,0.287,3.3,12.4,7.7,11,1.2,0.6,11.6,18.4,2.9,2.5,5.4,0.091,-0.3,0.1,-0.2,1.3,2015
314,Markieff Morris,26,2TM,PF,64,45,25.5,4.8,11.2,0.425,0.7,2.4,0.303,4,8.8,0.458,0.458,1.7,2.3,0.735,1.1,4.4,5.5,1.9,0.9,0.5,2.1,2.9,12,,1629,12.2,0.489,0.216,0.205,4.8,19.3,11.9,12.7,1.7,1.7,14.7,24.2,-1.2,1.7,0.5,0.015,-2.3,-0.1,-2.4,-0.2,2015
315,Anthony Morrow,30,OKC,SG,68,6,13.6,2,4.9,0.408,1.2,3,0.387,0.8,1.9,0.442,0.527,0.4,0.6,0.744,0.1,0.8,0.9,0.4,0.3,0.1,0.3,0.9,5.6,,926,10.7,0.543,0.613,0.117,1.2,5.8,3.6,3.7,1.2,0.4,4.6,16.9,1.4,0.5,1.9,0.097,-0.1,-1,-1.1,0.2,2015
316,Donatas Motiejūnas,25,HOU,PF,37,22,14.8,2.4,5.5,0.439,0.4,1.5,0.281,2,4,0.5,0.478,0.9,1.4,0.642,1,1.9,2.9,1.1,0.5,0.1,1.2,1.9,6.2,,547,11.3,0.504,0.278,0.259,7.4,14.6,11,12.2,1.5,0.8,16.2,21.4,0,0.3,0.3,0.027,-2.8,-1.7,-4.5,-0.3,2015
317,Timofey Mozgov,29,CLE,C,76,48,17.4,2.7,4.7,0.565,0,0.1,0.143,2.7,4.6,0.574,0.567,0.9,1.3,0.716,1.4,3,4.4,0.4,0.3,0.8,0.9,2.1,6.3,,1326,14.6,0.593,0.019,0.265,9.5,19.2,14.4,3.9,0.9,3.5,15,16.1,1.8,1.9,3.7,0.133,-1.7,0.3,-1.4,0.2,2015
318,Emmanuel Mudiay,19,DEN,PG,68,66,30.4,4.8,13.3,0.364,1.1,3.4,0.319,3.8,9.9,0.379,0.404,2.1,3.1,0.67,0.5,2.9,3.4,5.5,1,0.5,3.2,2.1,12.8,ROY-7,2068,9.9,0.437,0.256,0.231,1.7,10.9,6.2,29,1.6,1.4,17.9,25.7,-3.3,1.2,-2.1,-0.049,-2.3,-1.9,-4.2,-1.2,2015
319,Shabazz Muhammad,23,MIN,SF,82,0,20.5,3.9,8.3,0.465,0.5,1.9,0.289,3.3,6.5,0.516,0.498,2.3,3,0.764,1.2,2,3.3,0.6,0.3,0.1,0.9,1.1,10.5,,1682,15.2,0.548,0.223,0.355,7,11.4,9.2,5.2,0.7,0.3,8.2,22.8,2.6,0.2,2.7,0.077,0.6,-3.1,-2.5,-0.2,2015
320,Xavier Munford,23,MEM,SG,14,0,17.4,2.3,5.5,0.416,0.6,1.6,0.391,1.6,3.9,0.426,0.474,0.5,1,0.5,0.2,2,2.2,1.6,0.9,0.2,1.1,1.8,5.7,,244,9.9,0.481,0.299,0.182,1.3,13.7,7.2,14.3,2.7,1.1,15.3,18,-0.2,0.2,0.1,0.017,-3.1,0.6,-2.5,0,2015
321,Mike Muscala,24,ATL,C,60,0,9.4,1.3,2.5,0.5,0.2,0.7,0.308,1.1,1.9,0.566,0.539,0.5,0.7,0.795,0.6,1.3,2,0.6,0.2,0.5,0.5,1.2,3.3,,565,13.6,0.576,0.257,0.257,7.5,14.9,11.3,9.1,1.1,3.8,13.8,15.5,0.7,0.9,1.6,0.136,-2.1,1.2,-0.9,0.2,2015
322,Larry Nance Jr.,23,LAL,PF,63,22,20.1,2.5,4.8,0.527,0,0.2,0.1,2.5,4.6,0.541,0.528,0.5,0.7,0.681,1.6,3.3,5,0.7,0.9,0.4,0.7,2,5.5,,1266,13.4,0.544,0.033,0.157,8.3,18.6,13.3,5.7,2.1,1.4,11.3,12.6,1.3,0.9,2.2,0.083,-1.7,0.2,-1.5,0.2,2015
323,Shabazz Napier,24,ORL,PG,55,0,10.9,1.2,3.7,0.338,0.6,1.9,0.327,0.6,1.8,0.351,0.423,0.6,0.8,0.733,0.2,0.8,1,1.8,0.4,0,0.8,0.7,3.7,,600,9.6,0.46,0.517,0.224,1.6,8.6,5.1,23.1,1.9,0.1,17.2,19.7,-0.3,0.4,0.1,0.004,-2,-1,-3,-0.2,2015
324,Gary Neal,31,WAS,SG,40,2,20.2,3.8,8.1,0.465,1,2.5,0.41,2.8,5.6,0.489,0.528,1.2,1.4,0.855,0.3,1.8,2.1,1.2,0.5,0,0.7,1.4,9.8,,807,13.5,0.558,0.308,0.169,1.5,10.2,5.8,9.2,1.2,0.1,7.7,20.5,0.9,0.5,1.4,0.085,-0.1,-1.3,-1.5,0.1,2015
325,Jameer Nelson,33,DEN,PG,39,15,26.6,2.9,7.9,0.368,1.1,3.7,0.299,1.8,4.2,0.429,0.438,0.8,0.9,0.857,0.5,2.5,2.9,4.9,0.6,0.1,1.7,2.6,7.7,,1036,9.5,0.464,0.469,0.114,2,10.4,6.2,27.3,1.2,0.4,17,16.4,0.1,0.4,0.5,0.024,-2.2,-0.8,-3,-0.3,2015
326,Raul Neto,23,UTA,PG,81,53,18.5,2.2,5.2,0.431,0.8,2,0.395,1.4,3.2,0.453,0.507,0.6,0.9,0.743,0.2,1.3,1.5,2.1,0.8,0,1.3,1.5,5.9,,1499,10.2,0.53,0.388,0.167,1.3,8,4.7,18.7,2.2,0.1,19.5,17.2,0.2,1.6,1.8,0.058,-2.3,0.3,-2,0,2015
327,Andrew Nicholson,26,ORL,PF,56,0,14.7,2.6,5.5,0.471,0.7,2,0.36,1.9,3.5,0.536,0.537,0.9,1.2,0.785,0.6,3,3.6,0.4,0.2,0.4,0.7,1.2,6.9,,823,14.8,0.567,0.368,0.21,4.5,22.8,13.5,4.8,0.6,2.2,10.8,20.4,0.8,0.8,1.6,0.092,0,-1.1,-1.1,0.2,2015
328,Joakim Noah,30,CHI,C,29,2,21.9,1.8,4.6,0.383,0,0,0,1.8,4.6,0.386,0.383,0.8,1.6,0.489,3,5.8,8.8,3.8,0.6,1,1.8,2.7,4.3,,635,14.1,0.406,0.008,0.338,14.7,27.3,21.1,24.2,1.4,3.3,25.4,14.2,0,1.1,1.1,0.079,-1.5,3.1,1.6,0.6,2015
329,Nerlens Noel,21,PHI,C,67,62,29.3,4.6,8.8,0.521,0,0,0.5,4.6,8.7,0.521,0.522,2,3.4,0.59,2.3,5.8,8.1,1.8,1.8,1.5,2.4,2.9,11.1,,1965,16.2,0.544,0.003,0.387,8.2,22.2,15,10.5,2.9,3.9,18.7,18.8,0.3,2.8,3,0.074,-1.7,1.5,-0.2,0.9,2015
330,Lucas Nogueira,23,TOR,C,29,1,7.8,1,1.5,0.636,0,0.1,0.333,0.9,1.4,0.659,0.648,0.3,0.5,0.533,0.6,1,1.6,0.2,0.4,0.4,0.4,1,2.2,,225,15.6,0.642,0.068,0.341,9.3,14,11.7,4.9,2.8,4.4,17.9,12.4,0.3,0.4,0.7,0.154,-1.7,1.7,0,0.1,2015
331,Steve Novak,32,2TM,PF,10,0,4.4,0.8,1.8,0.444,0.7,1.5,0.467,0.1,0.3,0.333,0.639,0.1,0.1,1,0,0.5,0.5,0,0,0,0.1,0.3,2.4,,44,14.4,0.651,0.833,0.056,0,12,6.2,0,0,0,5.1,19.2,0.1,0,0.1,0.121,3.5,-2.4,1.2,0,2015
332,Dirk Nowitzki,37,DAL,PF,75,75,31.5,6.6,14.8,0.448,1.7,4.6,0.368,5,10.3,0.483,0.504,3.3,3.7,0.893,0.7,5.8,6.5,1.8,0.7,0.7,1.1,2.1,18.3,,2364,19,0.555,0.308,0.252,2.4,20.3,11.4,10.1,1.1,1.8,6.4,25.5,4.2,2.6,6.8,0.138,2.4,0.1,2.5,2.7,2015
333,Jusuf Nurkić,21,DEN,C,32,3,17.1,3.2,7.6,0.417,0,0.1,0,3.2,7.5,0.423,0.417,1.9,3.1,0.616,2,3.4,5.5,1.3,0.8,1.4,1.7,2.8,8.2,,547,15.9,0.46,0.012,0.409,12.9,22.7,17.7,12.3,2.2,6.5,16.1,27.2,-0.5,0.9,0.4,0.031,-3.6,0.7,-2.9,-0.1,2015
334,J.J. O'Brien,23,UTA,SF,2,0,3,0,0.5,0,0,0,,0,0.5,0,0,0,0,,0,0.5,0.5,0,0.5,0,0,0.5,0,,6,1.3,0,0,0,0,19.4,9.7,0,8.8,0,0,7.7,0,0,0,-0.028,-11.5,5.3,-6.2,0,2015
335,Johnny O'Bryant,22,MIL,PF,66,4,13,1.3,3.2,0.411,0,0,1,1.3,3.2,0.409,0.414,0.4,0.6,0.675,1,1.7,2.7,0.5,0.3,0.1,0.5,1.5,3,,857,7.4,0.441,0.005,0.191,8.7,14.7,11.7,5.4,1.1,0.8,12,13.5,-0.2,0.4,0.3,0.014,-4.2,-1.7,-5.9,-0.8,2015
336,Kyle O'Quinn,25,NYK,PF,65,1,11.8,2,4.2,0.476,0.1,0.3,0.227,1.9,3.8,0.498,0.485,0.7,0.9,0.767,1.2,2.7,3.8,1.1,0.3,0.8,0.9,1.6,4.8,,764,17.5,0.52,0.081,0.221,11,24.5,17.9,15.9,1.3,4.9,17,21.2,0.5,1.2,1.6,0.103,-1,1.4,0.4,0.5,2015
337,Jahlil Okafor,20,PHI,C,53,48,30,7.5,14.7,0.508,0,0.1,0.167,7.5,14.6,0.511,0.509,2.5,3.7,0.686,2.3,4.7,7,1.2,0.4,1.2,2.3,2.6,17.5,ROY-5,1591,17.1,0.536,0.008,0.248,8.1,17.8,12.8,8.2,0.7,2.9,12.5,27.3,0.3,0.9,1.2,0.037,-0.5,-1.8,-2.3,-0.1,2015
338,Victor Oladipo,23,ORL,SG,72,52,33,5.9,13.5,0.438,1.4,3.9,0.348,4.5,9.6,0.475,0.489,2.8,3.4,0.83,0.7,4.1,4.8,3.9,1.6,0.8,2.1,2.4,16,,2379,16.7,0.534,0.291,0.255,2.2,14,8,18.6,2.4,1.9,12.4,22.9,2.2,2.7,4.9,0.099,0.9,0.9,1.7,2.3,2015
339,Kelly Olynyk,24,BOS,C,69,8,20.2,3.7,8.1,0.455,1.2,3,0.405,2.4,5,0.486,0.531,1.4,1.9,0.75,1,3,4.1,1.5,0.8,0.5,1.1,2.4,10,,1395,16.3,0.561,0.378,0.23,5.4,16.2,10.7,11.9,1.8,1.8,10.8,20.9,2.1,2,4.1,0.141,1.2,0.8,1.9,1.4,2015
340,Kelly Oubre Jr.,20,WAS,SF,63,9,10.7,1.4,3.3,0.427,0.4,1.3,0.316,1,2.1,0.492,0.486,0.5,0.8,0.633,0.4,1.7,2.1,0.2,0.3,0.1,0.5,1.6,3.7,,671,8.2,0.507,0.374,0.232,4.1,18.4,11.1,2.8,1.6,0.8,12.8,17.4,-0.3,0.7,0.4,0.031,-4.6,-0.5,-5.1,-0.5,2015
341,Zaza Pachulia,31,DAL,C,76,69,26.4,2.9,6.2,0.466,0,0,0,2.9,6.1,0.469,0.466,2.8,3.6,0.768,3.3,6.2,9.4,1.7,0.8,0.3,1.6,2.4,8.6,,2004,16.2,0.55,0.006,0.587,13.7,25.7,19.7,9.7,1.6,0.9,16.8,16.2,3.4,2.7,6,0.145,-0.3,0.1,-0.2,0.9,2015
342,Kostas Papanikolaou,25,DEN,SF,26,6,11.3,0.9,2.5,0.364,0.4,1.2,0.313,0.5,1.3,0.412,0.439,0.3,0.5,0.643,0.3,1.2,1.5,0.6,0.5,0.2,0.8,0.9,2.6,,294,6,0.464,0.485,0.212,3,12.3,7.5,7.8,2.2,1.4,22.5,13.9,-0.4,0.2,-0.1,-0.022,-4.7,0.2,-4.5,-0.2,2015
343,Jabari Parker,20,MIL,PF,76,72,31.7,5.8,11.8,0.493,0.1,0.5,0.257,5.7,11.4,0.502,0.498,2.3,3,0.768,1.6,3.6,5.2,1.7,0.9,0.4,1.5,2,14.1,,2408,14.8,0.535,0.039,0.254,5.9,12.8,9.4,8.9,1.5,1,10.4,20.9,2.4,1.2,3.6,0.072,-0.4,-1.6,-2,0,2015
344,Tony Parker,33,SAS,PG,72,72,27.5,4.9,9.9,0.493,0.4,0.9,0.415,4.5,9,0.501,0.512,1.8,2.4,0.76,0.2,2.2,2.4,5.3,0.8,0.2,1.8,1.6,11.9,,1980,16.2,0.546,0.092,0.241,1,8.8,5.1,29.1,1.4,0.4,14.3,21.2,2.9,2.9,5.8,0.142,0.2,0.2,0.4,1.2,2015
345,Chandler Parsons,27,DAL,SF,61,51,29.5,5.2,10.7,0.492,1.7,4.1,0.414,3.5,6.6,0.54,0.571,1.5,2.2,0.684,0.5,4.2,4.7,2.8,0.8,0.3,1.6,1.9,13.7,,1799,16.2,0.589,0.386,0.209,1.8,15.6,8.7,16,1.3,1,11.8,20.5,2.6,1.6,4.3,0.114,1.8,0.2,2,1.8,2015
346,Lamar Patterson,24,ATL,SG,35,0,11.3,0.8,2.3,0.35,0.3,1.4,0.245,0.5,0.9,0.516,0.425,0.5,0.6,0.727,0.1,1.3,1.4,1.1,0.3,0.1,0.7,1.3,2.4,,395,5.1,0.468,0.613,0.275,1.1,12.4,6.9,13.6,1.1,0.4,20.4,12.8,-0.3,0.5,0.2,0.025,-5.4,0.3,-5.1,-0.3,2015
347,Patrick Patterson,26,TOR,PF,79,0,25.6,2.6,6.2,0.414,1.3,3.7,0.362,1.2,2.5,0.49,0.521,0.4,0.4,0.853,1,3.4,4.3,1.2,0.7,0.4,0.8,1.6,6.9,6MOY-16,2020,10.6,0.534,0.594,0.069,4.4,14.8,9.7,7.1,1.4,1.3,11.3,12.9,1.6,2,3.6,0.086,-0.1,0,-0.1,1,2015
348,Chris Paul,30,LAC,PG,74,74,32.7,7,15.1,0.462,1.6,4.4,0.371,5.3,10.6,0.501,0.517,4,4.4,0.896,0.5,3.7,4.2,10,2.1,0.2,2.6,2.5,19.5,"MVP-6,DPOY-13,AS,NBA2,DEF1",2420,26.2,0.575,0.295,0.294,1.8,12,7,52.7,3.1,0.4,13.4,27.1,9.2,3.5,12.7,0.253,5.9,2,7.9,6,2015
349,Adreian Payne,24,MIN,PF,52,2,9.3,1,2.8,0.366,0.2,0.6,0.281,0.8,2.2,0.389,0.397,0.3,0.5,0.654,0.4,1.8,2.1,0.6,0.3,0.2,0.7,1.5,2.5,,486,5.6,0.422,0.221,0.179,4.8,21.5,13.3,8.9,1.7,1.8,18.7,17.7,-0.9,0.4,-0.5,-0.047,-6.1,-0.2,-6.2,-0.5,2015
350,Cameron Payne,21,OKC,PG,57,1,12.2,2,4.9,0.41,0.6,1.9,0.324,1.4,2.9,0.467,0.475,0.3,0.4,0.792,0.2,1.3,1.5,1.9,0.6,0.1,0.8,1.4,5,,698,12.9,0.49,0.399,0.086,1.5,11.2,6.6,22.5,2.6,0.7,13.2,20.3,0.6,0.8,1.4,0.093,-1.3,0.6,-0.7,0.2,2015
351,Elfrid Payton,21,ORL,PG,73,69,29.4,4.4,10,0.436,0.4,1.3,0.326,3.9,8.7,0.451,0.456,1.5,2.6,0.589,1.1,2.5,3.6,6.4,1.2,0.3,2.4,2.2,10.7,,2145,13.9,0.478,0.126,0.26,3.9,9.6,6.7,32.8,2.1,0.8,17.9,20.4,0.5,1.7,2.2,0.05,-0.7,-0.6,-1.2,0.4,2015
352,Nikola Peković,30,MIN,C,12,3,13,1.6,4.2,0.38,0,0,,1.6,4.2,0.38,0.38,1.3,1.7,0.8,0.6,1.2,1.8,0.9,0.1,0,0.8,1.8,4.5,,156,6.5,0.459,0,0.4,5.3,10.3,7.8,10.7,0.3,0,13.3,19.5,-0.1,0,-0.1,-0.022,-5.1,-2.8,-7.9,-0.2,2015
353,Kendrick Perkins,31,NOP,C,37,5,14.6,1.1,2,0.533,0,0,,1.1,2,0.533,0.533,0.3,0.7,0.44,0.7,2.8,3.5,0.8,0.3,0.3,1.1,1.7,2.5,,542,6,0.529,0,0.333,4.9,21.8,13.1,7.9,1,1.7,32.3,10.4,-0.4,0.4,-0.1,-0.007,-5.2,0.2,-5,-0.4,2015
354,Paul Pierce,38,LAC,SF,68,38,18.1,2.1,5.8,0.363,1.1,3.6,0.31,1,2.3,0.445,0.457,0.8,1,0.818,0.2,2.6,2.7,1,0.5,0.3,0.9,1.9,6.1,,1231,8.2,0.489,0.61,0.166,1.1,15.2,8.2,8.5,1.3,1.1,12,17.8,-0.6,1.4,0.9,0.033,-3,-0.3,-3.3,-0.4,2015
355,Tibor Pleiß,26,UTA,C,12,0,6.8,0.9,2.1,0.44,0,0.2,0,0.9,1.9,0.478,0.44,0.2,0.2,1,0.5,0.8,1.3,0.2,0.1,0.2,0.7,1.6,2,,82,3.5,0.464,0.08,0.08,8.6,12.8,10.7,4,0.6,2.1,23.6,19.1,-0.2,0.1,-0.1,-0.041,-10,-1.6,-11.6,-0.2,2015
356,Mason Plumlee,25,POR,C,82,82,25.4,3.3,6.3,0.516,0,0,0,3.3,6.3,0.52,0.516,2.6,4.1,0.642,2.5,5.2,7.7,2.8,0.8,1,1.9,3.1,9.1,,2084,17.2,0.564,0.008,0.648,10.4,22.2,16.3,16.2,1.6,3.2,18.8,17.1,3.4,2.7,6.1,0.14,0,1.6,1.5,1.9,2015
357,Miles Plumlee,27,MIL,C,61,14,14.3,2.3,3.8,0.601,0,0,,2.3,3.8,0.601,0.601,0.6,1,0.576,1.5,2.3,3.8,0.3,0.3,0.8,0.7,1.2,5.1,,870,17.4,0.606,0,0.253,12.5,18,15.2,2.9,1.2,4.9,13.4,15.5,1.4,0.8,2.2,0.124,-0.2,-1.3,-1.5,0.1,2015
358,Otto Porter Jr.,22,WAS,SF,75,73,30.3,4.5,9.6,0.473,1.3,3.6,0.367,3.2,6,0.536,0.541,1.3,1.7,0.754,1.3,3.9,5.2,1.6,1.4,0.4,0.9,2.2,11.6,,2276,14.5,0.564,0.372,0.176,4.7,14.7,9.6,7.9,2.2,1.1,8.3,16.2,3,2.7,5.6,0.119,0.3,0.8,1.1,1.8,2015
359,Bobby Portis,20,CHI,PF,62,4,17.8,3,7,0.427,0.3,0.8,0.308,2.7,6.2,0.443,0.445,0.8,1.1,0.727,2,3.5,5.4,0.8,0.4,0.4,0.9,1.6,7,,1102,13.8,0.469,0.119,0.151,12,20,16.1,7.5,1.1,1.5,10.4,20.7,0.3,1.3,1.5,0.066,-1.5,-1.8,-3.3,-0.4,2015
360,Kristaps Porziņģis,20,NYK,PF,72,72,28.4,5.2,12.3,0.421,1.1,3.4,0.333,4.1,8.9,0.454,0.467,2.8,3.3,0.838,1.8,5.5,7.3,1.3,0.7,1.9,1.7,2.8,14.3,ROY-2,2047,17.7,0.518,0.274,0.271,7.1,20.7,14,7.9,1.3,5,10.9,24.6,1.5,2.9,4.4,0.102,0.6,0.3,0.9,1.5,2015
361,Dwight Powell,24,DAL,PF,69,2,14.4,2.1,4.3,0.493,0,0.2,0.125,2.1,4.1,0.514,0.497,1.5,2.1,0.739,1.2,2.7,4,0.6,0.5,0.3,0.6,1.7,5.8,,992,16.8,0.557,0.054,0.48,9.3,20.9,15.1,7.2,1.8,2,10,18.4,1.8,1.3,3.1,0.151,-0.6,0.7,0.1,0.5,2015
362,Norman Powell,22,TOR,SG,49,24,14.8,2,4.7,0.424,0.7,1.8,0.404,1.2,2.9,0.436,0.502,0.9,1.1,0.811,0.3,1.9,2.3,1,0.6,0.2,0.7,1.2,5.6,,725,13.3,0.541,0.389,0.231,2.6,14.8,8.8,10.4,2.1,1.1,11.3,17.8,0.7,0.9,1.6,0.105,-0.5,0.3,-0.3,0.3,2015
363,Phil Pressey,24,2TM,PG,23,0,12.3,1.3,3.4,0.385,0.2,0.8,0.222,1.1,2.6,0.433,0.41,0.6,1.1,0.52,0.1,1.2,1.3,3.3,0.8,0.2,1.4,1.2,3.3,,283,10.6,0.433,0.231,0.321,1.1,11.1,6,40.7,3.1,1.1,27,18.7,-0.4,0.3,-0.1,-0.017,-3.3,0.1,-3.2,-0.1,2015
364,Ronnie Price,32,PHO,PG,62,18,19.5,1.9,4.9,0.384,1.1,3.2,0.347,0.8,1.7,0.453,0.497,0.5,0.7,0.756,0.4,1.2,1.6,2.4,1.2,0.2,1.1,2.6,5.3,,1211,9.6,0.517,0.649,0.136,2.2,6.8,4.4,17.9,3,0.9,17.9,13.7,0.4,1,1.4,0.056,-3.2,1.4,-1.8,0.1,2015
365,Pablo Prigioni,38,LAC,PG,59,3,13.9,0.9,2.5,0.374,0.5,1.6,0.295,0.5,0.9,0.519,0.469,0.1,0.1,0.875,0.6,1.3,1.9,2.2,0.9,0,0.8,1.4,2.5,,823,10.2,0.482,0.646,0.054,5.1,9.9,7.5,21.8,3.2,0.1,24.6,11,0.3,1.1,1.5,0.087,-2.5,2.1,-0.4,0.3,2015
366,Tayshaun Prince,35,MIN,SF,77,44,19,1.3,3,0.445,0.1,0.3,0.174,1.3,2.7,0.476,0.454,0.2,0.2,0.684,0.4,1.5,1.9,0.9,0.5,0.2,0.4,0.8,2.9,,1462,6.3,0.466,0.1,0.083,2.6,9,5.8,7,1.2,0.7,10.2,8.1,0.1,0.3,0.4,0.014,-2.9,-0.1,-3,-0.4,2015
367,Julius Randle,21,LAL,PF,81,60,28.2,4.4,10.3,0.429,0.1,0.4,0.278,4.3,9.9,0.436,0.435,2.4,3.3,0.715,2.1,8.1,10.2,1.8,0.7,0.4,1.8,3,11.3,,2286,13.9,0.482,0.043,0.323,7.8,32,19.5,11,1.2,1,13.5,21.2,-0.3,1.9,1.6,0.035,-1.9,-1.3,-3.2,-0.7,2015
368,Zach Randolph,34,MEM,PF,68,53,29.6,6.3,13.3,0.475,0.1,0.4,0.231,6.3,13,0.482,0.479,2.5,3.2,0.796,2.6,5.1,7.8,2.1,0.6,0.2,1.5,2.1,15.3,,2016,18.3,0.519,0.029,0.238,9.7,20.7,15,12.9,1.1,0.6,9.5,24.6,2.8,1.5,4.3,0.103,1.4,-1.7,-0.3,0.9,2015
369,JJ Redick,31,LAC,SG,75,75,28,5.6,11.7,0.48,2.7,5.6,0.475,3,6.1,0.484,0.593,2.4,2.7,0.888,0.1,1.7,1.9,1.4,0.6,0.1,1,1.8,16.3,,2097,17.5,0.632,0.478,0.233,0.5,6.6,3.6,8.6,1,0.2,7.4,22.6,5.3,1.4,6.7,0.154,3.3,-1.1,2.2,2.2,2015
370,Willie Reed,25,BRK,C,39,2,10.9,1.9,3.4,0.571,0,0,,1.9,3.4,0.571,0.571,0.8,1.4,0.545,1.3,1.9,3.1,0.3,0.2,0.8,0.4,1.2,4.7,,426,19.2,0.579,0,0.414,12.7,19.6,16.1,3.8,0.7,5.7,9.2,18.1,0.9,0.3,1.2,0.134,0.4,-0.9,-0.5,0.2,2015
371,Josh Richardson,22,MIA,SG,52,2,21.3,2.4,5.2,0.452,1,2.2,0.461,1.3,3,0.446,0.55,0.8,1.2,0.667,0.4,1.7,2.1,1.4,0.7,0.5,0.7,2.1,6.6,,1107,11.4,0.569,0.423,0.232,2.2,8.5,5.5,9.7,1.7,1.7,10.5,13.8,1.3,1.2,2.5,0.109,-1.1,0.7,-0.4,0.5,2015
372,Austin Rivers,23,LAC,SG,67,7,21.9,3.4,7.7,0.438,0.9,2.8,0.335,2.4,4.9,0.495,0.498,1.2,1.7,0.681,0.3,1.6,1.9,1.5,0.7,0.1,0.9,2,8.9,,1464,11.1,0.523,0.359,0.225,1.7,7.9,4.8,10.6,1.6,0.5,9.7,19.4,0.6,1.3,1.9,0.063,-2.2,-0.5,-2.7,-0.2,2015
373,Andre Roberson,24,OKC,SG,70,70,22.2,1.9,3.9,0.496,0.5,1.5,0.311,1.5,2.4,0.608,0.555,0.5,0.8,0.611,1.1,2.5,3.6,0.7,0.8,0.6,0.5,1.9,4.8,,1553,10.2,0.566,0.376,0.197,5.9,11.4,8.8,4,1.7,2,10.5,9.1,1.8,1.6,3.4,0.105,-0.7,1.3,0.5,1,2015
374,Brian Roberts,30,2TM,PG,51,0,9.2,1.5,3.2,0.448,0.3,0.8,0.357,1.2,2.4,0.48,0.494,0.8,0.9,0.894,0.1,0.7,0.8,1.1,0.2,0,0.5,0.7,4,,470,13.8,0.552,0.255,0.285,1.4,8.2,4.8,18.6,1.1,0.3,11,19.8,0.7,0.3,1,0.105,-0.9,-0.7,-1.6,0,2015
375,Glenn Robinson III,22,IND,SF,45,4,11.3,1.4,3.4,0.43,0.3,0.8,0.378,1.1,2.5,0.447,0.477,0.6,0.9,0.692,0.3,1.2,1.5,0.6,0.4,0.2,0.4,0.5,3.8,,508,11.4,0.508,0.245,0.258,2.6,12,7.3,7.7,1.7,1.4,9.7,16.1,0.2,0.6,0.8,0.078,-1.6,0.5,-1.1,0.1,2015
376,Nate Robinson,31,NOP,PG,2,1,11.5,0,0.5,0,0,0.5,0,0,0,,0,0,0,,0,0,0,2,0.5,0,0,2.5,0,,23,2.6,0,1,0,0,0,0,21.8,2.2,0,0,1.9,0,0,0,0.038,-6.6,2,-4.6,0,2015
377,Thomas Robinson,24,BRK,PF,71,7,12.9,1.8,4.1,0.447,0,0,0,1.8,4.1,0.448,0.447,0.7,1.5,0.431,1.9,3.1,5.1,0.6,0.5,0.5,1,1.6,4.3,,917,14.5,0.453,0.003,0.375,16.4,27.8,22,7.7,2.1,3.2,16.9,19.8,-0.5,1.1,0.6,0.033,-2.7,-1.1,-3.8,-0.4,2015
378,Rajon Rondo,29,SAC,PG,72,72,35.2,4.9,10.9,0.454,0.9,2.4,0.365,4.1,8.5,0.479,0.494,1.2,2.1,0.58,1.1,5,6,11.7,2,0.1,3.9,2.4,11.9,,2537,16.9,0.506,0.217,0.192,3.3,15.2,9.3,48,2.7,0.3,24.7,18.8,2.3,2.3,4.6,0.087,1,0,1,1.9,2015
379,Derrick Rose,27,CHI,PG,66,66,31.8,6.8,15.9,0.427,0.7,2.3,0.293,6.1,13.6,0.449,0.448,2.2,2.7,0.793,0.7,2.7,3.4,4.7,0.7,0.2,2.7,1.3,16.4,,2097,13.4,0.479,0.143,0.171,2.4,8.8,5.6,25.5,1.1,0.5,13.4,27.3,-0.8,1.2,0.4,0.009,-0.6,-1.9,-2.5,-0.3,2015
380,Terrence Ross,24,TOR,SF,73,7,23.9,3.7,8.6,0.431,1.8,4.6,0.386,1.9,3.9,0.484,0.536,0.7,0.8,0.79,0.3,2.2,2.5,0.8,0.7,0.3,0.6,1.6,9.9,,1747,12.9,0.551,0.542,0.099,1.4,10.6,6.1,5.3,1.6,1.2,6.6,18.2,2.1,1.6,3.6,0.1,0.6,-0.3,0.3,1,2015
381,Terry Rozier,21,BOS,PG,39,0,8,0.7,2.7,0.274,0.2,0.7,0.222,0.6,2,0.291,0.302,0.2,0.3,0.8,0.6,1,1.6,0.9,0.2,0,0.5,0.6,1.8,,311,5,0.326,0.255,0.094,8.1,13.5,10.8,16.5,0.9,0.3,14.7,17.7,-0.6,0.3,-0.3,-0.047,-4.7,-1.4,-6.1,-0.3,2015
382,Ricky Rubio,25,MIN,PG,76,76,30.6,2.9,7.7,0.374,0.8,2.5,0.326,2.1,5.2,0.396,0.427,3.5,4.1,0.847,0.5,3.8,4.3,8.7,2.1,0.1,2.5,2.6,10.1,,2323,17.6,0.529,0.324,0.536,2,14.1,8.2,41.4,3.5,0.4,21,17.7,3.6,2.2,5.8,0.119,1,0.8,1.8,2.3,2015
383,Damjan Rudež,29,MIN,SF,33,0,8.4,0.8,1.9,0.403,0.5,1.5,0.34,0.2,0.4,0.667,0.54,0.2,0.2,1,0.2,0.5,0.6,0.3,0.1,0,0.4,1,2.3,,277,5.5,0.572,0.806,0.129,2.1,6.2,4.2,5.8,0.5,0.3,16.6,12.7,0.1,0,0.1,0.009,-2.7,-2.1,-4.8,-0.2,2015
384,Brandon Rush,30,GSW,SG,72,25,14.7,1.5,3.6,0.427,0.9,2.2,0.414,0.6,1.4,0.447,0.552,0.3,0.4,0.643,0.3,2.2,2.5,0.8,0.3,0.3,0.5,0.8,4.2,,1055,10.1,0.56,0.604,0.108,2.3,15.4,9.2,7,0.9,1.6,10.8,12.5,0.8,1.2,2,0.09,-0.6,-0.2,-0.8,0.3,2015
385,D'Angelo Russell,19,LAL,PG,80,48,28.2,4.9,12,0.41,1.6,4.6,0.351,3.3,7.3,0.447,0.478,1.8,2.4,0.737,0.6,2.8,3.4,3.3,1.2,0.2,2.5,1.8,13.2,ROY-9,2259,13.2,0.507,0.387,0.199,2.2,11.2,6.5,21.2,2.1,0.5,15.9,24.1,-0.7,0.7,0,0.001,-0.7,-1.6,-2.3,-0.1,2015
386,Robert Sacre,26,LAL,C,25,1,12.8,1.2,3,0.413,0,0,,1.2,3,0.413,0.413,1,1.5,0.658,1.3,1.6,2.9,0.6,0.2,0.4,0.5,1.7,3.5,,320,10.4,0.474,0,0.507,10.4,13.9,12.1,6.9,0.6,2.5,11.6,14.3,0.2,0.1,0.3,0.04,-3.3,-1.3,-4.6,-0.2,2015
387,JaKarr Sampson,22,2TM,SF,73,40,15.9,1.9,4.3,0.442,0.2,0.9,0.222,1.7,3.5,0.496,0.464,1.1,1.7,0.656,0.6,2,2.6,0.6,0.3,0.5,1,1.9,5.1,,1160,8.3,0.504,0.199,0.385,4.2,14,9,6.2,1,2.2,15.9,16.6,-0.5,0.6,0.1,0.006,-4.5,-1,-5.4,-1,2015
388,Dennis Schröder,22,ATL,PG,80,6,20.3,4.1,9.8,0.421,1,3,0.322,3.2,6.8,0.465,0.471,1.8,2.3,0.791,0.3,2.2,2.6,4.4,0.9,0.1,2.3,1.7,11,6MOY-9,1621,15.5,0.51,0.306,0.233,1.7,11.8,6.9,36.1,2.1,0.4,17.5,28.8,-0.2,2.3,2.2,0.064,-0.3,-0.4,-0.8,0.5,2015
389,Luis Scola,35,TOR,PF,76,76,21.5,3.5,7.9,0.45,0.9,2.1,0.404,2.7,5.8,0.467,0.504,0.8,1.1,0.726,1.1,3.6,4.7,0.9,0.6,0.4,0.9,2.3,8.7,,1636,13.6,0.523,0.269,0.14,6,19,12.6,6.8,1.5,1.4,9.7,19.5,1.4,1.9,3.3,0.098,-0.8,-0.3,-1.1,0.4,2015
390,Mike Scott,27,ATL,PF,75,0,15.3,2.3,5,0.468,0.8,2.1,0.392,1.5,2.9,0.523,0.551,0.7,0.8,0.794,0.7,2,2.7,1,0.3,0.2,0.6,1.4,6.2,,1146,14,0.575,0.42,0.168,5.2,14.2,9.8,10.5,1.1,1.2,9.4,17.4,1.7,1.5,3.2,0.132,-0.1,0,-0.1,0.6,2015
391,Thabo Sefolosha,31,ATL,SF,75,11,23.4,2.5,5,0.505,0.6,1.6,0.341,1.9,3.3,0.586,0.562,0.8,1.3,0.626,0.7,3.8,4.5,1.4,1.1,0.5,0.9,1.5,6.4,,1758,12.4,0.578,0.331,0.266,3.3,17.1,10.4,8.8,2.4,1.7,14.1,12.3,1.3,3.2,4.5,0.122,-1.5,2.3,0.8,1.3,2015
392,Kevin Séraphin,26,NYK,C,48,0,11,1.8,4.3,0.41,0,0,0,1.8,4.2,0.414,0.41,0.4,0.5,0.826,0.6,2,2.6,1,0.2,0.8,0.9,1.4,3.9,,526,10.8,0.435,0.01,0.112,6.5,19.5,13.1,14.8,0.8,5.2,16.7,22.2,-0.8,0.7,-0.2,-0.015,-4.4,0.6,-3.8,-0.2,2015
393,Ramon Sessions,29,WAS,PG,82,5,20.3,3.4,7.2,0.473,0.4,1.4,0.324,3,5.9,0.507,0.503,2.6,3.5,0.756,0.3,2.2,2.5,2.9,0.6,0.1,1.4,1.2,9.9,,1667,15.9,0.565,0.188,0.478,1.6,12.2,6.8,22,1.3,0.2,13.8,21.8,2.5,1.3,3.8,0.109,0.2,-0.5,-0.3,0.7,2015
394,Iman Shumpert,25,CLE,SG,54,5,24.4,2.1,5.6,0.374,0.8,2.7,0.295,1.3,2.9,0.447,0.444,0.7,0.9,0.784,0.6,3.2,3.8,1.7,1,0.4,1.1,2.2,5.8,,1316,8.4,0.475,0.479,0.167,2.8,14.6,8.7,9.8,2.1,1.2,14.8,13.2,-0.1,1.8,1.7,0.063,-3,1.4,-1.5,0.1,2015
395,Jonathon Simmons,26,SAS,SG,55,2,14.8,2.2,4.4,0.504,0.3,0.9,0.383,1.9,3.5,0.533,0.541,1.3,1.7,0.75,0.3,1.5,1.7,1.1,0.4,0.1,1,1.9,6,,813,11.9,0.586,0.194,0.38,2.3,10.8,6.7,10.4,1.5,0.5,15.8,18.9,0.7,1.3,2,0.119,-3.1,0.4,-2.7,-0.2,2015
396,Henry Sims,25,BRK,C,14,4,18.8,2.4,5.5,0.429,0,0,,2.4,5.5,0.429,0.429,1.8,2.1,0.833,1.5,3.6,5.1,0.6,0.6,1,0.9,2.6,6.5,,263,13.9,0.504,0,0.39,8.8,22.2,15.4,5.1,1.7,4.3,11.7,17.3,0.2,0.3,0.4,0.079,-3.5,-0.8,-4.3,-0.2,2015
397,Kyle Singler,27,OKC,SF,68,2,14.4,1.3,3.3,0.389,0.4,1.4,0.309,0.8,1.8,0.452,0.457,0.4,0.6,0.659,0.7,1.3,2.1,0.4,0.4,0.1,0.5,1.8,3.4,,977,6.6,0.481,0.439,0.199,5.9,9.6,7.9,3.2,1.5,0.7,11.7,11.9,0.3,0.8,1.1,0.054,-3.1,-0.1,-3.2,-0.3,2015
398,Donald Sloan,28,BRK,PG,61,33,21.6,2.5,5.7,0.44,0.6,1.6,0.384,1.9,4.1,0.462,0.494,1.3,1.7,0.75,0.3,2.6,2.8,4.4,0.5,0.1,1.3,1.2,7,,1318,13.9,0.536,0.283,0.297,1.4,13.5,7.4,30,1.2,0.2,16.8,16.1,1.7,0.3,2,0.071,-0.3,-1.4,-1.7,0.1,2015
399,Marcus Smart,21,BOS,PG,61,10,27.3,3,8.7,0.348,1,4,0.253,2,4.7,0.427,0.405,2.1,2.7,0.777,1.2,2.9,4.2,3,1.5,0.3,1.3,3,9.1,,1667,11.3,0.463,0.456,0.314,4.8,11.6,8.1,15.8,2.7,0.8,11.7,17.4,0.5,2.4,2.9,0.083,-2.2,1.2,-1,0.4,2015
400,Greg Smith,25,MIN,PF,18,0,10.7,1,1.8,0.563,0,0,,1,1.8,0.563,0.563,0.4,0.9,0.412,0.7,1.7,2.3,0.3,0.2,0.1,0.4,1.6,2.4,,192,7.9,0.545,0,0.531,7.4,17.9,12.7,4.6,1.1,0.4,15.1,10.8,0.1,0.1,0.2,0.045,-4.1,-1.4,-5.5,-0.2,2015
401,Ish Smith,27,2TM,PG,77,53,29.1,5.2,12.6,0.411,0.7,2.2,0.329,4.4,10.4,0.428,0.44,1.6,2.3,0.693,0.6,3.4,4,6.5,1.1,0.3,2.3,1.7,12.6,,2239,14.9,0.465,0.176,0.182,2,13.3,7.5,38.3,1.9,0.8,14.4,23.9,0,1.3,1.3,0.027,-0.3,-1.3,-1.6,0.2,2015
402,J.R. Smith,30,CLE,SG,77,77,30.7,4.6,11,0.415,2.6,6.6,0.4,1.9,4.4,0.438,0.535,0.6,0.9,0.634,0.6,2.3,2.8,1.7,1.1,0.3,0.8,2.6,12.4,,2362,12.4,0.542,0.6,0.084,2.1,8.3,5.2,8.5,1.8,0.7,6.3,18,3,2.5,5.5,0.111,0.2,0.3,0.5,1.5,2015
403,Jason Smith,29,ORL,C,76,2,15.5,3.2,6.6,0.485,0.1,0.2,0.25,3.2,6.4,0.493,0.489,0.7,0.9,0.806,0.7,2.2,2.9,0.8,0.4,0.9,0.8,2.1,7.2,,1181,14.6,0.513,0.032,0.133,4.9,15.8,10.3,8.6,1.4,4.6,9.7,22.1,0.4,1.4,1.8,0.072,-2.5,0.3,-2.2,-0.1,2015
404,Josh Smith,30,2TM,PF,55,7,16,2.3,6.3,0.364,0.7,2.6,0.287,1.6,3.7,0.417,0.423,0.7,1.2,0.552,0.9,2.6,3.5,1.6,0.6,0.9,1.4,2.1,6,,880,10.6,0.439,0.41,0.192,6.4,17.4,11.9,15.9,1.9,4.3,16.9,22.9,-1.2,1.2,0,0,-3.5,0.4,-3.1,-0.2,2015
405,Russ Smith,24,MEM,PG,15,0,4.4,0.5,1.5,0.318,0.1,0.3,0.2,0.4,1.1,0.353,0.341,0.5,0.9,0.615,0.1,0.5,0.6,0.7,0.3,0.1,0.5,0.3,1.5,,66,10.5,0.415,0.227,0.591,1.7,14.4,7.8,25.4,3.9,1.4,20.2,23.6,-0.1,0.1,-0.1,-0.041,-2.9,1.4,-1.4,0,2015
406,Tony Snell,24,CHI,SF,64,33,20.3,2,5.3,0.372,0.9,2.4,0.361,1.1,2.9,0.38,0.454,0.5,0.5,0.909,0.3,2.8,3.1,1,0.3,0.3,0.8,1.6,5.3,,1301,6.4,0.478,0.457,0.097,1.6,14.3,8.1,6.9,0.6,1,12.8,13.7,-0.5,1,0.4,0.016,-3.5,-0.5,-4,-0.6,2015
407,Marreese Speights,28,GSW,C,72,0,11.6,2.7,6.3,0.432,0.3,0.9,0.387,2.4,5.5,0.439,0.458,1.3,1.6,0.825,1.1,2.3,3.3,0.8,0.3,0.5,0.9,1.6,7.1,,832,17.1,0.506,0.136,0.25,10.6,19.8,15.5,11.4,1.1,3,11.5,29.7,0.5,1.2,1.8,0.102,-2.3,-1.5,-3.7,-0.4,2015
408,Tiago Splitter,31,ATL,C,36,2,16.1,2.3,4.3,0.523,0,0.1,0,2.3,4.3,0.529,0.523,1.1,1.3,0.813,1.3,2.1,3.3,0.8,0.6,0.3,0.7,2,5.6,,579,13.7,0.571,0.013,0.31,8.7,13.8,11.3,7.9,1.7,1.6,12,15.5,0.9,0.9,1.7,0.144,-2.2,0.5,-1.7,0,2015
409,Nik Stauskas,22,PHI,SG,73,35,24.8,2.9,7.5,0.385,1.5,4.5,0.326,1.4,3,0.473,0.483,1.2,1.6,0.771,0.3,2.2,2.5,1.9,0.6,0.3,1.3,1.6,8.5,,1809,9.2,0.517,0.596,0.217,1.3,10,5.5,12,1.2,0.8,13.6,16.7,0,0.5,0.5,0.012,-2.3,-1.5,-3.8,-0.8,2015
410,Lance Stephenson,25,2TM,SF,69,13,19.9,3.3,6.9,0.481,0.4,1.1,0.385,2.9,5.7,0.5,0.513,1.3,1.6,0.784,0.6,2.7,3.2,1.9,0.6,0.1,1.4,2,8.3,,1372,13.5,0.548,0.165,0.234,3.2,15.1,9.1,16.2,1.6,0.6,15.2,20.2,0.9,1.3,2.2,0.076,-0.9,-0.3,-1.2,0.3,2015
411,Alex Stepheson,28,2TM,PF,8,0,9.1,1.1,3.4,0.333,0,0,,1.1,3.4,0.333,0.333,0.5,1.5,0.333,2.4,1.1,3.5,0.3,0.1,0.6,0,1.5,2.8,,73,14.8,0.341,0,0.444,28.5,14.5,21.8,4.3,0.7,6,0,19.8,0,0.1,0.1,0.068,-0.5,-2,-2.4,0,2015
412,Jarnell Stokes,22,2TM,C,7,0,2.6,0.4,0.7,0.6,0,0,,0.4,0.7,0.6,0.6,0.1,0.3,0.5,0.1,0.4,0.6,0.1,0.1,0,0,0.1,1,,18,20,0.595,0,0.4,6.1,18.8,12.6,9.6,2.8,0,0,14.9,0.1,0,0.1,0.209,1.9,0.1,2,0,2015
413,Amar'e Stoudemire,33,MIA,C,52,36,14.7,2.4,4.3,0.566,0,0,,2.4,4.3,0.566,0.566,1,1.3,0.746,1.3,3,4.3,0.5,0.3,0.8,0.9,1.8,5.8,,762,17.3,0.599,0,0.303,10,22.6,16.5,5.6,1.2,4.1,15.8,17.8,1.1,1.3,2.4,0.15,-1.3,0.6,-0.6,0.3,2015
414,Rodney Stuckey,29,IND,PG,58,1,22,3.2,7.6,0.413,0.3,1.4,0.241,2.8,6.2,0.453,0.436,2.3,2.7,0.829,0.3,2.4,2.7,2.4,0.7,0.1,1.3,1.3,8.9,,1275,12.6,0.504,0.187,0.357,1.6,11.7,6.7,17.2,1.7,0.5,12.9,20.3,0.5,1.5,2,0.077,-1.8,0.4,-1.4,0.2,2015
415,Jared Sullinger,23,BOS,PF,81,73,23.6,4.3,10,0.435,0.4,1.3,0.282,4,8.7,0.458,0.453,1.3,2,0.64,2.4,5.9,8.3,2.3,0.9,0.6,1.3,2.6,10.3,,1915,16.7,0.476,0.128,0.2,10.6,27,18.7,15.5,1.9,1.9,10.4,21.8,1.3,3.6,4.8,0.121,0,0.7,0.6,1.3,2015
416,Edy Tavares,23,ATL,C,11,0,6.6,1,1.7,0.579,0,0,,1,1.7,0.579,0.579,0.3,0.7,0.375,0.6,1.3,1.9,0.3,0.1,0.5,0.5,0.7,2.3,,73,14.4,0.555,0,0.421,10.7,20.5,15.7,6.3,0.7,6.5,18.2,16.9,0,0.1,0.2,0.106,-2.9,1.1,-1.8,0,2015
417,Jeff Teague,27,ATL,PG,79,78,28.5,5.5,12.5,0.439,1.4,3.5,0.401,4.1,9,0.454,0.495,3.3,3.9,0.837,0.4,2.3,2.7,5.9,1.2,0.3,2.8,2.1,15.7,,2255,17.9,0.551,0.277,0.316,1.6,8.6,5.2,34.4,2.1,0.8,16.2,26.6,2.8,3,5.9,0.125,1.5,-0.2,1.3,1.9,2015
418,Mirza Teletović,30,PHO,PF,79,1,21.3,4.2,9.8,0.427,2.3,5.8,0.393,1.9,4,0.476,0.544,1.5,2,0.774,0.7,3.1,3.8,1.1,0.4,0.3,1.1,2,12.2,6MOY-16,1686,16.2,0.571,0.592,0.199,3.5,16.3,9.7,9.1,0.9,1,9,23.4,2.9,0.9,3.8,0.109,2.8,-1.4,1.3,1.4,2015
419,Garrett Temple,29,WAS,SF,80,43,24.4,2.5,6.3,0.398,1.1,3.2,0.345,1.4,3.1,0.453,0.486,1.1,1.6,0.728,0.5,2.2,2.7,1.8,0.9,0.2,0.8,2.4,7.3,,1951,9.3,0.52,0.511,0.248,2,10.3,6.1,10,1.7,0.7,10.3,14,1,1.7,2.7,0.066,-2.5,0.4,-2.1,0,2015
420,Jason Terry,38,HOU,SG,72,7,17.5,2.1,5.2,0.402,1.3,3.6,0.356,0.8,1.6,0.504,0.525,0.4,0.5,0.818,0.2,0.9,1.1,1.4,0.7,0.1,0.7,1.3,5.9,,1258,10.2,0.54,0.694,0.088,1.2,5.7,3.5,12.4,1.8,0.6,11.1,15,1.1,0.4,1.5,0.057,-0.7,-0.9,-1.6,0.1,2015
421,Isaiah Thomas,26,BOS,PG,82,79,32.2,7.2,16.9,0.428,2,5.7,0.359,5.2,11.2,0.462,0.488,5.8,6.6,0.871,0.6,2.4,3,6.2,1.1,0.1,2.7,2,22.2,AS,2644,21.5,0.562,0.336,0.394,1.8,8,4.9,32.7,1.7,0.3,11.9,29.6,7.2,2.5,9.7,0.177,4.9,-0.6,4.3,4.2,2015
422,Lance Thomas,27,NYK,PF,59,5,22.3,2.9,6.5,0.442,0.7,1.8,0.404,2.1,4.6,0.458,0.5,1.7,2,0.857,0.6,1.6,2.2,0.9,0.4,0.1,1,1.8,8.2,,1313,10.4,0.557,0.285,0.312,2.9,8,5.4,6.4,0.9,0.4,11.6,16.9,1.2,0.5,1.7,0.062,-1.7,-1.5,-3.2,-0.4,2015
423,Hollis Thompson,24,PHI,SG,77,17,28,3.5,8.8,0.397,1.9,5.1,0.38,1.6,3.7,0.42,0.507,0.9,1.2,0.719,0.7,2.8,3.5,1.3,0.5,0.3,1,2.4,9.8,,2154,9.2,0.525,0.576,0.141,2.6,11.4,6.9,7.4,0.8,0.8,9.5,16.2,0.7,0.5,1.2,0.026,-1.6,-1.7,-3.4,-0.7,2015
424,Jason Thompson,29,2TM,C,47,7,10,1.1,2.3,0.481,0.1,0.3,0.333,1,2,0.505,0.505,0.8,1.1,0.704,0.7,2.2,2.9,0.6,0.3,0.4,0.3,1.7,3.1,,471,14.2,0.558,0.139,0.5,7.9,23.4,15.9,8.5,1.3,3.3,10.2,13.9,0.9,0.7,1.6,0.165,-2.1,1.2,-0.8,0.1,2015
425,Klay Thompson,25,GSW,SG,80,80,33.3,8.1,17.3,0.47,3.5,8.1,0.425,4.7,9.2,0.51,0.569,2.4,2.8,0.873,0.4,3.4,3.8,2.1,0.8,0.6,1.7,1.9,22.1,"AS,NBA3",2666,18.6,0.597,0.469,0.159,1.5,10.3,6.2,9.8,1.1,1.4,8.5,26.3,5.5,2.6,8,0.144,3.4,-1.6,1.8,2.5,2015
426,Tristan Thompson,24,CLE,PF,82,34,27.7,3,5.1,0.588,0,0,,3,5.1,0.588,0.588,1.8,3,0.616,3.3,5.7,9,0.8,0.5,0.6,0.7,2.5,7.8,6MOY-10,2269,15.9,0.611,0,0.576,13.5,23.3,18.4,4,0.9,1.8,10.4,11.7,5.6,3.1,8.7,0.185,0.5,-0.3,0.2,1.2,2015
427,Marcus Thornton,28,2TM,SG,61,8,18.2,3.5,8.9,0.399,1.5,4.4,0.337,2,4.5,0.46,0.482,1.1,1.3,0.848,0.6,1.8,2.5,1.4,0.8,0.1,0.8,1.5,9.7,,1109,14.7,0.511,0.498,0.146,3.8,11.3,7.5,12.9,2.1,0.3,8.1,24.4,1,0.7,1.7,0.074,0.9,-1.4,-0.5,0.4,2015
428,Anthony Tolliver,30,DET,PF,72,5,18.6,1.8,4.6,0.386,1.4,3.8,0.36,0.4,0.8,0.5,0.533,0.4,0.7,0.617,0.5,2.6,3.2,0.7,0.4,0.2,0.4,1.2,5.3,,1341,10.2,0.543,0.819,0.142,3.1,16.1,9.3,5.6,1,0.9,7.4,12.4,1.5,1.3,2.8,0.1,-0.1,0.5,0.4,0.8,2015
429,Axel Toupane,23,DEN,SF,21,0,14.5,1.2,3.3,0.357,0.6,1.9,0.325,0.6,1.4,0.4,0.45,0.6,0.8,0.765,0.4,1.1,1.5,0.7,0.3,0.3,0.3,1.9,3.6,,305,7.1,0.49,0.571,0.243,2.9,8.5,5.6,7,1.2,1.6,7.2,12,0.2,0.1,0.3,0.049,-3.6,-1,-4.7,-0.2,2015
430,Karl-Anthony Towns,20,MIN,C,82,82,32,7.6,14.1,0.542,0.4,1.1,0.341,7.3,13,0.559,0.555,2.7,3.4,0.811,2.8,7.7,10.5,2,0.7,1.7,2.2,3,18.3,ROY-1,2627,22.5,0.59,0.076,0.239,10.3,27.5,19,11.3,1.1,4.3,12.6,24.9,5.5,2.8,8.3,0.151,2.5,-0.4,2.2,2.7,2015
431,P.J. Tucker,30,PHO,SF,82,80,31,2.9,7.1,0.411,0.8,2.5,0.33,2.1,4.6,0.455,0.469,1.3,1.7,0.746,2,4.2,6.2,2.2,1.3,0.2,1.4,2.5,8,,2540,10.8,0.506,0.354,0.244,6.9,15.2,10.9,10.2,2,0.6,14.7,12.7,1.5,1.9,3.5,0.066,-1.5,0.4,-1.2,0.5,2015
432,Evan Turner,27,BOS,SG,81,12,28,4.2,9.3,0.456,0.2,1,0.241,4,8.3,0.482,0.469,1.8,2.2,0.827,0.6,4.3,4.9,4.4,1,0.3,2.1,1.7,10.5,6MOY-5,2271,13.6,0.513,0.11,0.238,2.3,16.5,9.3,23.9,1.7,1,16.9,18.8,1,3,4,0.085,-0.9,0.9,0,1.1,2015
433,Myles Turner,19,IND,C,60,30,22.8,4.4,8.8,0.498,0.1,0.2,0.214,4.4,8.6,0.506,0.501,1.5,2,0.727,1.1,4.4,5.5,0.7,0.4,1.4,1.1,2.6,10.3,ROY-8,1367,15.4,0.531,0.026,0.228,5.5,21,13.3,5,0.9,5.1,10.3,20.9,0.8,2.3,3.1,0.109,-2.2,0.6,-1.6,0.1,2015
434,Beno Udrih,33,2TM,PG,44,5,16.1,2,4.5,0.434,0.3,1,0.341,1.6,3.5,0.461,0.472,0.4,0.5,0.9,0.2,1.5,1.6,2.6,0.3,0,1.2,1.2,4.7,,707,9.5,0.496,0.222,0.101,1.3,10,5.8,24.9,1,0.1,20.4,16.7,-0.1,0.5,0.4,0.029,-2.7,-1,-3.6,-0.3,2015
435,Jonas Valančiūnas,23,TOR,C,60,59,26,5.1,8.9,0.565,0,0,,5.1,8.9,0.565,0.565,2.7,3.6,0.761,3.1,6.1,9.1,0.7,0.4,1.3,1.4,2.6,12.8,,1557,22.6,0.61,0,0.397,13.8,26.3,20.1,4.8,0.8,4.2,11.9,20.9,4.5,2.4,6.9,0.211,2.1,-0.5,1.7,1.4,2015
436,Anderson Varejão,33,2TM,C,53,0,9.4,1,2.3,0.427,0,0,0,1,2.3,0.431,0.427,0.6,0.9,0.64,0.7,2,2.7,0.7,0.3,0.2,0.4,1.3,2.6,,496,11.1,0.473,0.008,0.403,8.5,22.8,15.8,9.8,1.6,1.6,13.1,15,0.3,0.8,1,0.101,-3.5,0.6,-2.9,-0.1,2015
437,Greivis Vásquez,29,MIL,PG,23,0,20,2,6,0.326,0.8,3.2,0.247,1.2,2.8,0.415,0.391,1,1.1,0.846,0.2,1.8,2,4,0.4,0,1.7,1.8,5.7,,460,7.4,0.435,0.529,0.188,1.3,10.3,5.8,28.5,1.1,0,21.1,18.5,-0.4,0.1,-0.3,-0.033,-3.4,-2.9,-6.2,-0.5,2015
438,Rashad Vaughn,19,MIL,SG,70,6,14.3,1.2,3.8,0.305,0.6,2.1,0.293,0.5,1.7,0.319,0.385,0.2,0.2,0.8,0.2,1.1,1.3,0.6,0.4,0.2,0.4,1,3.1,,1001,4.2,0.398,0.553,0.056,1.3,8.7,5,5.5,1.5,1.4,9.3,13.5,-1.2,0.4,-0.8,-0.036,-4.4,-1.3,-5.7,-0.9,2015
439,Charlie Villanueva,31,DAL,PF,62,4,10.7,2,5.3,0.382,0.8,2.8,0.273,1.3,2.5,0.503,0.454,0.4,0.4,0.917,0.4,2.1,2.5,0.4,0.3,0.2,0.5,1.1,5.1,,665,11.9,0.473,0.526,0.073,4,21.1,12.5,6.2,1.4,1.9,8.4,25.3,-0.6,0.8,0.2,0.016,-1.9,-0.8,-2.7,-0.1,2015
440,Noah Vonleh,20,POR,PF,78,56,15.1,1.5,3.6,0.421,0.1,0.6,0.239,1.4,3,0.457,0.441,0.5,0.7,0.745,1.2,2.7,3.9,0.4,0.3,0.3,0.6,1.9,3.6,,1174,8.6,0.471,0.165,0.183,8.4,19.8,14.1,3.7,1.2,1.7,14.3,13,0,1.1,1.2,0.047,-3.9,-0.3,-4.2,-0.6,2015
441,Nikola Vučević,25,ORL,C,65,60,31.3,8.2,16.1,0.51,0,0.1,0.222,8.2,16,0.512,0.511,1.7,2.3,0.753,2.7,6.2,8.9,2.8,0.8,1.1,1.9,2.7,18.2,,2037,21.1,0.531,0.009,0.143,9.3,22.2,15.7,15.9,1.3,2.8,10,26.8,2.8,2.4,5.2,0.122,1.9,0,1.9,2,2015
442,Sasha Vujačić,31,NYK,SG,61,25,14.9,1.7,4.5,0.383,0.9,2.3,0.364,0.9,2.2,0.403,0.477,0.5,0.6,0.821,0.4,2,2.4,1.4,0.6,0.1,0.7,1.4,4.9,,908,11.1,0.503,0.516,0.141,3.2,14.6,9,14.3,1.9,0.4,13,16.8,0.3,0.8,1.1,0.06,-1.5,0.3,-1.2,0.2,2015
443,Dwyane Wade,34,MIA,SG,74,73,30.5,7.3,16,0.456,0.1,0.6,0.159,7.2,15.4,0.468,0.459,4.4,5.5,0.793,1.1,3,4.1,4.6,1.1,0.6,2.7,1.6,19,AS,2258,20.3,0.517,0.037,0.343,4.3,10.7,7.6,27.4,1.8,1.4,13,31.6,2.4,2.6,4.9,0.105,2.3,-0.4,1.9,2.2,2015
444,Dion Waiters,24,OKC,SG,78,15,27.6,3.6,9.1,0.399,1.1,3.1,0.358,2.5,6,0.421,0.46,1.4,2,0.713,0.5,2.1,2.6,2,1,0.2,1.5,1.8,9.8,,2152,9.4,0.492,0.34,0.222,1.9,8,5.1,10,1.9,0.5,13.4,17.7,0.3,1.8,2.1,0.046,-2.4,-0.4,-2.8,-0.4,2015
445,Kemba Walker,25,CHO,PG,81,81,35.6,7,16.4,0.427,2.2,6,0.371,4.8,10.4,0.459,0.495,4.6,5.4,0.847,0.7,3.7,4.4,5.2,1.6,0.5,2.1,1.4,20.9,,2885,20.8,0.554,0.368,0.329,2.1,11.5,6.8,25.7,2.2,1.1,10.1,26.5,6.3,3.6,9.9,0.164,3.5,0.5,4,4.3,2015
446,John Wall,25,WAS,PG,77,77,36.2,7.4,17.5,0.424,1.5,4.3,0.351,5.9,13.3,0.448,0.467,3.5,4.5,0.791,0.5,4.4,4.9,10.2,1.9,0.8,4.1,2.1,19.9,AS,2784,19.8,0.51,0.243,0.255,1.7,13.8,7.6,46.2,2.5,1.7,17.5,28.6,2.2,3.5,5.7,0.098,3.1,0.4,3.5,3.9,2015
447,T.J. Warren,22,PHO,SF,47,4,22.8,4.7,9.4,0.501,0.6,1.5,0.4,4.1,7.9,0.52,0.533,1,1.4,0.703,1.2,1.9,3.1,0.9,0.8,0.3,0.7,2,11,,1070,15.7,0.549,0.159,0.145,5.7,9.3,7.5,7.2,1.7,1.2,6.4,19.9,1.7,0.6,2.2,0.101,0.5,-0.9,-0.5,0.4,2015
448,C.J. Watson,31,ORL,PG,33,2,19.9,1.4,4.2,0.343,0.4,1.5,0.292,1,2.7,0.371,0.394,1,1.2,0.872,0.3,1.7,2,2.7,0.6,0.2,0.8,1.5,4.3,,656,8.6,0.461,0.35,0.285,1.7,9.6,5.6,18.1,1.4,0.6,14,12.1,0.2,0.4,0.6,0.047,-3,-0.1,-3,-0.2,2015
449,Briante Weber,23,2TM,PG,7,4,24.1,2,5.6,0.359,0,0.7,0,2,4.9,0.412,0.359,0.4,0.6,0.75,1.1,2.4,3.6,3,1.3,0.4,1.3,1.7,4.4,,169,8.9,0.38,0.128,0.103,5.2,11.9,8.4,18.6,2.7,1.6,18.1,13.2,-0.2,0.2,0,0.004,-4.7,1,-3.7,-0.1,2015
450,Sonny Weems,29,2TM,SF,43,0,11.6,1,2.6,0.382,0.3,1,0.366,0.6,1.6,0.391,0.45,0.2,0.3,0.533,0.2,1.1,1.2,1.1,0.2,0,1,1.1,2.5,,499,3.7,0.459,0.373,0.136,1.5,10.3,5.8,14.2,1,0.2,26,13.5,-0.7,0.1,-0.5,-0.053,-5.6,-1.7,-7.3,-0.7,2015
451,David West,35,SAS,PF,78,19,18,3.1,5.7,0.545,0,0.1,0.429,3.1,5.7,0.546,0.548,0.8,1,0.788,0.9,3,4,1.8,0.6,0.7,0.9,1.8,7.1,,1404,17.6,0.573,0.016,0.179,6,18.6,12.5,15.4,1.6,3,12.3,18,2.4,2.9,5.4,0.184,0.3,2.6,2.9,1.7,2015
452,Russell Westbrook,27,OKC,PG,80,80,34.4,8.2,18.1,0.454,1.3,4.3,0.296,6.9,13.8,0.503,0.489,5.8,7.2,0.812,1.8,6,7.8,10.4,2,0.3,4.3,2.5,23.5,"MVP-4,AS,NBA1",2750,27.6,0.554,0.236,0.397,6.1,18.1,12.4,49.6,2.9,0.6,16.8,31.6,10,4,14,0.245,6.4,1.4,7.8,6.8,2015
453,Hassan Whiteside,26,MIA,C,73,43,29.1,5.7,9.3,0.606,0,0,,5.7,9.3,0.606,0.606,2.9,4.5,0.65,3.3,8.6,11.8,0.4,0.6,3.7,1.9,2.8,14.2,"DPOY-3,DEF2",2125,25.6,0.629,0,0.482,13.1,32.4,23.1,2.4,1.1,9.7,14.2,20.7,5,5.3,10.3,0.233,1.7,2.4,4.1,3.3,2015
454,Shayne Whittington,24,IND,PF,7,0,5.9,0.7,1.6,0.455,0,0.3,0,0.7,1.3,0.556,0.455,0.1,0.3,0.5,0.7,1,1.7,0.4,0.1,0.1,0.7,1,1.6,,41,7.4,0.463,0.182,0.182,13.4,18.6,16,10.9,1.2,2,29.6,18.1,-0.1,0.1,0,-0.009,-7.5,0,-7.5,-0.1,2015
455,Andrew Wiggins,20,MIN,SF,81,81,35.1,7.3,16,0.459,0.7,2.3,0.3,6.6,13.6,0.486,0.481,5.3,7,0.761,1.3,2.3,3.6,2,1,0.6,2.2,2,20.7,,2845,16.5,0.543,0.147,0.437,4.3,7.5,5.9,10.1,1.4,1.3,10.6,27.2,3.4,0.7,4.1,0.069,0.9,-2.2,-1.3,0.5,2015
456,C.J. Wilcox,25,LAC,SG,23,0,7.3,1.1,2.9,0.394,0.4,1,0.391,0.7,1.9,0.395,0.462,0.4,0.5,0.75,0,0.5,0.5,0.4,0.4,0.1,0.1,0.7,3,,167,12.9,0.491,0.348,0.182,0.7,7.1,3.9,9.4,3,0.9,2.7,19.8,0.1,0.2,0.3,0.089,-2.6,1.1,-1.5,0,2015
457,Alan Williams,23,PHO,PF,10,0,6.8,1,2.4,0.417,0,0,,1,2.4,0.417,0.417,0.9,1.4,0.643,1.4,2.4,3.8,0.5,0.4,0.5,0.6,1.5,2.9,,68,21.1,0.481,0,0.583,21.9,39.2,30.3,11.7,2.9,6,16.6,22.6,0.1,0.2,0.2,0.146,-2,1.8,-0.2,0,2015
458,Deron Williams,31,DAL,PG,65,63,32.4,4.9,11.9,0.414,1.5,4.3,0.344,3.4,7.6,0.454,0.477,2.8,3.2,0.869,0.3,2.6,2.9,5.8,0.9,0.2,2.3,2.4,14.1,,2106,14.6,0.53,0.364,0.266,1,8.9,5,29.3,1.5,0.6,14.8,22,2.2,1.4,3.7,0.083,0.4,-0.7,-0.3,0.9,2015
459,Derrick Williams,24,NYK,SF,80,9,17.9,3.2,7.1,0.45,0.6,1.9,0.293,2.6,5.2,0.506,0.488,2.4,3.2,0.758,0.6,3.1,3.7,0.9,0.4,0.1,0.8,0.9,9.3,,1435,17.2,0.55,0.265,0.453,3.6,18.7,11.3,8.9,1,0.5,8.3,23.3,2.4,1.2,3.6,0.12,1.5,-1.2,0.3,0.8,2015
460,Elliot Williams,26,MEM,PG,5,0,9,0.4,2,0.2,0.2,0.8,0.25,0.2,1.2,0.167,0.25,0.6,0.8,0.75,0.2,0.6,0.8,0.8,0,0,0.2,0.4,1.6,,45,3.3,0.34,0.4,0.4,2.4,7.9,5.1,12.4,0,0,7.8,12.7,0,0,0,-0.046,-5.3,-2.6,-7.9,-0.1,2015
461,Lou Williams,29,LAL,SG,67,35,28.5,4.2,10.3,0.408,1.6,4.8,0.344,2.6,5.6,0.464,0.488,5.3,6.3,0.83,0.5,2.1,2.5,2.5,0.9,0.3,1.6,1.6,15.3,,1907,17.7,0.584,0.462,0.612,1.7,8.1,4.8,15.1,1.6,0.8,10.8,22.8,4.5,0.3,4.7,0.119,2.4,-1.1,1.3,1.6,2015
462,Marvin Williams,29,CHO,PF,81,81,28.9,4.2,9.2,0.452,1.9,4.7,0.402,2.3,4.6,0.504,0.554,1.5,1.8,0.833,1.6,4.9,6.4,1.4,0.7,1,0.8,1.6,11.7,,2338,16.9,0.585,0.506,0.193,5.9,18.6,12.2,7.6,1.2,2.7,7.1,16.8,4.7,3.2,7.8,0.161,2.1,0.5,2.7,2.7,2015
463,Mo Williams,33,CLE,PG,41,14,18.2,3.2,7.4,0.437,0.9,2.5,0.353,2.3,4.9,0.48,0.497,0.9,1,0.905,0.1,1.6,1.8,2.4,0.3,0.1,1.4,1.5,8.2,,748,12.4,0.527,0.338,0.139,0.9,9.9,5.4,21.1,1,0.5,15.1,22.8,0.4,0.7,1.1,0.067,-0.9,-0.6,-1.5,0.1,2015
464,Justise Winslow,19,MIA,SF,78,8,28.6,2.5,5.9,0.422,0.4,1.5,0.276,2.1,4.4,0.471,0.457,1,1.5,0.684,1,4.1,5.2,1.5,0.9,0.3,1.2,2.4,6.4,ROY-6,2232,8.4,0.489,0.251,0.253,4.2,15.8,10.2,7.4,1.6,0.9,15.6,12.5,-0.2,2.7,2.5,0.054,-3.3,0.7,-2.6,-0.3,2015
465,Jeff Withey,25,UTA,C,51,10,12.9,1.7,3.2,0.537,0,0,0,1.7,3.1,0.544,0.537,0.8,1.2,0.729,1.1,2.3,3.4,0.4,0.4,1,0.5,1.5,4.3,,658,17.7,0.577,0.012,0.364,10,20.7,15.4,5,1.7,6.8,13,15.1,1.1,1.3,2.3,0.171,-1,2,1,0.5,2015
466,Christian Wood,20,PHI,PF,17,0,8.5,1.3,3.1,0.415,0.2,0.6,0.364,1.1,2.5,0.429,0.453,0.8,1.2,0.619,0.8,1.5,2.2,0.2,0.3,0.4,0.1,0.6,3.6,,145,16.4,0.49,0.208,0.396,9.4,19.4,14.3,3.5,1.7,3.7,3.1,19.4,0.2,0.1,0.3,0.097,0.4,-0.6,-0.2,0.1,2015
467,Metta World Peace,36,LAL,SF,35,5,16.9,1.6,5.1,0.311,0.7,2.4,0.31,0.8,2.7,0.312,0.384,1.1,1.6,0.702,0.5,2,2.5,0.8,0.6,0.3,0.4,1.9,5,,590,8.3,0.435,0.475,0.322,3.4,13.2,8.1,7.2,1.9,1.5,6.9,16.2,-0.2,0.3,0.1,0.008,-3.2,-0.3,-3.5,-0.2,2015
468,Brandan Wright,28,MEM,PF,12,2,17.7,2.9,4.3,0.673,0,0,,2.9,4.3,0.673,0.673,1.1,2,0.542,1.2,2.4,3.6,0.5,0.4,1.3,0.8,1.8,6.9,,212,18.3,0.663,0,0.462,7.2,16.3,11.6,4.7,1.2,6.6,13.8,15.4,0.4,0.2,0.7,0.147,0,0.7,0.7,0.1,2015
469,Delon Wright,23,TOR,PG,27,1,8.5,1.3,3,0.45,0.2,0.5,0.385,1.1,2.5,0.463,0.481,1,1.3,0.743,0.3,1.1,1.4,1.1,0.3,0.1,0.6,0.3,3.8,,229,17.8,0.54,0.163,0.438,4.1,14.3,9.3,22.5,1.8,1.1,14.4,22.1,0.3,0.2,0.6,0.124,1.1,-0.3,0.9,0.2,2015
470,Tony Wroten,22,PHI,PG,8,3,18,2.8,8.1,0.338,0.4,2.1,0.176,2.4,6,0.396,0.362,2.5,4.6,0.541,0.3,2.4,2.6,2.5,0.4,0,3.6,1.4,8.4,,144,1.8,0.412,0.262,0.569,1.5,14.9,7.9,23.3,1,0,26.3,33.5,-0.8,0,-0.8,-0.263,-8.4,-5,-13.4,-0.4,2015
471,James Young,20,BOS,SG,29,0,6.9,0.4,1.2,0.306,0.2,0.9,0.231,0.2,0.3,0.5,0.389,0,0.1,0.25,0.1,0.8,0.9,0.3,0.2,0,0.2,0.6,1,,199,3.6,0.384,0.722,0.111,2.1,11.9,6.9,6,1.5,0.4,11.7,9.1,-0.2,0.2,0.1,0.013,-5.3,0.8,-4.5,-0.1,2015
472,Joe Young,23,IND,PG,41,0,9.4,1.5,4.1,0.367,0.2,1.1,0.217,1.3,3,0.423,0.396,0.5,0.6,0.8,0.1,1.1,1.2,1.6,0.4,0,0.8,0.7,3.8,,384,9.9,0.428,0.272,0.148,1.7,12.5,7.1,26.9,1.9,0,15.5,24.4,-0.5,0.5,-0.1,-0.009,-3.9,-0.8,-4.7,-0.3,2015
473,Nick Young,30,LAL,SG,54,2,19.1,2.3,6.9,0.339,1.4,4.4,0.325,0.9,2.5,0.363,0.442,1.2,1.4,0.829,0.3,1.5,1.8,0.6,0.4,0.1,0.6,0.9,7.3,,1033,9.1,0.483,0.637,0.204,1.4,9,5.1,5.4,1.1,0.5,6.9,18.5,0.1,0,0.1,0.003,-1.6,-2.1,-3.7,-0.5,2015
474,Thaddeus Young,27,BRK,PF,73,73,33,6.8,13.2,0.514,0.1,0.4,0.233,6.7,12.8,0.523,0.518,1.4,2.2,0.644,2.4,6.6,9,1.9,1.5,0.5,1.9,2.5,15.1,,2407,17.5,0.533,0.031,0.169,8.1,23,15.4,9.6,2.3,1.2,11.6,21.6,1.9,2.2,4.1,0.081,0.1,-0.1,0,1.2,2015
475,Cody Zeller,23,CHO,C,73,60,24.3,3.2,6,0.529,0,0.1,0.1,3.2,5.8,0.539,0.53,2.4,3.2,0.754,1.9,4.3,6.2,1,0.8,0.9,0.9,2.8,8.7,,1774,16.1,0.592,0.023,0.531,8.4,19.7,14,6.3,1.6,2.9,11.2,15.4,3.6,2.7,6.3,0.169,-1.1,1,-0.1,0.9,2015
476,Tyler Zeller,26,BOS,C,60,3,11.8,2.3,4.8,0.476,0,0,,2.3,4.8,0.476,0.476,1.5,1.8,0.815,1,1.9,3,0.5,0.2,0.4,0.8,1.6,6.1,,710,15.4,0.539,0,0.372,9.1,17.6,13.3,6.6,0.7,2.4,12,23,0.8,0.9,1.7,0.114,-2.1,-1.2,-3.3,-0.2,2015
