Rk,Player,Age,Team,Pos,G,GS,MPAVG,FG,FGA,FG%,3P,3PA,3P%,2P,2PA,2P%,eFG%,FT,FTA,FT%,ORB,DRB,TRB,AST,STL,BLK,TOV,PF,PTS,Awards,MPTotal,PER,TS%,3PAr,FTr,ORB%,DRB%,TRB%,AST%,STL%,BLK%,TOV%,USG%,OWS,DWS,WS,WS/48,OBPM,DBPM,BPM,VORP,SEASON
1,Steven Adams,26,OKC,C,63,63,26.7,4.5,7.6,0.592,0,0,0.333,4.5,7.5,0.594,0.593,1.9,3.2,0.582,3.3,6,9.3,2.3,0.8,1.1,1.5,1.9,10.9,,1680,20.5,0.604,0.006,0.421,14,24,19.2,13.2,1.5,3.4,14.2,17.3,3.8,2.7,6.5,0.185,1.9,1.1,2.9,2.1,2019
2,Bam Adebayo,22,MIA,PF,72,72,33.6,6.1,11,0.557,0,0.2,0.143,6.1,10.8,0.564,0.558,3.7,5.3,0.691,2.4,7.8,10.2,5.1,1.1,1.3,2.8,2.5,15.9,"DPOY-5,AS,DEF2",2417,20.3,0.598,0.018,0.484,8.5,24.9,17,24.2,1.7,3.8,17.6,21.2,4.6,3.9,8.5,0.168,1.4,2,3.4,3.3,2019
3,LaMarcus Aldridge,34,SAS,C,53,53,33.1,7.4,15,0.493,1.2,3,0.389,6.2,12,0.519,0.532,3,3.6,0.827,1.9,5.5,7.4,2.4,0.7,1.6,1.4,2.4,18.9,,1754,19.7,0.571,0.198,0.241,6.3,17.8,12,11.4,1,4.4,7.8,23.4,3,1.4,4.5,0.122,1.8,-0.5,1.4,1.5,2019
4,Kyle Alexander,23,MIA,C,2,0,6.5,0.5,1,0.5,0,0,,0.5,1,0.5,0.5,0,0,,1,0.5,1.5,0,0,0,0.5,0.5,1,,13,4.7,0.5,0,0,17.9,8.3,12.9,0,0,0,33.3,10.2,0,0,0,-0.003,-6.4,-3.7,-10.1,0,2019
5,Nickeil Alexander-Walker,21,NOP,SG,47,1,12.6,2.1,5.7,0.368,1,2.8,0.346,1.1,2.8,0.391,0.455,0.5,0.8,0.676,0.2,1.6,1.8,1.9,0.4,0.2,1.1,1.2,5.7,,591,8.9,0.473,0.5,0.139,1.6,13.5,7.5,21.1,1.3,1.1,16.1,23.3,-0.7,0.4,-0.2,-0.02,-3.2,-1.4,-4.6,-0.4,2019
6,Grayson Allen,24,MEM,SG,38,0,18.9,3.1,6.6,0.466,1.5,3.7,0.404,1.6,2.9,0.545,0.58,1,1.2,0.867,0.2,2,2.2,1.4,0.3,0.1,0.9,1.4,8.7,,718,12,0.609,0.562,0.179,1.2,11.1,6.2,10,0.7,0.2,10.9,17.6,0.8,0.4,1.2,0.082,-0.1,-1.2,-1.3,0.1,2019
7,Jarrett Allen,21,BRK,C,70,64,26.5,4.3,6.6,0.649,0,0.1,0,4.3,6.6,0.658,0.649,2.4,3.9,0.633,3.1,6.5,9.6,1.6,0.6,1.3,1.1,2.3,11.1,DPOY-12,1852,20.7,0.664,0.013,0.581,12.3,24.9,18.7,8.9,1,4.2,11.7,14.9,5.2,2.9,8.2,0.212,1.4,1,2.3,2,2019
8,Kadeem Allen,27,NYK,PG,10,0,11.7,1.9,4.4,0.432,0.5,1.6,0.313,1.4,2.8,0.5,0.489,0.7,1.1,0.636,0.2,0.7,0.9,2.1,0.5,0.2,0.8,0.7,5,,117,14,0.512,0.364,0.25,1.8,6.6,4.1,27,2.1,1.6,14.1,20.6,0.1,0.1,0.1,0.053,-0.3,-0.7,-0.9,0,2019
9,Al-Farouq Aminu,29,ORL,PF,18,2,21.1,1.4,4.8,0.291,0.5,2,0.25,0.9,2.8,0.32,0.343,1.1,1.6,0.655,1.3,3.5,4.8,1.2,1,0.4,0.9,1.5,4.3,,380,7.6,0.395,0.419,0.337,6.6,18.4,12.3,7.4,2.3,1.9,14.7,13.2,-0.4,0.5,0.1,0.014,-4.4,1.4,-3,-0.1,2019
10,Justin Anderson,26,BRK,SG,10,1,10.7,1,3.8,0.263,0.6,2.9,0.207,0.4,0.9,0.444,0.342,0.2,0.4,0.5,0.1,2,2.1,0.8,0,0.6,0.4,1.3,2.8,,107,3.2,0.352,0.763,0.105,1,18.9,10.2,10.1,0,4.7,9.1,17.1,-0.2,0.1,-0.1,-0.054,-6.8,-1,-7.7,-0.2,2019
11,Kyle Anderson,26,MEM,SF,67,28,19.9,2.3,4.9,0.474,0.4,1.3,0.282,2,3.7,0.541,0.511,0.8,1.2,0.667,0.9,3.4,4.3,2.4,0.8,0.6,1,1.7,5.8,,1330,12.5,0.534,0.257,0.236,4.7,17.6,11.3,15.9,1.9,2.4,15.3,13.5,0.9,1.7,2.5,0.091,-1.5,2,0.5,0.9,2019
12,Ryan Anderson,31,HOU,C,2,0,7,1,3.5,0.286,0.5,2.5,0.2,0.5,1,0.5,0.357,0,0,,0,3.5,3.5,1,0.5,0,0.5,0.5,2.5,,14,9.4,0.357,0.714,0,0,52.9,26.2,20.4,3.3,0,12.5,23.7,0,0,0,-0.037,-3.3,0.5,-2.8,0,2019
13,Giannis Antetokounmpo,25,MIL,PF,63,63,30.4,10.9,19.7,0.553,1.4,4.7,0.304,9.5,15,0.631,0.589,6.3,10,0.633,2.2,11.4,13.6,5.6,1,1,3.7,3.1,29.5,"MVP-1,DPOY-1,AS,NBA1,DEF1",1917,31.9,0.613,0.237,0.508,7.7,34.8,22.1,34.2,1.5,3,13.2,37.5,6.1,5,11.1,0.279,7.4,4.1,11.5,6.6,2019
14,Kostas Antetokounmpo,22,LAL,PF,5,0,4,0.6,0.6,1,0,0,,0.6,0.6,1,1,0.2,0.4,0.5,0.4,0.2,0.6,0.4,0,0,0.2,0.4,1.4,,20,16.3,0.902,0,0.667,11.1,5.4,8.2,13.7,0,0,20.5,10.3,0.1,0,0.1,0.193,0.2,-0.9,-0.7,0,2019
15,Thanasis Antetokounmpo,27,MIL,SF,20,2,6.5,1.2,2.4,0.5,0,0.5,0,1.2,1.9,0.632,0.5,0.4,0.9,0.412,0.6,0.6,1.2,0.8,0.4,0.1,0.6,0.9,2.8,,129,12.2,0.496,0.208,0.354,9.8,8.7,9.2,16.3,2.5,1.4,17.8,21.6,-0.1,0.2,0.2,0.07,-4.6,1.4,-3.2,0,2019
16,Carmelo Anthony,35,POR,PF,58,58,32.8,5.8,13.5,0.43,1.5,3.9,0.385,4.3,9.6,0.448,0.485,2.3,2.8,0.845,1.2,5.1,6.3,1.5,0.8,0.5,1.7,2.9,15.4,,1902,12.4,0.525,0.289,0.206,3.9,16.1,10.1,6.4,1.2,1.2,10.5,21.2,0.4,0.9,1.3,0.033,-1.8,-1.8,-3.6,-0.8,2019
17,OG Anunoby,22,TOR,SF,69,68,29.9,4.1,8.2,0.505,1.3,3.3,0.39,2.9,4.9,0.583,0.584,1,1.5,0.706,1.2,4.1,5.3,1.6,1.4,0.7,1.1,2.4,10.6,,2066,13.2,0.6,0.403,0.18,4.2,14.2,9.3,7.5,2.2,2.1,11.5,14.3,2.1,3.7,5.7,0.134,-0.8,2,1.2,1.7,2019
18,Ryan Arcidiacono,25,CHI,PG,58,4,16,1.6,3.8,0.409,0.9,2.4,0.391,0.6,1.4,0.439,0.532,0.5,0.7,0.711,0.3,1.6,1.9,1.7,0.5,0.1,0.6,1.7,4.5,,930,9,0.551,0.627,0.173,2.3,11.2,6.5,14.3,1.4,0.3,13.5,12.5,0.7,0.7,1.4,0.071,-2.7,-0.1,-2.8,-0.2,2019
19,Trevor Ariza,34,2TM,SF,53,21,28.2,2.7,6.1,0.438,1.5,3.9,0.372,1.2,2.2,0.556,0.557,1.2,1.4,0.838,0.6,4,4.6,1.7,1.3,0.3,1.1,2.1,8,,1493,11,0.593,0.639,0.228,2.5,15.7,9,8,2.2,0.9,13.6,11.8,1.3,1.2,2.5,0.081,-1.4,0.9,-0.5,0.6,2019
20,D.J. Augustin,32,ORL,PG,57,13,24.9,3.2,8.1,0.399,1.2,3.5,0.348,2,4.6,0.438,0.475,2.8,3.2,0.89,0.4,1.8,2.1,4.6,0.6,0,1.5,1.3,10.5,,1420,14,0.554,0.436,0.393,1.6,7.8,4.6,26.8,1.2,0.1,13.7,19.1,2,0.9,2.9,0.098,-0.3,-1.3,-1.6,0.2,2019
21,Deandre Ayton,21,PHO,C,38,32,32.5,8.2,14.9,0.546,0.1,0.3,0.231,8.1,14.6,0.553,0.548,1.8,2.3,0.753,3.9,7.6,11.5,1.9,0.7,1.5,2.1,3.1,18.2,,1236,20,0.568,0.023,0.157,13,26.3,19.6,9.7,1,4.1,11.6,23.7,1.5,1.6,3.1,0.121,0.8,-0.4,0.4,0.7,2019
22,Dwayne Bacon,24,CHO,SG,39,11,17.6,2.2,6.3,0.348,0.5,1.7,0.284,1.7,4.5,0.373,0.387,0.9,1.4,0.66,0.4,2.2,2.6,1.3,0.6,0.1,0.9,1.3,5.7,,687,6.1,0.419,0.275,0.217,2.3,14,7.9,11.7,1.7,0.3,12.2,19.5,-1.2,0.4,-0.8,-0.053,-5.9,-0.9,-6.8,-0.8,2019
23,Marvin Bagley III,20,SAC,C,13,6,25.7,6,12.8,0.467,0.3,1.7,0.182,5.7,11.2,0.51,0.479,1.9,2.4,0.806,2.2,5.2,7.5,0.8,0.5,0.9,1.4,3.3,14.2,,334,15.6,0.512,0.132,0.186,9.5,23.5,16.3,4.9,0.9,3.4,9.1,25.8,0,0.3,0.4,0.051,-2.2,-1.4,-3.5,-0.1,2019
24,Lonzo Ball,22,NOP,PG,63,54,32.1,4.4,10.9,0.403,2.3,6.3,0.375,2,4.6,0.442,0.511,0.7,1.2,0.566,1.1,5,6.1,7,1.4,0.6,3.1,2,11.8,,2025,13.1,0.517,0.575,0.111,3.7,16.4,10,29.1,2,1.6,21.1,18.5,0.4,2,2.4,0.058,0.1,0.6,0.6,1.3,2019
25,Mo Bamba,21,ORL,C,62,0,14.2,2.1,4.6,0.462,0.6,1.7,0.346,1.5,2.9,0.531,0.526,0.5,0.7,0.674,1.6,3.3,4.9,0.7,0.4,1.4,0.7,1.9,5.4,,878,17.5,0.542,0.374,0.161,11.9,25.6,18.5,7.2,1.3,8.8,12.1,17.1,0.8,1.7,2.5,0.135,-1.2,1.6,0.4,0.5,2019
26,J.J. Barea,35,DAL,PG,29,6,15.5,2.9,7.1,0.411,1.1,2.9,0.376,1.8,4.2,0.434,0.488,0.7,0.8,0.909,0.3,1.5,1.8,3.9,0.2,0.1,1.3,0.9,7.7,,450,14.6,0.512,0.411,0.106,2.4,9.9,6.2,37.1,0.5,0.4,14.9,24.2,0.5,0.2,0.7,0.072,1.6,-3,-1.4,0.1,2019
27,Harrison Barnes,27,SAC,PF,72,72,34.5,5.1,11,0.46,1.4,3.7,0.381,3.7,7.3,0.501,0.525,3,3.7,0.801,1.1,3.9,4.9,2.2,0.6,0.2,1.2,1.3,14.5,,2482,13.3,0.574,0.338,0.337,3.4,12.9,8.1,9.2,0.8,0.5,8.8,17.4,3.4,1.1,4.6,0.088,0,-1.3,-1.3,0.5,2019
28,RJ Barrett,19,NYK,SG,56,55,30.4,5.2,13,0.402,1.1,3.5,0.32,4.1,9.5,0.432,0.445,2.8,4.5,0.614,0.9,4.1,5,2.6,1,0.3,2.2,2.2,14.3,ROY-8,1704,10.7,0.479,0.271,0.349,3,14.8,8.7,12.8,1.6,0.9,12.9,24,-1.6,1.1,-0.5,-0.015,-2.9,-1.5,-4.3,-1,2019
29,Will Barton,29,DEN,SF,58,58,33,5.7,12.7,0.45,1.9,5,0.375,3.9,7.8,0.498,0.523,1.8,2.3,0.767,1.3,5,6.3,3.7,1.1,0.5,1.5,2.1,15.1,,1916,15.6,0.549,0.39,0.18,4.5,16.9,10.7,16,1.6,1.4,9.9,20.1,2.4,1.8,4.2,0.106,1.2,-0.2,1.1,1.5,2019
30,Keita Bates-Diop,24,2TM,SF,44,0,16.9,2.3,5.3,0.427,0.8,2.3,0.33,1.5,3,0.504,0.5,1.2,1.7,0.72,0.6,2.3,2.9,0.7,0.4,0.5,0.4,1,6.5,,744,12.4,0.539,0.44,0.321,3.5,15.1,9.1,5.8,1.2,2.7,6,15.8,0.6,0.6,1.2,0.078,-1,-0.4,-1.4,0.1,2019
31,Nicolas Batum,31,CHO,SF,22,3,23,1.3,3.7,0.346,0.6,2.2,0.286,0.6,1.5,0.438,0.432,0.4,0.5,0.9,1.1,3.4,4.5,3,0.8,0.4,1,1.9,3.6,,505,9.2,0.463,0.605,0.123,5.2,16.8,10.8,18.3,1.7,1.5,20.5,9.4,0.2,0.4,0.6,0.055,-2.8,0.9,-1.9,0,2019
32,Aron Baynes,33,PHO,C,42,28,22.2,4.4,9.1,0.48,1.4,4,0.351,3,5.1,0.582,0.558,1.3,1.8,0.747,1.7,4,5.6,1.6,0.2,0.5,1.2,3.4,11.5,,934,15.2,0.581,0.441,0.197,8.3,20,14.1,10.9,0.5,2.1,10.8,21.1,1.3,0.8,2.1,0.107,-0.2,-0.8,-1,0.2,2019
33,Kent Bazemore,30,2TM,SF,68,21,24.8,2.9,7.9,0.375,1.2,3.6,0.344,1.7,4.3,0.4,0.453,1.7,2.2,0.769,0.4,3.9,4.3,1.4,1.1,0.6,1.3,2.9,8.8,,1688,9.3,0.499,0.457,0.275,1.7,17.1,9.4,7.4,2.1,2.1,13.2,17.5,-0.9,1.5,0.6,0.017,-3.4,0.3,-3,-0.5,2019
34,Darius Bazley,19,OKC,PF,61,9,18.5,2,5.2,0.394,0.8,2.3,0.348,1.2,2.9,0.432,0.472,0.7,1,0.694,0.5,3.5,4,0.7,0.4,0.7,0.7,0.9,5.6,,1130,9.6,0.497,0.445,0.196,3,20.5,12,5.1,1,3.1,11.6,15.1,-0.5,1.5,1,0.041,-2.1,0.5,-1.6,0.1,2019
35,Bradley Beal,26,WAS,SG,57,57,36,10.4,22.9,0.455,3,8.4,0.353,7.4,14.4,0.515,0.52,6.8,8,0.842,0.9,3.3,4.2,6.1,1.2,0.4,3.4,2.2,30.5,,2053,23.2,0.579,0.369,0.351,2.7,10.5,6.4,29.5,1.6,1,11.4,34.4,4.5,0.6,5.1,0.118,5.3,-2.4,2.9,2.5,2019
36,Malik Beasley,23,2TM,SG,55,14,22,4.1,9.7,0.425,1.9,5,0.388,2.2,4.7,0.465,0.525,1,1.2,0.818,0.3,2.4,2.7,1.4,0.7,0.1,1,1.4,11.2,,1209,12.7,0.546,0.517,0.124,1.6,11.9,6.7,9.4,1.6,0.6,9.2,21.8,0.4,0.8,1.2,0.049,-0.7,-1.4,-2.1,0,2019
37,Marco Belinelli,33,SAS,SG,57,0,15.5,2.2,5.5,0.392,1.2,3.1,0.376,1,2.4,0.412,0.498,0.8,1,0.828,0.1,1.6,1.7,1.2,0.2,0,0.3,0.8,6.3,,883,10.8,0.532,0.567,0.185,0.9,11.2,6,10.7,0.6,0.1,5.3,17.5,0.7,0.2,0.8,0.046,-0.7,-2,-2.7,-0.2,2019
38,Jordan Bell,25,2TM,C,29,0,8.8,1.2,2.3,0.522,0.1,0.4,0.333,1.1,1.9,0.564,0.552,0.7,1.1,0.613,1,1.8,2.8,0.6,0.1,0.3,0.7,0.7,3.2,,256,13.9,0.577,0.179,0.463,12,21.8,16.7,8.9,0.5,3.2,20.7,16.4,0.2,0.2,0.4,0.07,-1.4,-1.1,-2.5,0,2019
39,DeAndre' Bembry,25,ATL,SG,43,4,21.3,2.4,5.3,0.456,0.3,1.5,0.231,2.1,3.8,0.546,0.489,0.6,1.1,0.542,0.8,2.7,3.5,1.9,1.3,0.4,1.4,2,5.8,,915,9.6,0.5,0.285,0.211,3.9,14.1,8.9,12.3,2.8,1.7,19.4,14,-0.5,0.8,0.2,0.012,-3.5,1.1,-2.5,-0.1,2019
40,Dragan Bender,22,2TM,C,16,3,17.9,2.6,5.8,0.446,0.9,2.7,0.349,1.6,3.1,0.531,0.527,0.6,0.9,0.714,1,3.6,4.6,1.8,0.3,0.6,1.3,2.6,6.7,,286,10.9,0.545,0.467,0.152,5.9,21.1,13.5,14.4,0.7,2.8,17.6,17.7,0,0.3,0.3,0.052,-3.1,0.2,-2.9,-0.1,2019
41,Dāvis Bertāns,27,WAS,PF,54,4,29.3,4.9,11.3,0.434,3.7,8.7,0.424,1.2,2.6,0.471,0.598,1.9,2.3,0.852,0.6,3.9,4.5,1.7,0.7,0.6,1.1,2.6,15.4,6MOY-8,1583,15.5,0.628,0.774,0.2,2.3,15.1,8.5,8.4,1.1,1.8,8.2,19,3,0.5,3.5,0.107,2.7,-1.8,0.9,1.1,2019
42,Patrick Beverley,31,LAC,PG,51,50,26.3,2.9,6.7,0.431,1.6,4,0.388,1.3,2.6,0.496,0.548,0.6,0.9,0.66,1.1,4.1,5.2,3.6,1.1,0.5,1.3,3.1,7.9,"DPOY-6,DEF2",1342,12.5,0.56,0.604,0.138,4.5,15.8,10.3,18.2,1.9,1.6,15.4,13.3,1.6,2,3.6,0.128,-0.3,2.5,2.2,1.4,2019
43,Khem Birch,27,ORL,C,48,24,19.2,1.5,3,0.51,0,0,0,1.5,3,0.514,0.51,1.4,2.1,0.653,1.9,2.7,4.6,1,0.4,0.5,0.6,1.9,4.4,,922,11.7,0.566,0.007,0.706,10.3,15.6,12.9,7.3,1.1,2.3,14.2,10.2,1.2,0.9,2.2,0.112,-2.5,0.2,-2.4,-0.1,2019
44,Goga Bitadze,20,IND,C,54,2,8.7,1.3,2.8,0.467,0.1,0.8,0.19,1.1,2,0.574,0.493,0.4,0.6,0.727,0.5,1.5,2,0.4,0.2,0.7,0.5,1.2,3.2,,471,12.1,0.523,0.28,0.22,5.9,18.7,12.3,6.7,1,6.9,14.5,17.9,-0.1,0.8,0.7,0.067,-4.1,1.8,-2.3,0,2019
45,Bismack Biyombo,27,CHO,C,53,29,19.4,2.8,5.2,0.543,0,0,,2.8,5.2,0.543,0.543,1.7,2.8,0.603,2.3,3.5,5.8,0.9,0.2,0.9,0.9,2.2,7.4,,1029,16.1,0.57,0,0.543,12.3,20.7,16.3,7.8,0.5,4.4,12.2,16.8,1.5,0.9,2.4,0.113,-1.8,-0.7,-2.5,-0.1,2019
46,Nemanja Bjelica,31,SAC,PF,72,67,27.9,4.4,9.1,0.481,1.9,4.4,0.419,2.5,4.6,0.541,0.583,1,1.2,0.821,1.5,4.8,6.4,2.8,0.9,0.6,1.4,3,11.5,,2011,15.7,0.602,0.49,0.129,6.1,19.9,12.8,14.7,1.5,1.9,12.5,17,3.4,1.9,5.3,0.127,1.2,0.5,1.8,1.9,2019
47,Eric Bledsoe,30,MIL,PG,61,61,27,5.5,11.5,0.475,1.2,3.5,0.344,4.3,8,0.533,0.528,2.8,3.5,0.79,0.7,3.9,4.6,5.4,0.9,0.4,2.4,2.1,14.9,DEF2,1646,17.6,0.571,0.306,0.304,2.8,13.5,8.5,28.7,1.6,1.4,15.7,23.7,2.4,3,5.4,0.157,0.8,1,1.8,1.6,2019
48,Bogdan Bogdanović,27,SAC,SG,61,28,29,5.5,12.6,0.44,2.7,7.2,0.372,2.8,5.3,0.532,0.547,1.4,1.9,0.741,0.4,3,3.4,3.4,1,0.2,1.7,2.2,15.1,,1766,15.2,0.565,0.576,0.151,1.6,11.8,6.6,18,1.8,0.8,11.1,22.6,1.8,1.3,3.1,0.084,1.2,-0.5,0.6,1.2,2019
49,Bojan Bogdanović,30,UTA,SF,63,63,33.1,6.6,14.8,0.447,3,7.3,0.414,3.6,7.6,0.479,0.548,4,4.4,0.903,0.6,3.5,4.1,2.1,0.5,0.1,2.5,1.7,20.2,,2083,15.6,0.603,0.489,0.296,2.1,11.2,6.8,10,0.8,0.3,13.1,25.5,2.6,1.6,4.2,0.096,1.6,-1.5,0.1,1.1,2019
50,Bol Bol,20,DEN,PF,7,0,12.4,2,4,0.5,0.6,1.3,0.444,1.4,2.7,0.526,0.571,1.1,1.4,0.8,0.7,2,2.7,0.9,0.3,0.9,1.4,1.6,5.7,,87,14.4,0.617,0.321,0.357,6.4,18,12.2,9.8,1.1,6.4,23.6,21.2,0,0.1,0.1,0.063,-2.3,-0.7,-3,0,2019
51,Jonah Bolden,24,2TM,C,7,0,6.7,0.6,1.6,0.364,0,0.6,0,0.6,1,0.571,0.364,0.3,0.6,0.5,0.4,0.9,1.3,0,0.4,0.3,0.3,1.4,1.4,,47,4.9,0.392,0.364,0.364,7,14.3,10.6,0,3,3.7,13.6,13.4,-0.1,0.1,0,-0.006,-8.8,-0.4,-9.2,-0.1,2019
52,Marques Bolden,21,CLE,C,1,0,3,0,0,,0,0,,0,0,,,0,0,,0,2,2,0,1,0,0,1,0,,3,19.8,,,,0,74.7,37,0,16.2,0,,0,0,0,0,0.282,-5.8,11.3,5.4,0,2019
53,Jordan Bone,22,DET,PG,10,0,5.3,0.5,2,0.25,0.2,1,0.2,0.3,1,0.3,0.3,0,0,,0,0.4,0.4,0.8,0.1,0,0.2,0.6,1.2,,53,0.8,0.3,0.5,0,0,8.7,4.3,21,0.9,0,9.1,18.1,-0.1,0,-0.1,-0.117,-9.1,-2.8,-11.9,-0.1,2019
54,Isaac Bonga,20,WAS,SF,66,49,18.9,1.8,3.5,0.504,0.4,1.1,0.352,1.4,2.5,0.571,0.558,1,1.3,0.812,1.1,2.3,3.4,1.2,0.7,0.3,0.9,2.4,5,,1250,10.2,0.608,0.303,0.363,6,13.8,9.7,7.9,1.7,1.5,17.6,11,1.2,0.6,1.8,0.068,-2.7,-0.1,-2.8,-0.3,2019
55,Devin Booker,23,PHO,SG,70,70,35.9,9,18.3,0.489,2,5.7,0.354,6.9,12.6,0.549,0.544,6.7,7.3,0.919,0.4,3.8,4.2,6.5,0.7,0.3,3.8,3,26.6,AS,2512,20.6,0.618,0.31,0.397,1.3,12,6.6,30,0.9,0.6,14.9,30,6,1.5,7.5,0.143,3.4,-1.3,2.2,2.6,2019
56,Chris Boucher,27,TOR,C,62,0,13.2,2.3,4.8,0.472,0.6,1.9,0.322,1.7,2.9,0.569,0.535,1.5,1.9,0.784,1.7,2.7,4.5,0.4,0.4,1,0.5,1.8,6.6,,819,20.7,0.587,0.395,0.388,14.1,21.4,17.9,4.8,1.3,7.3,7.4,19.7,2.1,1.8,3.8,0.224,1,1,2,0.8,2019
57,Brian Bowen,21,IND,SF,6,1,5.2,0.5,1.7,0.3,0,0.3,0,0.5,1.3,0.375,0.3,0,0,,0.2,1,1.2,0,0,0.2,0.2,0.5,1,,31,0.1,0.3,0.2,0,3.6,21,12.4,0,0,2.8,9.1,15.6,-0.1,0,-0.1,-0.107,-9.1,-1.8,-10.9,-0.1,2019
58,Ky Bowman,22,GSW,PG,45,12,22.6,3,7.1,0.417,0.7,2.4,0.308,2.2,4.8,0.472,0.469,0.8,0.9,0.829,0.5,2.2,2.7,2.9,1,0.2,1.6,2.3,7.4,,1015,9.1,0.494,0.333,0.128,2.5,10.7,6.5,19.4,2.1,0.9,17.1,17.2,-0.6,0.6,-0.1,-0.003,-4,-0.3,-4.3,-0.6,2019
59,Avery Bradley,29,LAL,SG,49,44,24.2,3.5,7.8,0.444,1.3,3.5,0.364,2.2,4.3,0.51,0.526,0.4,0.5,0.833,0.4,2,2.3,1.3,0.9,0.1,1,2.2,8.6,,1186,8.9,0.537,0.452,0.063,1.7,8.9,5.3,7.2,1.7,0.4,10.7,15.7,0.2,1.4,1.5,0.062,-3,0.5,-2.5,-0.2,2019
60,Tony Bradley,22,UTA,C,58,3,11.4,2.2,3.3,0.667,0.1,0.1,1,2.1,3.2,0.661,0.675,0.5,0.8,0.652,1.9,2.7,4.6,0.4,0.2,0.6,0.5,2,4.9,,663,21.7,0.681,0.016,0.243,19.1,25,22.2,5.4,1,4.1,12.5,15.8,2.2,1.1,3.3,0.236,1,0.3,1.3,0.6,2019
61,Jarrell Brantley,23,UTA,PF,9,0,10.7,1.1,3.1,0.357,0.3,1.4,0.231,0.8,1.7,0.467,0.411,0.1,0.2,0.5,0.2,2,2.2,1.2,0.3,0.6,0.8,0.8,2.7,,96,8,0.416,0.464,0.071,2.4,19.9,11.5,15.8,1.5,4.3,19.5,16.3,-0.2,0.1,0,-0.006,-5.3,0.7,-4.6,-0.1,2019
62,Ignas Brazdeikis,21,NYK,SF,9,0,5.9,0.7,2.4,0.273,0.1,1,0.111,0.6,1.4,0.385,0.295,0.4,0.6,0.8,0.2,0.3,0.6,0.4,0,0.1,0.2,0.3,1.9,,53,3.2,0.351,0.409,0.227,3.9,6.2,5,10.6,0,1.8,7.6,21,-0.1,0,-0.1,-0.108,-5.1,-3.9,-9,-0.1,2019
63,Corey Brewer,33,SAC,PF,5,0,6.6,0.4,0.8,0.5,0,0.2,0,0.4,0.6,0.667,0.5,0.2,0.6,0.333,0.4,1.2,1.6,0.4,0.8,0,0.4,1.4,1,,33,8.7,0.47,0.25,0.75,6.7,21,13.6,7.7,5.9,0,27.3,9.6,0,0.1,0,0.064,-6,2.8,-3.2,0,2019
64,Mikal Bridges,23,PHO,SF,73,32,28,3.4,6.6,0.51,1,2.7,0.361,2.4,4,0.61,0.583,1.4,1.7,0.844,0.9,3.1,4,1.8,1.4,0.6,1,2.2,9.1,,2042,12.9,0.62,0.401,0.252,3.5,12.4,7.9,8.6,2.4,2,12,12.7,2.5,2.3,4.8,0.113,-0.6,1.5,0.8,1.5,2019
65,Miles Bridges,21,CHO,SF,65,64,30.7,4.9,11.6,0.424,1.5,4.6,0.33,3.4,7,0.486,0.489,1.6,2,0.809,1.4,4.2,5.6,1.8,0.6,0.7,1.5,2,13,,1995,12.1,0.52,0.398,0.174,4.6,15.6,9.9,9.4,1,2.2,10.5,20,0.3,1.3,1.6,0.039,-1.5,-1,-2.5,-0.3,2019
66,Oshae Brissett,21,TOR,SF,19,0,7.1,0.7,1.9,0.361,0.2,0.8,0.2,0.5,1.1,0.476,0.403,0.4,0.5,0.8,0.5,0.9,1.4,0.4,0.2,0.1,0.4,0.9,1.9,,135,6.7,0.458,0.417,0.278,7.2,13,10.2,7,1.4,0.7,14.8,15,-0.1,0.2,0.1,0.043,-5.8,0.4,-5.3,-0.1,2019
67,Ryan Broekhoff,29,DAL,SF,17,1,10.6,1.3,3.5,0.373,1.2,3,0.392,0.1,0.5,0.25,0.542,0.4,0.5,0.875,0.3,2.2,2.5,0.6,0.3,0.2,0.4,0.9,4.2,,180,13.1,0.568,0.864,0.136,3,21.9,12.5,8.3,1.3,1.9,8.8,16.3,0.2,0.2,0.4,0.109,0.5,0.3,0.8,0.1,2019
68,Malcolm Brogdon,27,IND,PG,54,54,30.9,6,13.8,0.438,1.4,4.3,0.326,4.6,9.5,0.488,0.489,3.1,3.4,0.892,0.9,4,4.9,7.1,0.6,0.2,2.4,1.8,16.5,,1666,17.7,0.541,0.309,0.25,3.1,14.1,8.6,33.8,1,0.5,13.7,25.2,2.3,1.7,4,0.114,2.3,-0.5,1.8,1.6,2019
69,Dillon Brooks,24,MEM,SG,73,73,28.9,6,14.6,0.407,2,5.6,0.358,3.9,9,0.438,0.476,2.2,2.8,0.808,0.9,2.4,3.3,2.1,0.9,0.4,1.7,3.8,16.2,,2112,11.3,0.51,0.385,0.19,3.5,8.6,6.1,10.5,1.4,1.1,9.7,25.2,-0.4,1.6,1.2,0.027,-2.7,-1.4,-4.1,-1.1,2019
70,Bruce Brown,23,DET,PG,58,43,28.2,3.4,7.7,0.443,0.6,1.7,0.344,2.8,6.1,0.47,0.48,1.5,2.1,0.739,1.1,3.7,4.7,4,1.1,0.5,1.7,2.8,8.9,,1634,11.9,0.518,0.215,0.266,4.2,15,9.5,20.4,1.9,1.5,16.7,16,0.7,1.4,2.1,0.062,-2,0.8,-1.2,0.3,2019
71,Charlie Brown Jr.,22,ATL,SG,10,0,4,0.6,1.9,0.316,0.3,0.9,0.333,0.3,1,0.3,0.395,0.5,0.5,1,0.2,0.2,0.4,0.2,0.2,0.2,0.3,0.3,2,,40,11,0.472,0.474,0.263,5.3,5.5,5.4,7.3,2.3,4.2,12.4,25.1,0,0,0,-0.028,-1.2,-1.4,-2.5,0,2019
72,Jaylen Brown,23,BOS,SG,57,57,33.9,7.5,15.6,0.481,2.3,5.9,0.382,5.2,9.6,0.543,0.554,3.1,4.3,0.724,1.1,5.3,6.4,2.1,1.1,0.4,2.2,2.9,20.3,,1934,16.9,0.583,0.381,0.274,3.5,16.5,10.1,9.7,1.6,1,11.2,24.7,2.3,2.6,4.9,0.123,1,-0.2,0.8,1.4,2019
73,Moses Brown,20,POR,C,9,0,3.7,0.4,1.1,0.4,0,0,,0.4,1.1,0.4,0.4,0.3,0.9,0.375,0.3,1.2,1.6,0.1,0.1,0.1,0.3,0.8,1.2,,33,6.7,0.407,0,0.8,9.6,34.5,22.2,4,1.4,2.6,18.2,21.2,-0.1,0,0,-0.065,-8.2,-1.8,-10,-0.1,2019
74,Sterling Brown,24,MIL,SF,52,1,14.8,1.8,4.9,0.371,0.8,2.6,0.324,1,2.3,0.425,0.457,0.6,0.8,0.8,0.6,2.9,3.5,1,0.6,0.1,0.8,1,5.1,,767,9.5,0.486,0.531,0.156,4.3,18.5,11.8,8.6,1.7,0.8,13.3,17,-0.4,1.5,1.1,0.07,-3,1,-2,0,2019
75,Troy Brown Jr.,20,WAS,SF,69,22,25.8,4,9,0.439,0.9,2.6,0.341,3.1,6.4,0.479,0.488,1.6,2,0.784,1.1,4.4,5.6,2.6,1.2,0.1,1.1,1.9,10.4,,1782,13.7,0.524,0.288,0.223,4.5,19.6,11.7,14.1,2.2,0.3,10.4,17.8,1.3,1.2,2.4,0.065,-0.8,-0.4,-1.2,0.3,2019
76,Jalen Brunson,23,DAL,PG,57,16,17.9,3.2,6.8,0.466,0.8,2.1,0.358,2.4,4.7,0.515,0.522,1.1,1.3,0.813,0.4,2,2.4,3.3,0.4,0.1,1.2,1.3,8.2,,1022,14.9,0.553,0.309,0.193,2.3,11.3,6.9,27,1,0.3,13.6,20.4,1.6,0.6,2.1,0.101,0.1,-1,-0.9,0.3,2019
77,Thomas Bryant,22,WAS,C,46,36,24.9,5.3,9.1,0.581,0.8,2,0.407,4.5,7.1,0.63,0.626,1.9,2.5,0.741,2.1,5.1,7.2,1.8,0.5,1.1,1.2,2.2,13.2,,1147,21.1,0.649,0.218,0.278,9,23.1,15.8,11.1,1,3.7,10.2,18.9,3.1,0.8,3.9,0.164,2.9,-0.7,2.2,1.2,2019
78,Reggie Bullock,28,NYK,SG,29,19,23.6,3.1,7.7,0.402,1.3,3.8,0.333,1.8,3.9,0.469,0.484,0.6,0.7,0.81,0.4,1.9,2.3,1.4,0.9,0.1,0.7,1.9,8.1,,684,9.3,0.502,0.496,0.094,2,8.8,5.3,8.8,1.8,0.4,7.5,15.6,0.2,0.3,0.5,0.036,-2.8,-0.3,-3,-0.2,2019
79,Trey Burke,27,2TM,PG,33,1,15.8,2.8,6.3,0.45,1,2.3,0.427,1.9,4.1,0.463,0.526,0.7,0.9,0.793,0.5,1,1.5,2.5,0.5,0.1,0.6,1,7.4,,520,15.6,0.548,0.359,0.139,3.4,7,5.2,23.7,1.5,0.3,8.7,20,1,0.4,1.3,0.123,0.8,-1,-0.2,0.2,2019
80,Alec Burks,28,2TM,SF,66,19,26.6,4.9,11.6,0.418,1.8,4.6,0.385,3.1,7.1,0.439,0.493,3.6,4,0.887,0.7,3.5,4.3,2.9,0.9,0.3,1.4,1.9,15,,1754,16.7,0.561,0.392,0.345,2.9,14.9,8.7,17.2,1.7,0.9,9.3,23.8,2.5,1.2,3.7,0.101,1.2,-0.7,0.5,1.1,2019
81,Deonte Burton,26,OKC,SF,39,0,9.1,1.1,3.2,0.344,0.3,1.4,0.189,0.8,1.8,0.458,0.384,0.2,0.4,0.571,0.2,1.3,1.5,0.4,0.2,0.3,0.5,0.9,2.7,,356,4.3,0.396,0.424,0.112,2.2,15.1,8.8,6.8,1,2.4,12.7,18.5,-0.9,0.4,-0.5,-0.067,-6.3,-0.5,-6.8,-0.4,2019
82,Jimmy Butler,30,MIA,SF,58,58,33.8,5.9,13.1,0.455,0.5,2.1,0.244,5.4,11,0.495,0.474,7.6,9.1,0.834,1.8,4.8,6.7,6,1.8,0.6,2.2,1.4,19.9,"MVP-11,AS,NBA3",1959,23.6,0.585,0.157,0.693,6.3,15.4,11,28.1,2.6,1.6,11.4,25.1,6.3,2.7,9,0.221,4,1.5,5.4,3.7,2019
83,Bruno Caboclo,24,2TM,C,30,0,8.1,1.3,3,0.427,0.2,1.1,0.182,1.1,1.9,0.571,0.461,0.3,0.3,0.889,0.8,1.2,2,0.4,0.5,0.6,0.4,1,3,,244,14.1,0.484,0.371,0.101,10,15.8,12.9,6.8,2.9,6.1,12.3,18,0,0.4,0.4,0.076,-3,0.9,-2.1,0,2019
84,Devontae Cacok,23,LAL,C,1,0,9,3,6,0.5,0,0,,3,6,0.5,0.5,0,0,,2,3,5,1,0,0,0,0,6,,9,28.6,0.5,0,0,24.6,36.1,30.4,20.3,0,0,0,28.1,0,0,0,0.226,4.8,-4.6,0.2,0,2019
85,Kentavious Caldwell-Pope,26,LAL,SG,69,26,25.5,3.4,7.3,0.467,1.3,3.5,0.385,2.1,3.9,0.541,0.558,1.1,1.5,0.775,0.6,1.5,2.1,1.6,0.8,0.2,0.9,1.9,9.3,,1762,11,0.584,0.471,0.201,2.4,6.4,4.4,8.5,1.5,0.7,10.1,14.7,1.9,1.9,3.7,0.102,-1.2,0.4,-0.8,0.5,2019
86,Vlatko Čančar,22,DEN,PF,14,0,3.2,0.4,1.1,0.4,0.1,0.4,0.167,0.4,0.6,0.556,0.433,0.3,0.3,1,0.4,0.4,0.7,0.2,0.1,0.1,0.2,0.5,1.2,,45,11.4,0.507,0.4,0.267,12.5,12.4,12.4,9.1,1.1,2.1,15.2,19.1,0,0,0.1,0.062,-3.6,-1.2,-4.8,0,2019
87,Clint Capela,25,HOU,C,39,39,32.8,6.3,9.9,0.629,0,0,,6.3,9.9,0.629,0.629,1.4,2.7,0.529,4.3,9.5,13.8,1.2,0.8,1.8,1.6,2.6,13.9,,1279,20.6,0.626,0,0.268,13.6,30.5,22,5.7,1.2,4.8,12.7,16.1,2.8,2.1,4.9,0.184,1,0.4,1.4,1.1,2019
88,DeMarre Carroll,33,2TM,C,24,0,12.1,1,2.8,0.379,0.3,1.4,0.242,0.7,1.4,0.515,0.439,1.2,1.8,0.69,0.5,1.8,2.3,1,0.3,0.2,0.7,1.3,3.6,,290,9.1,0.515,0.5,0.636,4.4,15.8,10.1,11.2,1.3,1.5,16.8,14.8,0,0.2,0.3,0.045,-3.1,-0.7,-3.9,-0.1,2019
89,Jevon Carter,24,PHO,PG,58,2,16.3,1.7,4.2,0.416,1.1,2.5,0.425,0.7,1.7,0.402,0.543,0.4,0.5,0.852,0.5,1.5,2,1.4,0.8,0.3,0.6,1.5,4.9,,945,11.3,0.563,0.601,0.111,3.5,10.5,6.9,11.9,2.4,1.6,11.2,12.9,0.8,1,1.8,0.093,-0.7,1.3,0.6,0.6,2019
90,Vince Carter,43,ATL,PF,60,0,14.6,1.8,5.1,0.352,1,3.4,0.302,0.8,1.7,0.451,0.452,0.4,0.5,0.793,0.3,1.8,2.1,0.8,0.4,0.4,0.6,1.5,5,,876,7.5,0.47,0.664,0.095,2.2,13.2,7.6,7.7,1.2,2.4,9.4,16.6,-0.6,0.4,-0.2,-0.011,-3.1,-1.2,-4.3,-0.5,2019
91,Wendell Carter Jr.,20,CHI,C,43,43,29.2,4.3,8,0.534,0.1,0.7,0.207,4.1,7.3,0.564,0.542,2.6,3.5,0.737,3.2,6.2,9.4,1.2,0.8,0.8,1.7,3.8,11.3,,1256,15.5,0.59,0.085,0.443,11.6,24.6,17.8,6,1.3,2.7,14.9,16.4,1.7,1.6,3.3,0.127,-2.1,-0.3,-2.4,-0.1,2019
92,Michael Carter-Williams,28,ORL,SG,45,0,18.5,2.5,5.8,0.427,0.5,1.7,0.293,2,4.1,0.481,0.469,1.8,2.1,0.832,1,2.2,3.3,2.4,1.1,0.5,1.2,1.9,7.2,,833,15.3,0.535,0.288,0.365,5.8,13.5,9.5,19.1,2.9,2.4,14.7,18.3,0.7,1.2,1.9,0.111,-1.5,1.6,0.1,0.5,2019
93,Alex Caruso,25,LAL,PG,64,2,18.4,1.9,4.5,0.412,0.6,1.9,0.333,1.3,2.7,0.468,0.481,1.1,1.5,0.734,0.3,1.7,1.9,1.9,1.1,0.3,0.8,1.5,5.5,,1175,10.8,0.525,0.412,0.323,1.6,9.8,5.7,13.6,2.8,1.4,13.8,13.8,0.5,1.8,2.3,0.095,-2.6,2.4,-0.2,0.5,2019
94,Willie Cauley-Stein,26,2TM,C,54,39,20.3,3.2,5.6,0.579,0,0,0,3.2,5.6,0.581,0.579,0.7,1.2,0.606,1.6,4.3,5.8,1.3,0.9,1.1,0.7,2.2,7.2,,1097,17,0.589,0.003,0.219,8,23.3,15.5,9.9,2.1,5,10.8,14.4,1.5,1.5,2.9,0.128,-1.2,1.7,0.5,0.7,2019
95,Tyson Chandler,37,HOU,C,26,5,8.4,0.5,0.7,0.778,0,0,,0.5,0.7,0.778,0.778,0.2,0.5,0.462,1,1.6,2.5,0.2,0.2,0.3,0.3,1.2,1.3,,219,10.8,0.717,0,0.722,11.8,19.8,15.8,3.5,1.3,3.1,25.2,6,0.3,0.3,0.6,0.131,-2.6,1.1,-1.5,0,2019
96,Wilson Chandler,32,BRK,PF,35,3,21,2.1,5.2,0.404,1.1,3.5,0.306,1.1,1.8,0.597,0.505,0.6,0.7,0.87,0.3,3.8,4.1,1.1,0.5,0.3,1,2.3,5.9,,734,7.4,0.531,0.661,0.126,1.6,18.5,10.2,7.3,1,1.4,15,12.9,-0.1,0.9,0.7,0.046,-3.7,1,-2.7,-0.1,2019
97,Joe Chealey,24,CHO,PG,4,0,8.3,0,1.8,0,0,1,0,0,0.8,0,0,0.5,0.5,1,0,0,0,0.3,1,0,0.5,0.5,0.5,,33,-2.9,0.127,0.571,0.286,0,0,0,3.9,6.1,0,20.2,13.2,-0.2,0,-0.1,-0.188,-14.3,1.7,-12.5,-0.1,2019
98,Zylan Cheatham,24,NOP,PF,4,0,12.8,1.5,2.3,0.667,0,0.3,0,1.5,2,0.75,0.667,0,0,,0.8,1.5,2.3,0.8,0.3,0.3,1,2.5,3,,51,6.7,0.667,0.111,0,6.2,12.5,9.4,7.7,0.9,1.6,30.8,10.4,0,0,0,0.034,-6.6,-0.5,-7.2,-0.1,2019
99,Chris Chiozza,24,2TM,PG,28,2,14.3,2,5,0.393,1,2.6,0.375,1,2.4,0.412,0.489,0.2,0.2,1,0.3,1.6,1.9,3,0.8,0.1,1.1,1.3,5.1,,401,12,0.499,0.514,0.036,2.4,11.6,6.9,29.4,2.5,0.9,18.4,18.1,0,0.4,0.5,0.055,-1.6,0.5,-1.2,0.1,2019
100,Marquese Chriss,22,GSW,PF,59,21,20.3,3.6,6.5,0.545,0.1,0.7,0.205,3.4,5.9,0.584,0.556,2,2.6,0.769,1.9,4.3,6.2,1.9,0.7,1.1,1.3,2.1,9.3,,1196,19.5,0.604,0.101,0.405,10,23.6,16.5,15.3,1.6,4.7,14.7,19,2.1,1.3,3.4,0.136,0,0.6,0.6,0.8,2019
101,Gary Clark,25,2TM,PF,42,5,13.5,1.3,3.2,0.406,0.9,2.6,0.351,0.4,0.5,0.682,0.553,0.2,0.2,0.9,0.9,1.7,2.6,0.4,0.1,0.5,0.2,1.1,3.7,,567,10.7,0.568,0.835,0.075,6.8,14,10.3,4.1,0.5,3.4,6.8,11,0.7,0.5,1.2,0.1,-0.9,-0.9,-1.9,0,2019
102,Brandon Clarke,23,MEM,PF,58,4,22.4,5.1,8.3,0.618,0.4,1.1,0.359,4.7,7.2,0.658,0.642,1.5,1.9,0.759,1.6,4.4,5.9,1.4,0.6,0.8,0.9,1.7,12.1,ROY-4,1300,20.9,0.663,0.134,0.234,7.6,20.1,14,9.5,1.1,3.2,9.4,18.7,3.4,1.6,5,0.183,2.4,0.7,3.1,1.7,2019
103,Jordan Clarkson,27,2TM,SG,71,2,24,5.5,12.2,0.454,2.1,5.8,0.368,3.4,6.4,0.533,0.542,1.9,2.3,0.836,0.7,1.9,2.6,1.9,0.6,0.2,1.4,1.5,15.2,,1705,17.3,0.574,0.476,0.19,3.3,8.7,6.1,13.2,1.3,0.8,9.4,26.3,2.4,1,3.4,0.096,2.4,-1.3,1.1,1.3,2019
104,Nic Claxton,20,BRK,C,15,0,12.5,1.8,3.2,0.563,0.1,0.5,0.143,1.7,2.7,0.634,0.573,0.7,1.4,0.524,1.3,1.7,2.9,1.1,0.1,0.5,0.6,0.9,4.4,,187,14.8,0.577,0.146,0.438,10.7,13.6,12.2,12.4,0.3,3.6,13.6,14.8,0.3,0.2,0.5,0.121,-0.7,0.1,-0.7,0.1,2019
105,Chris Clemons,22,HOU,SG,33,0,8.8,1.7,4.3,0.401,1.1,3.2,0.346,0.6,1.1,0.571,0.532,0.3,0.3,0.909,0.1,0.8,0.9,0.8,0.3,0.2,0.6,0.8,4.9,,291,13.1,0.548,0.754,0.077,1.4,9.4,5.4,14.3,1.4,1.8,11.5,23.6,0.1,0.2,0.4,0.058,0.3,-1.3,-1,0.1,2019
106,Antonius Cleveland,25,DAL,SG,11,0,4.2,0.4,1.3,0.286,0,0.3,0,0.4,1,0.364,0.286,0.3,0.5,0.6,0.2,0.5,0.6,0.1,0.1,0.3,0.2,0.7,1,,46,2.5,0.34,0.214,0.357,4.6,11.3,8,2.8,1.1,5.6,11,16.9,-0.1,0,-0.1,-0.076,-9,-1,-10.1,-0.1,2019
107,Amir Coffey,22,LAC,SG,18,1,8.8,1.3,3,0.426,0.3,1.1,0.316,0.9,1.9,0.486,0.481,0.3,0.6,0.545,0.2,0.7,0.9,0.8,0.3,0.1,0.4,1.1,3.2,,159,8.5,0.493,0.352,0.204,2.7,7.6,5.2,12.3,1.5,1.1,12,17.6,0,0.2,0.1,0.041,-4.3,0.1,-4.1,-0.1,2019
108,John Collins,22,ATL,PF,41,41,33.2,8.6,14.8,0.583,1.4,3.6,0.401,7.2,11.2,0.642,0.632,2.9,3.7,0.8,2.8,7.3,10.1,1.5,0.8,1.6,1.8,3.4,21.6,,1363,23.5,0.659,0.243,0.248,9,24,16.4,7.6,1.1,4.1,10.1,22.7,3.8,1.2,4.9,0.174,3.7,-0.6,3.1,1.7,2019
109,Zach Collins,22,POR,PF,11,11,26.4,2.9,6.2,0.471,0.6,1.7,0.368,2.3,4.5,0.51,0.522,0.5,0.7,0.75,2.3,4,6.3,1.5,0.5,0.5,1.3,3.3,7,,290,9.9,0.538,0.279,0.118,9.1,15.7,12.4,7.2,0.8,1.5,16.4,12.5,0.2,0.1,0.3,0.052,-1.7,-1.4,-3.1,-0.1,2019
110,Mike Conley,32,UTA,PG,47,41,29,4.9,12.1,0.409,2,5.4,0.375,2.9,6.6,0.437,0.494,2.4,3,0.827,0.7,2.5,3.2,4.4,0.8,0.1,2,2.2,14.4,,1363,14.1,0.537,0.451,0.245,2.8,9.2,6.1,23.1,1.3,0.3,12.8,23.1,1.4,1.1,2.5,0.089,0.7,-0.4,0.3,0.8,2019
111,Pat Connaughton,27,MIL,SG,67,4,18.6,2,4.5,0.455,0.8,2.5,0.331,1.2,2,0.607,0.547,0.5,0.6,0.775,0.9,3.3,4.2,1.6,0.4,0.5,0.8,1,5.4,,1243,11.5,0.565,0.551,0.133,5.1,16.8,11.3,10.9,0.9,2.2,14,12.3,1.1,2.3,3.4,0.13,-0.9,1.5,0.6,0.8,2019
112,Quinn Cook,26,LAL,PG,44,1,11.5,2.1,4.9,0.425,0.7,1.9,0.365,1.4,2.9,0.465,0.498,0.3,0.3,0.786,0.3,0.9,1.2,1.1,0.3,0,0.8,0.6,5.1,,508,10,0.509,0.397,0.065,2.4,8.5,5.5,13.8,1.1,0.4,13,21,-0.2,0.5,0.3,0.03,-2.3,-1.4,-3.8,-0.2,2019
113,Tyler Cook,22,2TM,PF,13,0,4.2,0.6,0.9,0.667,0,0,,0.6,0.9,0.667,0.667,0.5,0.6,0.875,0.5,0.6,1.1,0.1,0.2,0,0.2,0.4,1.8,,54,19.4,0.741,0,0.667,12.3,16.6,14.4,2.9,2.7,0,16.2,14.7,0.2,0,0.2,0.182,0.3,-0.5,-0.2,0,2019
114,Robert Covington,29,2TM,C,70,68,30.5,4.4,10.3,0.422,2.3,6.9,0.335,2.1,3.5,0.593,0.533,1.4,1.8,0.798,0.9,5.7,6.6,1.3,1.6,1.3,1.5,3.1,12.4,,2137,13.3,0.559,0.664,0.172,3,20.2,11.4,5.9,2.5,3.7,11.7,17,0.7,3,3.7,0.083,-1.2,1.3,0,1.1,2019
115,Allen Crabbe,27,2TM,SF,37,1,17.6,1.7,4.8,0.356,1,3.2,0.303,0.7,1.6,0.466,0.458,0.3,0.4,0.714,0.3,1.8,2.1,0.9,0.4,0.1,0.5,1.3,4.6,,653,6,0.47,0.672,0.079,1.8,11,6.3,6.8,1.1,0.5,8.5,12.7,-0.2,0.2,-0.1,-0.007,-3.7,-1.5,-5.3,-0.5,2019
116,Torrey Craig,29,DEN,SF,58,27,18.5,2.1,4.6,0.461,0.8,2.4,0.326,1.4,2.3,0.603,0.545,0.4,0.6,0.611,1.1,2.2,3.3,0.8,0.4,0.6,0.4,2.3,5.4,,1072,10.8,0.553,0.513,0.134,6.6,13.2,9.9,5.9,1.1,3.1,8.1,12.6,1.1,0.9,2,0.091,-2,-0.3,-2.3,-0.1,2019
117,Jamal Crawford,39,BRK,SG,1,0,6,2,4,0.5,1,2,0.5,1,2,0.5,0.625,0,0,,0,0,0,3,0,0,0,1,5,,6,33.2,0.625,0.5,0,0,0,0,100,0,0,0,27.9,0.1,0,0.1,0.492,12.4,2.6,15,0,2019
118,Jae Crowder,29,2TM,SF,65,53,28.8,3.5,8.7,0.401,2.1,6.1,0.343,1.4,2.6,0.538,0.521,1.5,1.9,0.776,0.8,5.1,5.9,2.5,1.1,0.4,1.1,2.2,10.5,,1875,12.5,0.553,0.7,0.222,3,18.5,11,11.5,1.8,1.2,10,15.5,1.6,2.2,3.8,0.098,-0.5,0.4,-0.1,0.9,2019
119,Jarrett Culver,20,MIN,SG,63,35,23.9,3.7,9,0.404,1,3.5,0.299,2.6,5.5,0.471,0.462,0.9,1.9,0.462,1.1,2.3,3.4,1.7,0.9,0.6,1.3,2,9.2,,1506,9.6,0.467,0.388,0.206,4.7,10.3,7.4,10.8,1.8,2.1,11.5,19.2,-1.2,1.1,-0.1,-0.004,-3.3,-0.7,-4,-0.8,2019
120,Seth Curry,29,DAL,SG,64,25,24.6,4.4,9,0.495,2.3,5,0.452,2.2,4,0.549,0.621,1.3,1.5,0.825,0.4,1.8,2.3,1.9,0.6,0.1,1,1.8,12.4,,1576,15.5,0.643,0.559,0.169,1.8,7.8,4.8,11.6,1.2,0.5,9.1,18.4,3.5,0.8,4.3,0.13,1.7,-0.9,0.8,1.2,2019
121,Stephen Curry,31,GSW,PG,5,5,27.8,6.6,16.4,0.402,2.4,9.8,0.245,4.2,6.6,0.636,0.476,5.2,5.2,1,0.8,4.4,5.2,6.6,1,0.4,3.2,2.2,20.8,,139,21.7,0.557,0.598,0.317,3,17.8,10.1,42.3,1.7,1.3,14.6,33.6,0.2,0.1,0.3,0.103,4.5,-0.6,3.9,0.2,2019
122,Troy Daniels,28,2TM,SG,47,0,11.3,1.5,4,0.387,1,2.8,0.348,0.6,1.1,0.481,0.511,0.2,0.3,0.625,0.3,0.9,1.1,0.4,0.2,0.1,0.3,0.8,4.3,,532,8.4,0.518,0.71,0.086,2.5,8.2,5.4,4.3,1,0.5,5.9,16.3,0.1,0.5,0.6,0.056,-1.7,-1.2,-2.9,-0.1,2019
123,Anthony Davis,26,LAL,PF,62,62,34.4,8.9,17.7,0.503,1.2,3.5,0.33,7.7,14.2,0.546,0.536,7.2,8.5,0.846,2.3,7,9.3,3.2,1.5,2.3,2.5,2.5,26.1,"MVP-6,DPOY-2,AS,NBA1,DEF1",2131,27.4,0.61,0.199,0.479,7.4,22.1,14.8,15.1,2,6,10.4,29.3,6.7,4.4,11.1,0.25,5.4,2.6,8,5.4,2019
124,Ed Davis,30,UTA,C,28,1,10.8,0.8,1.6,0.478,0,0,,0.8,1.6,0.478,0.478,0.3,0.5,0.5,1.3,2.5,3.8,0.4,0.4,0.3,0.5,2.2,1.8,,303,9.5,0.489,0,0.304,13.2,24.6,19.1,5.2,1.8,2.5,20,9.4,0.2,0.5,0.6,0.102,-4.6,1.5,-3.2,-0.1,2019
125,Terence Davis,22,TOR,SG,72,4,16.8,2.8,6.1,0.456,1.3,3.4,0.388,1.5,2.7,0.541,0.564,0.7,0.8,0.864,0.7,2.6,3.3,1.6,0.5,0.2,1.1,1.7,7.5,ROY-6,1209,13.8,0.588,0.555,0.135,4.5,16,10.3,14.2,1.5,1.1,14.1,19,1.2,1.9,3.1,0.122,0.1,0.7,0.8,0.8,2019
126,Dewayne Dedmon,30,2TM,C,44,18,17.6,2.3,5.8,0.4,0.5,2.4,0.206,1.8,3.4,0.541,0.443,0.7,0.8,0.833,1.4,4.3,5.7,0.5,0.6,0.9,1.3,3,5.8,,774,9.4,0.473,0.42,0.141,8.5,27.6,17.8,4,1.5,4.8,17.4,18.1,-1,1,0.1,0.005,-5.8,0,-5.8,-0.7,2019
127,Matthew Dellavedova,29,CLE,PG,57,4,14.4,1.1,3.1,0.354,0.4,1.6,0.231,0.7,1.5,0.488,0.414,0.6,0.6,0.865,0.3,1,1.3,3.2,0.4,0,1,1.4,3.1,,821,8.1,0.463,0.52,0.211,2.4,7.8,5.1,29,1.2,0.2,23.6,13,0.1,0.1,0.2,0.011,-3.6,-1.6,-5.2,-0.7,2019
128,DeMar DeRozan,30,SAS,SF,68,68,34.1,8.2,15.4,0.531,0.1,0.5,0.257,8.1,14.9,0.54,0.535,5.6,6.6,0.845,0.6,4.9,5.5,5.6,1,0.3,2.4,2.6,22.1,,2316,21.6,0.603,0.033,0.43,2,15.4,8.7,26.1,1.4,0.8,11.6,26.3,5.9,1.3,7.3,0.151,2.3,-0.4,1.9,2.3,2019
129,Cheick Diallo,23,PHO,C,47,2,10.2,2,3,0.648,0,0.1,0.333,1.9,3,0.655,0.651,0.7,0.8,0.872,0.6,2.1,2.8,0.5,0.2,0.3,0.7,1.2,4.7,,479,16.5,0.688,0.021,0.275,6.9,23.7,15.2,6.9,1.1,2.2,16.7,17,0.8,0.5,1.3,0.132,-1.1,-0.2,-1.3,0.1,2019
130,Hamidou Diallo,21,OKC,SF,46,3,19.5,2.9,6.4,0.446,0.3,1.2,0.281,2.5,5.2,0.485,0.473,0.8,1.4,0.603,1,2.7,3.6,0.8,0.8,0.2,1.1,2.2,6.9,,896,9.3,0.491,0.193,0.213,5.6,14.7,10.3,5.9,2,0.9,13.6,18.4,-0.7,1.1,0.4,0.022,-4.2,0.3,-3.9,-0.4,2019
131,Gorgui Dieng,30,2TM,C,63,17,17.4,2.6,5.8,0.456,0.9,2.4,0.355,1.8,3.4,0.528,0.53,1.2,1.6,0.772,1.4,4.2,5.6,1.2,0.8,0.9,1,2,7.4,,1096,17.1,0.568,0.418,0.277,8.5,25.8,17,9.7,2.2,4.5,12.8,17.6,1.3,1.7,2.9,0.129,-0.2,1.8,1.5,1,2019
132,Spencer Dinwiddie,26,BRK,PG,64,49,31.2,6.6,16,0.415,1.9,6.3,0.308,4.7,9.7,0.485,0.476,5.4,7,0.778,0.5,3,3.5,6.8,0.6,0.3,2.7,2.8,20.6,,1994,17.8,0.541,0.392,0.437,1.7,9.6,5.7,35,0.9,0.9,12.5,29.2,3.2,1.6,4.8,0.116,2.7,-0.9,1.8,1.9,2019
133,Donte DiVincenzo,23,MIL,SG,66,24,23,3.5,7.7,0.455,1.3,3.7,0.336,2.3,4,0.567,0.536,1,1.3,0.733,1,3.8,4.8,2.3,1.3,0.3,1.4,1.7,9.2,,1520,14.1,0.557,0.484,0.169,4.6,15.5,10.3,13.6,2.6,1.2,14.1,17.3,1,3.2,4.3,0.135,-1.1,2.4,1.3,1.3,2019
134,Luka Dončić,20,DAL,PG,61,61,33.6,9.5,20.6,0.463,2.8,8.9,0.316,6.7,11.7,0.574,0.531,7,9.2,0.758,1.3,8.1,9.4,8.8,1,0.2,4.3,2.5,28.8,"MVP-4,AS,NBA1",2047,27.6,0.585,0.431,0.448,4.1,25,14.7,45.7,1.5,0.6,14.8,36.8,6.5,2.3,8.8,0.207,7.4,1,8.4,5.4,2019
135,Luguentz Dort,20,OKC,SF,36,28,22.8,2.4,6.1,0.394,0.8,2.8,0.297,1.6,3.3,0.479,0.463,1.2,1.5,0.792,0.7,1.6,2.3,0.8,0.9,0.1,0.6,2.7,6.8,,820,7.6,0.506,0.463,0.243,3.3,7.5,5.5,4.6,1.8,0.4,8.4,14.1,0.1,0.8,0.8,0.049,-4.1,0.4,-3.7,-0.4,2019
136,Damyean Dotson,25,NYK,SG,48,0,17.4,2.5,6,0.414,1.2,3.4,0.362,1.3,2.6,0.48,0.516,0.5,0.7,0.667,0.2,1.7,1.9,1.2,0.5,0.1,0.4,0.9,6.7,,836,10.9,0.527,0.562,0.114,1.2,10.6,5.8,10,1.3,0.5,6.5,16.5,0.6,0.4,0.9,0.053,-0.9,-0.5,-1.4,0.1,2019
137,Sekou Doumbouya,19,DET,PF,38,19,19.8,2.4,6.2,0.39,0.7,2.6,0.286,1.7,3.6,0.464,0.449,0.8,1.2,0.674,0.5,2.6,3.1,0.5,0.5,0.2,0.9,2.1,6.4,,754,6.2,0.474,0.415,0.195,3,14.9,8.9,3.6,1.3,0.9,12,16.9,-0.8,0.5,-0.3,-0.02,-5.2,-1.4,-6.7,-0.9,2019
138,PJ Dozier,23,DEN,SG,29,0,14.2,2.2,5.4,0.414,0.6,1.7,0.347,1.7,3.7,0.444,0.468,0.7,1,0.724,0.3,1.6,1.9,2.2,0.5,0.2,0.9,1.6,5.8,,412,11.6,0.495,0.312,0.185,2.7,12.2,7.5,21.6,1.7,1.3,13.7,20.8,0,0.4,0.4,0.044,-2.5,-1.2,-3.8,-0.2,2019
139,Goran Dragić,33,MIA,PG,59,3,28.2,5.4,12.3,0.441,2.1,5.7,0.367,3.3,6.5,0.505,0.526,3.2,4.2,0.776,0.5,2.7,3.2,5.1,0.7,0.2,2.4,2.1,16.2,6MOY-6,1663,16.3,0.573,0.467,0.34,2,10.2,6.3,29.2,1.2,0.6,14.8,25.9,2.2,1.3,3.5,0.102,1.4,-1.6,-0.1,0.8,2019
140,Andre Drummond,26,2TM,C,57,56,33,7.3,13.8,0.533,0.1,0.6,0.143,7.2,13.1,0.551,0.536,3,5.2,0.575,4.4,10.8,15.2,2.7,1.9,1.6,3.6,3.5,17.7,DPOY-8,1879,22,0.553,0.045,0.375,14.9,37.5,26,13.6,2.8,4.2,18.2,25.9,0.6,3.6,4.2,0.108,-0.1,1.1,0.9,1.4,2019
141,Jared Dudley,34,LAL,PF,45,1,8.1,0.5,1.3,0.4,0.4,0.9,0.429,0.1,0.4,0.333,0.55,0,0,1,0.1,1,1.2,0.6,0.3,0.1,0.2,0.9,1.5,,364,7.8,0.558,0.7,0.033,1.8,13.7,7.8,9.5,2,0.7,11.6,8,0.3,0.5,0.8,0.102,-2.7,2,-0.7,0.1,2019
142,Kris Dunn,25,CHI,PG,51,32,24.9,3,6.7,0.444,0.6,2.2,0.259,2.4,4.5,0.535,0.487,0.8,1.1,0.741,0.5,3.2,3.6,3.4,2,0.3,1.3,3.1,7.3,,1269,12.1,0.51,0.327,0.158,1.9,14.9,8.1,19.4,3.8,1.3,15.7,14.6,0.3,2,2.3,0.085,-3.8,3.1,-0.6,0.4,2019
143,Carsen Edwards,21,BOS,SG,37,0,9.5,1.1,3.5,0.328,0.6,2.1,0.316,0.5,1.4,0.346,0.422,0.4,0.5,0.684,0.2,1.1,1.3,0.6,0.3,0.1,0.4,0.9,3.3,,351,6.9,0.444,0.594,0.148,1.9,12.4,7.2,9.3,1.7,1.1,9.9,18.4,-0.3,0.4,0.1,0.014,-4.4,-0.2,-4.6,-0.2,2019
144,Henry Ellenson,23,BRK,C,5,0,3,0.2,1.4,0.143,0,0.8,0,0.2,0.6,0.333,0.143,0,0,,0.4,0.8,1.2,0.2,0,0,0,0.2,0.4,,15,-1.3,0.143,0.571,0,14.1,27,20.7,8.7,0,0,0,19.5,-0.1,0,-0.1,-0.183,-7.5,-3.4,-10.9,0,2019
145,Wayne Ellington,32,NYK,SG,36,1,15.5,1.7,4.8,0.351,1.4,4,0.35,0.3,0.9,0.355,0.494,0.3,0.4,0.846,0.1,1.7,1.8,1.2,0.4,0.1,0.5,1.1,5.1,,558,8.5,0.509,0.822,0.075,0.7,12,6.2,11,1.1,0.7,9.1,15,0.2,0.2,0.4,0.035,-1.9,-1,-2.9,-0.1,2019
146,Joel Embiid,25,PHI,C,51,51,29.5,7.5,15.7,0.477,1.1,3.4,0.331,6.4,12.3,0.517,0.512,6.9,8.5,0.807,2.8,8.9,11.6,3,0.9,1.3,3.1,3.4,23,AS,1506,25.8,0.59,0.215,0.543,10.3,33.2,21.7,16.9,1.4,3.7,13.8,32.9,3.3,2.7,6,0.192,3.7,1,4.7,2.5,2019
147,James Ennis III,29,2TM,SG,69,18,18.3,2.3,5.2,0.446,0.8,2.4,0.325,1.5,2.8,0.553,0.522,1.1,1.4,0.806,1,2.5,3.6,0.9,0.5,0.3,0.8,2,6.6,,1265,11.5,0.565,0.471,0.273,6.1,15.3,10.6,7,1.3,1.5,12.6,15.7,1,1.4,2.4,0.09,-2.2,-0.4,-2.6,-0.2,2019
148,Drew Eubanks,22,SAS,C,22,3,12.4,2,3,0.642,0,0,1,1.9,3,0.636,0.649,0.9,1.2,0.769,1.3,2.6,3.9,0.7,0.2,0.8,1,1.7,4.9,,272,17.3,0.682,0.015,0.388,11.1,22.6,16.8,7.7,0.9,5.5,21.1,15.8,0.5,0.3,0.8,0.134,-1.4,-0.4,-1.8,0,2019
149,Jacob Evans,22,2TM,SG,29,1,14.4,1.6,4.6,0.336,0.4,1.3,0.333,1.1,3.3,0.337,0.384,0.9,1,0.862,0.3,1.1,1.4,1.1,0.4,0.4,0.9,1.4,4.4,,418,5.5,0.436,0.291,0.216,2.3,8.6,5.3,10.8,1.3,2.6,14.6,17.5,-0.7,0.2,-0.5,-0.056,-5.8,-1.3,-7.1,-0.5,2019
150,Danté Exum,24,2TM,SG,35,1,13.9,1.6,3.4,0.471,0.4,1.2,0.349,1.2,2.2,0.539,0.534,0.9,1.2,0.744,0.3,1.6,1.9,1.1,0.4,0.2,0.9,1.1,4.5,,485,10.3,0.576,0.361,0.361,2.7,12.6,7.7,11.5,1.3,1.4,18.4,15,0.2,0.2,0.4,0.043,-2.5,-0.4,-2.9,-0.1,2019
151,Tacko Fall,24,BOS,C,7,0,4.7,1.6,2,0.786,0,0,,1.6,2,0.786,0.786,0.1,0.4,0.333,0.1,2,2.1,0.1,0.1,0.6,0.4,1,3.3,,33,28.4,0.751,0,0.214,3.3,44.9,24.3,5.8,1.5,11.2,16.4,23.7,0.1,0.1,0.2,0.223,0.4,6,6.5,0.1,2019
152,Derrick Favors,28,NOP,C,51,49,24.4,4.1,6.6,0.617,0,0.1,0.143,4.1,6.5,0.627,0.618,0.8,1.4,0.563,3.2,6.6,9.8,1.6,0.6,0.9,1.1,2.1,9,,1243,18.5,0.62,0.021,0.209,13.9,28.9,21.4,9.2,1.1,3.1,12.9,14,2.6,1.6,4.2,0.162,0.7,0.3,1,0.9,2019
153,Cristiano Felício,27,CHI,C,22,0,17.5,1.5,2.5,0.63,0,0.1,0,1.5,2.4,0.654,0.63,0.8,1,0.783,2.5,2.1,4.6,0.7,0.5,0.1,0.8,1.5,3.9,,386,12.8,0.671,0.037,0.426,15,14.1,14.6,5.7,1.2,0.5,21.9,9.1,0.7,0.3,1,0.126,-1.4,-1.7,-3.1,-0.1,2019
154,Terrance Ferguson,21,OKC,SF,56,38,22.4,1.4,3.9,0.355,0.9,3,0.292,0.5,0.9,0.558,0.466,0.3,0.4,0.75,0.4,0.9,1.3,0.9,0.5,0.3,0.6,2.8,3.9,,1257,3.7,0.481,0.764,0.091,2.1,4.4,3.3,5.3,1,1.2,11.9,9.1,-0.3,0.9,0.6,0.021,-4.8,0.3,-4.5,-0.8,2019
155,Bruno Fernando,21,ATL,C,56,13,12.7,1.8,3.6,0.518,0.1,0.7,0.135,1.8,2.9,0.605,0.53,0.5,0.9,0.569,1.2,2.3,3.5,0.9,0.3,0.3,0.8,1.9,4.3,,713,11.9,0.542,0.186,0.256,10,20,15,9.9,1.2,2,15.9,15.3,0.4,0.4,0.8,0.055,-3.2,-0.9,-4.1,-0.4,2019
156,Yogi Ferrell,26,SAC,PG,50,0,10.6,1.6,3.8,0.42,0.5,1.6,0.304,1.1,2.2,0.505,0.484,0.7,0.8,0.857,0.1,0.9,1,1.4,0.4,0.1,0.6,0.8,4.4,,530,12.2,0.528,0.42,0.223,1.2,9.4,5.2,18.8,1.6,0.7,11.9,19.2,0.3,0.3,0.7,0.06,-1.5,-0.3,-1.8,0,2019
157,Dorian Finney-Smith,26,DAL,PF,71,68,29.9,3.4,7.4,0.466,1.6,4.3,0.376,1.8,3.1,0.589,0.575,1.1,1.5,0.722,2,3.7,5.7,1.6,0.6,0.5,1,2.5,9.5,,2120,12.3,0.595,0.58,0.207,7.3,12.7,10,7.2,1,1.6,10.8,12.9,3.3,1.5,4.9,0.11,0.1,-0.3,-0.2,0.9,2019
158,Bryn Forbes,26,SAS,SG,63,62,25.1,3.8,9.2,0.417,2.3,6,0.388,1.5,3.2,0.47,0.544,1.2,1.4,0.833,0.2,1.8,2,1.7,0.5,0,0.9,1.8,11.2,,1579,11.1,0.57,0.656,0.155,0.8,7.8,4.3,9.5,1,0,8.4,18.5,1.3,0.3,1.5,0.047,-0.6,-2.1,-2.7,-0.3,2019
159,Evan Fournier,27,ORL,SF,66,66,31.5,6.6,14.1,0.467,2.6,6.6,0.399,4,7.5,0.527,0.56,2.7,3.3,0.818,0.3,2.3,2.6,3.2,1.1,0.2,1.9,2.4,18.5,,2076,16.4,0.595,0.467,0.237,0.9,8.2,4.4,16.6,1.7,0.7,10.9,23.9,2.9,1.7,4.6,0.106,1.4,-0.4,1,1.6,2019
160,De'Aaron Fox,22,SAC,PG,51,49,32,7.7,16,0.48,1.1,3.6,0.292,6.6,12.4,0.535,0.513,4.7,6.7,0.705,0.7,3.2,3.8,6.8,1.5,0.5,3.1,2.8,21.1,,1634,20.6,0.558,0.227,0.42,2.4,11.4,6.8,35.3,2.2,1.5,14.1,29.8,2.6,1.4,4,0.118,2.3,-0.5,1.8,1.6,2019
161,Melvin Frazier,23,ORL,SG,19,0,6.6,0.8,1.8,0.441,0.4,0.8,0.5,0.4,0.9,0.389,0.559,0.1,0.2,0.5,0.1,0.4,0.5,0.2,0.5,0.1,0.3,0.6,2.1,,126,9.8,0.559,0.471,0.118,1.7,7.1,4.3,3.4,3.5,1.4,12.3,14,0,0.2,0.2,0.057,-3.5,1.2,-2.3,0,2019
162,Michael Frazier,25,HOU,SG,13,0,11.2,0.5,2.2,0.241,0.3,1.8,0.174,0.2,0.5,0.5,0.31,0.7,1.1,0.643,0.1,0.7,0.8,0.2,0.2,0,0.4,1.7,2.1,,145,-0.9,0.384,0.793,0.483,0.7,6.6,3.6,1.7,0.6,0,12.5,11.5,-0.2,0.1,-0.2,-0.06,-8.9,-2.1,-11,-0.3,2019
163,Tim Frazier,29,DET,PG,27,11,13.1,1.3,3.5,0.362,0.4,1.1,0.333,0.9,2.4,0.375,0.415,0.7,0.9,0.792,0.3,0.9,1.2,3.4,0.5,0.1,1.3,1.6,3.6,,355,9.8,0.464,0.319,0.255,2.8,7.8,5.3,36.5,1.9,0.9,25.6,17.3,-0.1,0.2,0.1,0.016,-3,-1.6,-4.6,-0.2,2019
164,Enes Freedom,27,BOS,C,58,7,16.9,3.4,6,0.572,0,0.1,0.143,3.4,5.9,0.581,0.573,1.2,1.7,0.707,2.8,4.6,7.4,1,0.4,0.7,1,1.7,8.1,,983,22.4,0.599,0.02,0.284,18,28.9,23.5,8.8,1.1,3.9,12.5,19.4,2.6,1.8,4.4,0.214,1.8,-0.3,1.5,0.9,2019
165,Markelle Fultz,21,ORL,PG,72,60,27.7,5,10.7,0.465,0.5,1.9,0.267,4.5,8.8,0.507,0.488,1.6,2.2,0.73,0.6,2.7,3.3,5.1,1.3,0.2,2,2,12.1,,1996,14.3,0.517,0.175,0.206,2.1,11,6.4,29,2.2,0.5,14.9,21.4,0.6,2,2.7,0.065,-1.8,0,-1.8,0.1,2019
166,Wenyen Gabriel,22,2TM,PF,30,1,7.8,0.7,1.6,0.438,0.2,0.7,0.3,0.5,0.9,0.536,0.5,0.5,0.7,0.682,0.7,1,1.7,0.3,0.4,0.2,0.5,1.3,2.1,,235,9.6,0.546,0.417,0.458,9.5,13.9,11.7,4.4,2.2,2.6,21.7,13.4,0,0.2,0.2,0.048,-3.7,-0.1,-3.8,-0.1,2019
167,Daniel Gafford,21,CHI,C,43,7,14.2,2.2,3.1,0.701,0,0,,2.2,3.1,0.701,0.701,0.7,1.4,0.533,1.2,1.3,2.5,0.5,0.3,1.3,0.7,2.3,5.1,,609,16.2,0.686,0,0.448,9,10.3,9.6,5.2,1,8.7,15.3,13.3,1.1,0.8,1.9,0.146,-2.8,1.5,-1.3,0.1,2019
168,Danilo Gallinari,31,OKC,PF,62,62,29.6,5.8,13.2,0.438,2.9,7.1,0.405,2.9,6.1,0.476,0.547,4.3,4.8,0.893,0.5,4.6,5.2,1.9,0.7,0.1,1.2,1.2,18.7,,1834,19.5,0.612,0.537,0.365,2.1,16.8,9.7,10.3,1.1,0.2,7.4,24.6,4.5,1.9,6.3,0.166,4.1,-0.9,3.3,2.4,2019
169,Langston Galloway,28,DET,SG,66,6,25.8,3.6,8.2,0.435,2,5,0.399,1.6,3.2,0.493,0.557,1.1,1.3,0.859,0.5,1.8,2.3,1.5,0.7,0.2,0.6,1.5,10.3,,1702,12.3,0.584,0.611,0.157,2.2,7.8,5,8.8,1.4,0.5,6.5,15.9,2.4,0.7,3.1,0.087,0,-0.9,-0.8,0.5,2019
170,Darius Garland,20,CLE,SG,59,59,30.9,4.7,11.8,0.401,1.8,5,0.355,3,6.8,0.434,0.476,1.1,1.2,0.875,0.5,1.4,1.9,3.9,0.7,0.1,2.6,1.6,12.3,,1824,8.5,0.498,0.423,0.103,1.6,5.2,3.4,18.5,1.1,0.2,17.1,20.7,-1.3,0,-1.3,-0.034,-2.7,-2.8,-5.5,-1.7,2019
171,Marc Gasol,35,TOR,C,44,43,26.4,2.7,6.3,0.427,1.3,3.4,0.385,1.4,3,0.473,0.529,0.8,1.1,0.735,0.7,5.5,6.3,3.3,0.8,0.9,1.3,2.8,7.5,,1161,11.8,0.551,0.53,0.176,2.9,21.7,12.5,17.3,1.4,3.2,16.4,13.2,0.8,2.2,3,0.124,-1.2,2.8,1.6,1.1,2019
172,Rudy Gay,33,SAS,PF,67,5,21.8,4,8.9,0.446,1.1,3.3,0.336,2.9,5.6,0.511,0.508,1.8,2,0.882,0.9,4.5,5.4,1.7,0.5,0.5,1.3,1.5,10.8,,1461,15.4,0.553,0.369,0.228,4.5,22.2,13.4,11.3,1.1,2,11.8,22,0.9,1.1,2.1,0.068,0,-0.9,-0.8,0.4,2019
173,Paul George,29,LAC,SF,48,48,29.6,7.1,16.3,0.439,3.3,7.9,0.412,3.9,8.4,0.464,0.539,4,4.5,0.876,0.5,5.2,5.7,3.9,1.4,0.4,2.6,2.4,21.5,,1419,21.1,0.589,0.487,0.277,1.8,17.7,10,21.1,2.3,1.2,12.5,29.6,2.5,2.3,4.8,0.161,3.8,1.1,4.9,2.5,2019
174,Taj Gibson,34,NYK,C,62,56,16.5,2.7,4.6,0.584,0.1,0.2,0.286,2.6,4.4,0.599,0.591,0.7,0.9,0.732,1.8,2.5,4.3,0.8,0.4,0.5,0.8,2,6.1,,1025,16.1,0.61,0.049,0.196,11.2,16.7,13.9,7.6,1.3,2.8,13.1,14.8,1.8,0.8,2.6,0.12,-0.8,-0.3,-1.1,0.2,2019
175,Harry Giles,21,SAC,C,46,17,14.5,3,5.5,0.554,0,0,0,3,5.4,0.558,0.554,0.8,1.1,0.776,0.9,3.2,4.1,1.3,0.5,0.4,1,2.6,6.9,,667,16.4,0.58,0.008,0.195,7.1,25.1,15.9,14.2,1.6,2.6,13.9,20.6,0.8,0.8,1.6,0.112,-2.2,0.9,-1.3,0.1,2019
176,Shai Gilgeous-Alexander,21,OKC,SG,70,70,34.7,6.8,14.5,0.471,1.2,3.6,0.347,5.6,10.9,0.512,0.514,4.1,5.1,0.807,0.7,5.2,5.9,3.3,1.1,0.7,1.9,1.7,19,,2428,17.7,0.568,0.247,0.352,2.2,16.1,9.4,15.2,1.6,1.7,10.3,23.7,3.1,3,6.1,0.121,1.3,0.4,1.7,2.2,2019
177,Rudy Gobert,27,UTA,C,68,68,34.3,5.7,8.2,0.693,0,0,,5.7,8.2,0.693,0.693,3.7,5.9,0.63,3.4,10.1,13.5,1.5,0.8,2,1.9,3.2,15.1,"DPOY-3,AS,NBA3,DEF1",2333,21.7,0.699,0,0.724,11.2,31.3,21.6,6.5,1.1,4.8,15,16.2,6.5,4.2,10.7,0.221,1.7,1.9,3.6,3.3,2019
178,Brandon Goodwin,24,ATL,PG,34,1,12.6,2.2,5.6,0.4,0.8,2.6,0.299,1.5,3,0.485,0.468,0.8,0.9,0.933,0.3,1.8,2.1,1.5,0.4,0.1,0.9,1.3,6.1,,430,11.6,0.507,0.458,0.158,2.7,15.5,9,18,1.3,0.8,12.5,22.4,-0.1,0.2,0.1,0.013,-1.6,-1.3,-2.9,-0.1,2019
179,Aaron Gordon,24,ORL,PF,62,62,32.5,5.4,12.4,0.437,1.2,3.8,0.308,4.2,8.5,0.494,0.484,2.4,3.6,0.674,1.7,5.9,7.7,3.7,0.8,0.6,1.6,2,14.4,,2017,15.1,0.516,0.309,0.292,5.5,20.3,12.7,17.4,1.2,1.7,10.4,20.7,1.4,2.3,3.7,0.087,-0.1,0.1,0,1,2019
180,Eric Gordon,31,HOU,SF,36,15,28.2,4.8,12.9,0.369,2.7,8.4,0.317,2.1,4.4,0.469,0.473,2.3,3,0.766,0.3,1.7,2,1.5,0.6,0.4,1.2,1.9,14.4,,1016,10.3,0.51,0.654,0.231,0.9,6.5,3.7,7.9,1,1.1,7.8,22.5,-0.1,0.6,0.5,0.024,-1.8,-2.1,-3.9,-0.5,2019
181,Devonte' Graham,24,CHO,PG,63,53,35.1,5.8,15.3,0.382,3.5,9.3,0.373,2.4,6,0.397,0.495,3,3.7,0.82,0.7,2.7,3.4,7.5,1,0.2,2.9,1.8,18.2,,2211,15.8,0.537,0.607,0.242,2,8.7,5.2,35.3,1.4,0.6,14.5,24.8,2.4,0.9,3.4,0.073,2.5,-2.1,0.5,1.4,2019
182,Treveon Graham,26,2TM,SF,55,20,16.9,1.6,4.4,0.36,0.6,2.2,0.275,1,2.2,0.443,0.428,0.7,1,0.643,0.9,1.8,2.7,0.8,0.4,0.1,0.5,1.9,4.4,,929,6.6,0.456,0.496,0.231,5.7,11.7,8.6,6.6,1.2,0.5,9.8,13.1,-0.2,0.4,0.2,0.009,-4.5,-1.1,-5.6,-0.8,2019
183,Jerami Grant,25,DEN,PF,71,24,26.6,4.3,8.9,0.478,1.4,3.5,0.389,2.9,5.4,0.537,0.555,2.1,2.8,0.75,0.8,2.7,3.5,1.2,0.7,0.8,0.9,2.2,12,,1892,14.4,0.591,0.397,0.309,3.4,11.2,7.3,6.6,1.3,2.8,8,18,2.8,1.6,4.4,0.111,0.1,-0.6,-0.5,0.7,2019
184,Jerian Grant,27,WAS,SG,6,0,13.3,1.7,4.5,0.37,0.3,1.3,0.25,1.3,3.2,0.421,0.407,0.8,1.2,0.714,0.3,0.7,1,1.5,0.2,0.2,0.5,1.8,4.5,,80,6.6,0.449,0.296,0.259,2.6,5.7,4.1,15.3,0.6,1.1,9.1,17.2,0,0,0,-0.018,-4.5,-2,-6.5,-0.1,2019
185,Josh Gray,26,NOP,PG,2,0,11.5,0.5,1,0.5,0,0,,0.5,1,0.5,0.5,0,0,,0.5,0.5,1,1,0,0,2.5,0.5,1,,23,-5,0.5,0,0,4.6,4.6,4.6,10.4,0,0,71.4,12.5,-0.1,0,-0.1,-0.226,-11.4,-4.7,-16,-0.1,2019
186,Danny Green,32,LAL,SG,68,68,24.8,2.9,7,0.416,1.8,4.8,0.367,1.1,2.2,0.524,0.542,0.5,0.7,0.688,0.8,2.6,3.3,1.3,1.3,0.5,0.9,2,8,,1687,10.8,0.552,0.69,0.101,3.3,11.2,7.3,7.1,2.4,1.7,11.3,13.9,0.8,2.5,3.4,0.096,-1.1,1.5,0.5,1.1,2019
187,Draymond Green,29,GSW,PF,43,43,28.4,2.9,7.3,0.389,0.8,3,0.279,2,4.3,0.465,0.446,1.5,1.9,0.759,0.5,5.7,6.2,6.2,1.4,0.8,2.3,2.6,8,,1222,12.5,0.489,0.408,0.263,2,22.3,11.8,31.2,2.3,2.4,21.8,15.7,-0.2,1.3,1.1,0.044,-2.1,1.9,-0.2,0.5,2019
188,JaMychal Green,29,LAC,PF,63,1,20.7,2.4,5.6,0.429,1.5,3.8,0.387,0.9,1.8,0.518,0.56,0.6,0.8,0.75,1.2,4.9,6.2,0.8,0.5,0.4,0.9,2.8,6.8,,1307,11.1,0.576,0.676,0.136,6.3,24.1,15.4,5,1,1.6,12.6,13.7,1.1,2,3.1,0.115,-1.2,0.7,-0.5,0.5,2019
189,Javonte Green,26,BOS,SG,48,2,9.8,1.3,2.6,0.5,0.2,0.7,0.273,1.1,1.9,0.581,0.536,0.6,0.9,0.667,0.5,1.4,1.9,0.5,0.5,0.2,0.5,0.9,3.4,,468,13.1,0.564,0.262,0.333,5.6,15.6,10.6,7.7,2.5,1.6,13.7,15.3,0.4,0.8,1.1,0.113,-2.1,1.4,-0.7,0.2,2019
190,Jeff Green,33,2TM,C,48,4,20,3.3,7.2,0.462,1.3,3.8,0.339,2,3.4,0.602,0.552,1.5,1.9,0.802,0.5,2.3,2.8,1,0.5,0.4,0.9,1.9,9.4,,960,13.7,0.59,0.532,0.265,2.7,12,7.5,7.9,1.3,1.7,9.9,19,1.2,0.9,2.1,0.104,0,-0.1,-0.1,0.5,2019
191,Blake Griffin,30,DET,PF,18,18,28.4,4.9,13.9,0.352,1.5,6.2,0.243,3.4,7.7,0.439,0.406,4.2,5.4,0.776,0.9,3.7,4.7,3.3,0.4,0.4,2.2,1.5,15.5,,512,11.9,0.476,0.444,0.392,3.7,15,9.3,18,0.7,1.1,12,28.4,-0.4,0.3,-0.1,-0.012,-1.7,-2.6,-4.3,-0.3,2019
192,Marko Gudurić,24,MEM,SG,44,0,11,1.4,3.6,0.395,0.6,1.9,0.301,0.8,1.7,0.5,0.475,0.5,0.6,0.923,0.3,1.3,1.7,1,0.3,0.2,0.8,0.8,3.9,,484,8.8,0.514,0.529,0.166,3.1,12.6,7.9,12.3,1.2,1.4,17.6,17.6,-0.3,0.4,0.1,0.014,-2.7,-0.7,-3.4,-0.2,2019
193,Kyle Guy,22,SAC,SG,3,0,3.3,0.7,1.7,0.4,0,1,0,0.7,0.7,1,0.4,0,0,,0,0.3,0.3,0.3,0,0,0,0.3,1.3,,10,6.6,0.4,0.6,0,0,11.5,5.6,15.6,0,0,0,21.7,0,0,0,-0.045,-7.5,-4.8,-12.3,0,2019
194,Rui Hachimura,21,WAS,PF,48,48,30.1,5.3,11.4,0.466,0.5,1.8,0.287,4.8,9.5,0.5,0.489,2.4,2.9,0.829,1.6,4.5,6.1,1.8,0.8,0.2,1.1,2.2,13.5,,1444,13.5,0.535,0.16,0.257,5.7,17,11.1,8.8,1.2,0.5,8,19,1.3,0.5,1.8,0.06,-1.2,-2,-3.2,-0.4,2019
195,Devon Hall,24,OKC,PG,11,0,7.4,0.5,2.7,0.2,0.4,1.5,0.235,0.2,1.2,0.154,0.267,0.4,0.7,0.5,0.2,0.5,0.6,1.2,0.4,0.1,0.5,0.5,1.8,,81,3.1,0.298,0.567,0.267,2.8,6.6,4.8,21.3,2.4,1.1,13,20.9,-0.3,0.1,-0.2,-0.116,-6,-0.7,-6.7,-0.1,2019
196,Donta Hall,22,2TM,PF,9,0,14.8,1.7,2.4,0.682,0,0,,1.7,2.4,0.682,0.682,1,2,0.5,1.6,2.7,4.2,0.4,0.3,0.7,0.6,2.6,4.3,,133,13.6,0.652,0,0.818,11.4,19.2,15.4,4.2,1.1,3.8,14.3,11.1,0.2,0.2,0.4,0.137,-3.5,-0.4,-3.9,-0.1,2019
197,Dusty Hannahs,26,MEM,SG,2,0,6.5,2,4.5,0.444,1,1.5,0.667,1,3,0.333,0.556,1,1,1,0,0.5,0.5,0,0,0,0,0.5,6,,13,21.3,0.607,0.333,0.222,0,8,4.1,0,0,0,0,31.6,0,0,0,0.146,5.1,-2.1,3.1,0,2019
198,Tim Hardaway Jr.,27,DAL,SG,71,58,29.5,5.4,12.5,0.434,2.9,7.2,0.398,2.5,5.2,0.485,0.55,2.1,2.6,0.819,0.4,2.9,3.3,1.9,0.6,0.1,1,1.8,15.8,,2091,14.5,0.581,0.58,0.206,1.3,10.2,5.8,9.7,0.9,0.2,6.7,21.1,3.4,1.1,4.4,0.102,1.2,-1.4,-0.1,1,2019
199,James Harden,30,HOU,SG,68,68,36.5,9.9,22.3,0.444,4.4,12.4,0.355,5.5,9.9,0.556,0.543,10.2,11.8,0.865,1,5.5,6.6,7.5,1.8,0.9,4.5,3.3,34.3,"MVP-3,AS,NBA1",2483,29.1,0.626,0.557,0.528,2.9,16,9.4,35.9,2.3,2.1,14.2,36.3,9.9,3.2,13.1,0.254,8.1,1.6,9.6,7.3,2019
200,Maurice Harkless,26,2TM,PF,62,48,23,2.3,4.6,0.502,0.5,1.6,0.347,1.7,3,0.584,0.562,0.6,1.1,0.591,0.9,3,3.9,1.1,0.9,0.5,0.9,2.4,5.8,,1427,9.8,0.572,0.346,0.233,4.1,13.3,8.8,6.4,1.9,2.1,14.5,10.7,0.8,1.9,2.7,0.09,-2.6,1.9,-0.7,0.5,2019
201,Jared Harper,22,PHO,PG,3,0,2.7,0.3,1.3,0.25,0,0.7,0,0.3,0.7,0.5,0.25,0,0,,0,0,0,0,0,0,0,0,0.7,,8,-5.3,0.25,0.5,0,0,0,0,0,0,0,0,21.3,0,0,0,-0.249,-10.1,-5.6,-15.7,0,2019
202,Montrezl Harrell,26,LAC,C,63,2,27.8,7.5,12.9,0.58,0,0.3,0,7.5,12.6,0.593,0.58,3.7,5.6,0.658,2.6,4.5,7.1,1.7,0.6,1.1,1.7,2.3,18.6,6MOY-1,1749,23.2,0.607,0.022,0.432,9.9,16.3,13.2,10.3,1.1,3.6,10.1,25.7,4.4,2.5,7,0.191,2.5,0.5,2.9,2.2,2019
203,Gary Harris,25,DEN,SG,56,55,31.8,3.9,9.3,0.42,1.3,3.8,0.333,2.6,5.5,0.479,0.487,1.3,1.6,0.815,0.5,2.4,2.9,2.1,1.4,0.3,1.1,2.1,10.4,,1780,9.7,0.519,0.405,0.177,1.6,8.6,5.1,8.9,2.1,0.7,9.7,15.1,0.5,1.4,1.9,0.052,-2.8,0.3,-2.5,-0.2,2019
204,Joe Harris,28,BRK,SF,69,69,30.8,5.5,11.4,0.486,2.5,5.9,0.424,3,5.5,0.553,0.596,0.9,1.3,0.719,0.9,3.4,4.3,2.1,0.6,0.2,1.5,2.3,14.5,,2123,13.3,0.606,0.518,0.114,3.2,11.2,7.3,10.4,0.9,0.7,11.2,18.3,2.5,1.8,4.3,0.097,0.4,-0.6,-0.2,1,2019
205,Tobias Harris,27,PHI,PF,72,72,34.3,7.7,16.3,0.471,1.8,5,0.367,5.9,11.3,0.517,0.527,2.4,3,0.806,1,5.9,6.9,3.2,0.7,0.6,1.4,2.3,19.6,,2469,17.2,0.556,0.304,0.184,3.1,19.1,11.1,14.6,1,1.4,7.6,23.9,3.5,2.7,6.2,0.121,1.3,-0.5,0.8,1.8,2019
206,Shaquille Harrison,26,CHI,SG,43,10,11.3,1.8,3.8,0.467,0.4,1,0.381,1.4,2.9,0.496,0.515,0.9,1.2,0.78,0.5,1.5,2,1.1,0.8,0.4,0.4,1.3,4.9,,484,17.8,0.559,0.255,0.303,4.8,15.3,9.8,15.3,3.4,3.7,9.2,18.1,0.7,0.8,1.5,0.153,0.4,2.4,2.8,0.6,2019
207,Josh Hart,24,NOP,SF,65,16,27,3.5,8.2,0.423,1.9,5.4,0.342,1.6,2.7,0.584,0.537,1.3,1.8,0.739,0.9,5.6,6.5,1.7,1,0.4,1.2,2.5,10.1,,1755,11.9,0.563,0.665,0.216,3.7,22.1,12.8,8.2,1.7,1.1,11.4,15.3,1.3,1.8,3.1,0.085,-1.1,0.4,-0.7,0.6,2019
208,Isaiah Hartenstein,21,HOU,C,23,2,11.6,1.9,2.9,0.657,0,0.2,0,1.9,2.7,0.71,0.657,0.8,1.2,0.679,1.3,2.7,3.9,0.8,0.4,0.5,0.7,1.8,4.7,,266,18.6,0.674,0.075,0.418,11.3,24.3,17.7,10,1.6,3.9,16.8,14.8,0.7,0.4,1.1,0.19,-1,1.3,0.3,0.2,2019
209,Udonis Haslem,39,MIA,C,4,1,11,1,2.8,0.364,0.3,0.8,0.333,0.8,2,0.375,0.409,0.8,1,0.75,0.3,3.8,4,0.3,0,0,0.3,1.5,3,,44,6.5,0.47,0.273,0.364,2.6,36.7,20.3,3.2,0,0,7.3,13.8,0,0.1,0,0.041,-5.8,-1.6,-7.4,-0.1,2019
210,Jaxson Hayes,19,NOP,C,64,14,16.9,2.7,4,0.672,0,0.1,0.25,2.7,4,0.678,0.674,1.9,3,0.647,1.5,2.5,4,0.9,0.4,0.9,0.8,2.5,7.4,,1080,17.6,0.689,0.015,0.734,9.5,16,12.7,7.2,1.1,4.3,13.4,15,2.8,1.1,3.9,0.171,-0.9,0.6,-0.3,0.5,2019
211,Gordon Hayward,29,BOS,SF,52,52,33.5,6.7,13.5,0.5,1.6,4.3,0.383,5.1,9.2,0.554,0.561,2.4,2.8,0.855,1.1,5.6,6.7,4.1,0.7,0.4,1.8,1.8,17.5,,1740,18.1,0.595,0.317,0.207,3.4,17.8,10.7,18.7,1.1,1.2,11.2,21.1,3.5,2.2,5.7,0.158,2.6,0.1,2.7,2,2019
212,John Henson,29,2TM,C,40,8,15,2.4,4.3,0.556,0.2,0.9,0.222,2.2,3.4,0.644,0.579,0.6,1.2,0.5,1.2,2.9,4.1,1.4,0.6,1.1,0.9,2,5.5,,600,17,0.578,0.211,0.269,8.5,21.8,15.1,13.4,2,6,15.8,16.3,0.6,0.8,1.4,0.109,-1.2,2.1,0.9,0.4,2019
213,Dewan Hernandez,23,TOR,C,6,0,4.7,0.8,2.3,0.357,0.2,0.3,0.5,0.7,2,0.333,0.393,0.5,0.8,0.6,0.8,1.5,2.3,0.5,0.2,0,0.5,1,2.3,,28,12.9,0.432,0.143,0.357,19.3,33.2,26.4,16.4,1.7,0,15.6,29.3,0,0.1,0,0.043,-6.6,-3,-9.6,-0.1,2019
214,Juancho Hernangómez,24,2TM,PF,48,14,17.4,2.1,5.1,0.405,0.9,2.7,0.341,1.2,2.5,0.475,0.494,0.9,1.5,0.62,0.9,3.2,4.1,0.8,0.4,0.2,0.7,1.3,6,,833,10.4,0.518,0.522,0.287,5.6,20.5,12.8,6.6,1.1,1,10.3,15.7,0.2,0.7,0.9,0.052,-2.2,-1.1,-3.4,-0.3,2019
215,Willy Hernangómez,25,CHO,C,31,0,12.1,2.4,4.5,0.532,0.2,0.7,0.227,2.2,3.8,0.59,0.55,1.2,1.9,0.627,1.4,2.9,4.3,0.9,0.3,0.2,1,1,6.1,,375,19.2,0.576,0.158,0.424,12.1,27.5,19.5,13.5,1.3,1.7,15.4,22.9,0.4,0.4,0.8,0.107,0.6,-0.5,0.1,0.2,2019
216,Tyler Herro,20,MIA,SG,55,8,27.4,4.9,11.5,0.428,2.1,5.4,0.389,2.8,6.1,0.462,0.52,1.6,1.8,0.87,0.3,3.8,4.1,2.2,0.6,0.2,1.6,1.4,13.5,,1508,12.5,0.55,0.472,0.158,1.2,14.9,8.3,12.7,1.1,0.6,11.4,22.3,0.2,1.3,1.6,0.05,-0.4,-1.2,-1.6,0.1,2019
217,Kevin Hervey,23,OKC,PF,10,0,5.2,0.7,2.7,0.259,0.3,2,0.15,0.4,0.7,0.571,0.315,0,0,,0.1,1.1,1.2,0.5,0.1,0.1,0,0.4,1.7,,52,5,0.315,0.741,0,2.2,22.7,12.7,13.9,0.9,1.7,0,22.8,-0.2,0.1,-0.1,-0.085,-4,-1.1,-5.1,0,2019
218,Mario Hezonja,24,POR,PF,53,4,16.4,1.7,4.1,0.422,0.5,1.5,0.308,1.3,2.6,0.486,0.477,0.9,1.1,0.814,0.6,2.9,3.5,0.9,0.7,0.2,0.8,2,4.8,,871,9.5,0.525,0.358,0.271,3.6,18.3,11,7.5,2,0.9,14.7,13.9,0.1,0.6,0.8,0.043,-3.1,0.2,-2.9,-0.2,2019
219,Buddy Hield,27,SAC,SG,72,44,30.8,6.9,16.1,0.429,3.8,9.6,0.394,3.2,6.6,0.479,0.545,1.6,1.9,0.846,0.8,3.8,4.6,3,0.9,0.2,2.3,2.3,19.2,,2216,16,0.566,0.592,0.117,2.8,14.1,8.3,15.5,1.4,0.7,12.1,27.2,1.4,1.5,3,0.064,2.5,-1.4,1.1,1.7,2019
220,George Hill,33,MIL,PG,59,2,21.5,3.3,6.4,0.516,1.4,3,0.46,1.9,3.4,0.565,0.624,1.4,1.7,0.842,0.8,2.2,3,3.1,0.8,0.1,1,1.4,9.4,6MOY-4,1271,16.9,0.659,0.468,0.269,4.1,9.3,6.9,19,1.7,0.3,11.9,15.5,3.5,2.1,5.5,0.21,1.6,1.3,2.9,1.6,2019
221,Solomon Hill,28,2TM,PF,59,4,18.4,1.9,4.7,0.396,1.1,2.9,0.368,0.8,1.8,0.439,0.509,0.7,0.9,0.741,0.5,2.3,2.8,1.8,0.7,0.2,0.9,1.4,5.5,,1088,9.8,0.535,0.615,0.194,2.9,13,8.1,12.4,1.9,1,14.5,13.6,0.4,1.1,1.4,0.064,-2,0.3,-1.7,0.1,2019
222,Jaylen Hoard,20,POR,PF,13,0,7.9,1.2,2.5,0.469,0,0.2,0,1.2,2.2,0.517,0.469,0.6,1,0.615,1.1,1.4,2.5,0.3,0.4,0,0.3,0.9,2.9,,103,14.9,0.504,0.094,0.406,14.4,18.1,16.2,5.3,2.3,0,9.6,17.2,0.1,0.1,0.2,0.093,-0.8,-1.3,-2.1,0,2019
223,Aaron Holiday,23,IND,PG,66,33,24.5,3.5,8.5,0.414,1.3,3.3,0.394,2.2,5.2,0.427,0.491,1.1,1.3,0.851,0.3,2,2.4,3.4,0.8,0.2,1.3,1.8,9.5,,1617,11.6,0.521,0.393,0.155,1.5,9,5.3,19.1,1.7,0.9,12.8,18.7,0.4,1.7,2.1,0.063,-1.6,0,-1.6,0.2,2019
224,Jrue Holiday,29,NOP,SG,61,61,34.7,7.5,16.5,0.455,2,5.7,0.353,5.5,10.8,0.509,0.516,2.1,3,0.709,1.3,3.5,4.8,6.7,1.6,0.8,3,2.4,19.1,,2117,17,0.537,0.344,0.181,3.8,10.9,7.3,29.1,2.2,1.9,14.5,24.5,2,1.9,3.9,0.088,1.6,0.2,1.8,2,2019
225,Justin Holiday,30,IND,SF,73,6,25,2.8,6.7,0.428,1.8,4.5,0.405,1,2.1,0.477,0.566,0.7,0.9,0.791,0.4,2.8,3.3,1.3,1.2,0.6,0.6,1.9,8.3,,1826,12.1,0.585,0.681,0.138,1.9,12.2,7.1,6.7,2.3,2.2,7.9,13.4,1.6,2.6,4.2,0.112,-0.5,1.8,1.3,1.5,2019
226,Rondae Hollis-Jefferson,25,TOR,PF,60,6,18.7,2.6,5.5,0.471,0.1,0.4,0.13,2.5,5.1,0.497,0.476,1.8,2.4,0.734,1.8,2.9,4.7,1.8,0.8,0.4,1,1.9,7,,1122,15.1,0.533,0.07,0.435,10.6,15.9,13.3,13.6,2,2,13.1,17.2,1.4,2,3.4,0.146,-1.2,1.5,0.3,0.6,2019
227,Richaun Holmes,26,SAC,C,44,38,28.2,5.1,7.8,0.648,0,0,,5.1,7.8,0.648,0.648,2.1,2.7,0.788,2.9,5.3,8.1,1,0.9,1.3,1.2,3.8,12.3,,1242,19.7,0.681,0,0.343,11.2,21.5,16.2,5.1,1.6,4.3,11.6,15.6,3.4,1.5,4.9,0.19,0.3,0.7,1,0.9,2019
228,Rodney Hood,27,POR,SF,21,21,29.5,4.1,8.2,0.506,1.7,3.4,0.493,2.5,4.8,0.515,0.608,1,1.3,0.778,0.5,3,3.4,1.5,0.8,0.2,0.9,2.2,11,,619,12.2,0.625,0.413,0.157,1.7,10.4,6.1,7,1.3,0.6,9.4,13.9,0.9,0.2,1.1,0.084,-0.4,-0.5,-0.9,0.2,2019
229,Al Horford,33,PHI,C,67,61,30.2,4.8,10.6,0.45,1.5,4.2,0.35,3.3,6.4,0.516,0.52,0.9,1.2,0.763,1.5,5.3,6.8,4,0.8,0.9,1.2,2.1,11.9,,2025,15.7,0.536,0.399,0.113,5.6,19.3,12.4,19.2,1.2,2.6,9.7,17.5,2.8,2.6,5.4,0.128,1.3,1,2.2,2.2,2019
230,Talen Horton-Tucker,19,LAL,SG,6,1,13.5,2.3,5,0.467,0.7,2.2,0.308,1.7,2.8,0.588,0.533,0.3,0.7,0.5,0.3,0.8,1.2,1,1.3,0.2,1,1.7,5.7,,81,12.3,0.535,0.433,0.133,2.7,6.7,4.7,10.5,4.7,1.1,15.9,19.7,0,0.2,0.1,0.07,-4,2,-2.1,0,2019
231,Danuel House Jr.,26,HOU,SF,63,52,30.4,3.7,8.6,0.427,2,5.6,0.363,1.6,2.9,0.549,0.546,1.2,1.4,0.811,0.9,3.3,4.2,1.3,1.1,0.5,0.9,2.1,10.5,,1913,11.3,0.572,0.659,0.167,3.1,11.6,7.3,6.1,1.6,1.5,8.5,13.7,1.9,1.8,3.6,0.091,-0.8,0,-0.7,0.6,2019
232,Dwight Howard,34,LAL,C,69,2,18.9,2.9,4,0.729,0,0.1,0.6,2.9,3.9,0.732,0.735,1.6,3.1,0.514,2.5,4.9,7.3,0.7,0.4,1.1,1.2,3.2,7.5,6MOY-9,1306,18.7,0.696,0.018,0.773,14.6,27.8,21.2,4.8,1.1,5.4,18.5,14.7,2.8,2.6,5.4,0.197,-1,1.2,0.2,0.7,2019
233,William Howard,26,HOU,PF,2,0,6.5,0,2,0,0,2,0,0,0,,0,0,0,,0,1,1,0.5,0,0,0.5,0.5,0,,13,-12.7,0,1,0,0,16.3,8.1,9.1,0,0,20,15.9,-0.1,0,-0.1,-0.357,-14.2,-5.4,-19.6,-0.1,2019
234,Kevin Huerter,21,ATL,SG,56,48,31.4,4.5,10.9,0.413,2.3,6,0.38,2.2,4.9,0.453,0.517,0.9,1.1,0.828,0.6,3.4,4.1,3.8,0.9,0.5,1.6,2.5,12.2,,1760,11.5,0.536,0.548,0.105,2.1,12,7,17.5,1.4,1.3,12,17.1,1,0.6,1.6,0.043,-0.7,-0.9,-1.6,0.2,2019
235,De'Andre Hunter,22,ATL,SF,63,62,32,4.4,10.8,0.41,1.7,4.8,0.355,2.7,6,0.454,0.489,1.7,2.3,0.764,0.7,3.8,4.5,1.8,0.7,0.3,1.6,2.9,12.3,,2018,8.6,0.521,0.445,0.211,2.3,13.1,7.6,8,1,0.7,12.1,17.5,-0.4,0.5,0.1,0.002,-2.9,-1.8,-4.7,-1.4,2019
236,Chandler Hutchison,23,CHI,SF,28,10,18.8,2.9,6.3,0.457,0.4,1.4,0.316,2.4,4.9,0.496,0.491,1.6,2.8,0.59,0.6,3.2,3.9,0.9,1,0.3,1,1.7,7.8,,527,12.4,0.521,0.217,0.446,3.6,19.8,11.3,7.4,2.5,1.3,11.4,19.1,0,0.7,0.7,0.06,-2.7,0.1,-2.6,-0.1,2019
237,Serge Ibaka,30,TOR,C,55,27,27,6.2,12.2,0.512,1.3,3.3,0.385,5,8.9,0.559,0.564,1.6,2.3,0.718,2.1,6.1,8.2,1.4,0.5,0.8,2,2.8,15.4,,1485,17.3,0.583,0.272,0.185,8.3,23.5,16.1,8.6,0.9,3,13.1,24,1.2,2.7,3.9,0.126,0.1,0,0.1,0.8,2019
238,Andre Iguodala,36,MIA,SF,21,0,19.9,1.8,4.2,0.432,0.7,2.2,0.298,1.1,2,0.585,0.511,0.3,0.7,0.4,0.8,2.9,3.7,2.4,0.7,1,1.2,1.7,4.6,,418,10.5,0.507,0.534,0.17,4.7,15.7,10.4,16.9,1.6,5,21.6,12.7,0,0.6,0.6,0.065,-1.9,1.4,-0.5,0.2,2019
239,Ersan İlyasova,32,MIL,PF,63,8,15.7,2.3,5,0.466,0.8,2.2,0.365,1.5,2.8,0.545,0.546,1.1,1.4,0.828,1,3.8,4.8,0.8,0.4,0.3,0.5,1.5,6.6,,986,14.9,0.589,0.438,0.278,6.6,22.7,15.1,6.6,1.1,1.5,8.8,16.1,1.6,2,3.6,0.174,-0.3,0.8,0.4,0.6,2019
240,Joe Ingles,32,UTA,PF,72,45,29.7,3.4,7.7,0.445,2,4.9,0.399,1.5,2.8,0.525,0.572,1,1.3,0.787,0.4,3.5,3.9,5.2,0.9,0.2,2,2.1,9.8,,2137,12.6,0.595,0.638,0.17,1.4,12.5,7.2,24.4,1.5,0.4,19.3,15.1,2.7,2.1,4.8,0.108,0.1,0.7,0.7,1.5,2019
241,Brandon Ingram,22,NOP,PF,62,62,33.9,8.2,17.7,0.463,2.4,6.2,0.391,5.8,11.5,0.501,0.531,5,5.9,0.851,0.8,5.3,6.1,4.2,1,0.6,3,2.9,23.8,"MIP-1,AS",2104,18.8,0.587,0.35,0.336,2.6,16.6,9.6,19.3,1.3,1.5,13.1,28.1,3.3,1.8,5.1,0.115,2.5,-0.4,2.1,2.2,2019
242,Kyrie Irving,27,BRK,PG,20,20,32.9,10,20.8,0.478,2.8,7.1,0.394,7.2,13.7,0.522,0.546,4.7,5.1,0.922,1.1,4.1,5.2,6.4,1.4,0.5,2.6,2.7,27.4,,658,26.2,0.595,0.341,0.245,3.5,12.5,8.1,36.7,1.9,1.3,10.1,32.6,2.1,0.8,2.9,0.21,6.7,0.9,7.7,1.6,2019
243,Jonathan Isaac,22,ORL,PF,34,32,28.8,4.6,9.8,0.47,0.9,2.8,0.34,3.6,7,0.521,0.518,1.8,2.3,0.779,1.7,5.1,6.8,1.4,1.6,2.3,1.4,2.4,11.9,,980,17.3,0.552,0.283,0.232,6.2,19.6,12.7,7.4,2.6,7.2,11.8,18.3,0.6,1.9,2.5,0.12,-0.6,2.9,2.3,1.1,2019
244,Wes Iwundu,25,ORL,SF,52,21,18.3,1.9,4.5,0.416,0.5,1.6,0.341,1.3,2.9,0.457,0.476,1.5,1.9,0.804,0.5,2.1,2.5,1.2,0.5,0.3,0.5,1.5,5.8,,953,10.3,0.544,0.352,0.416,2.6,12.5,7.4,8.8,1.3,1.2,8.6,13.7,0.8,0.8,1.7,0.084,-2.7,0,-2.6,-0.2,2019
245,Frank Jackson,21,NOP,PG,59,2,13.5,2.3,5.6,0.405,0.8,2.4,0.326,1.5,3.2,0.465,0.476,0.9,1.3,0.747,0.4,1,1.4,1,0.3,0.1,0.8,1.3,6.3,,797,9.1,0.51,0.435,0.227,2.9,8.1,5.5,10.8,1,0.4,11.9,21.2,-0.2,0.3,0.2,0.01,-3.3,-2.2,-5.5,-0.7,2019
246,Jaren Jackson Jr.,20,MEM,C,57,57,28.5,6.2,13.2,0.469,2.5,6.5,0.394,3.6,6.8,0.54,0.565,2.4,3.3,0.747,1,3.6,4.6,1.4,0.7,1.6,1.7,4.1,17.4,,1622,16.3,0.593,0.489,0.247,3.6,13.2,8.5,7.2,1.2,5,10.6,24,1.6,1.8,3.5,0.103,0.3,0.1,0.4,1,2019
247,Josh Jackson,22,MEM,SF,22,0,17.3,3.2,7.2,0.44,1,3.3,0.319,2.1,4,0.54,0.513,1.6,2.3,0.7,0.5,2.5,3,1.6,0.8,0.4,1.3,1.8,9,,381,14.1,0.547,0.453,0.314,3.1,14.9,9.1,13.1,2.2,2.1,13.4,22.8,0.1,0.5,0.5,0.069,-1,1.1,0.1,0.2,2019
248,Justin Jackson,24,DAL,PF,65,3,16.1,2.1,5.2,0.396,0.7,2.5,0.294,1.3,2.7,0.489,0.466,0.6,0.8,0.84,0.4,2,2.4,0.8,0.2,0.2,0.2,1.1,5.5,,1045,9.5,0.496,0.478,0.147,2.7,12.6,7.7,6.8,0.7,0.8,3.7,15.4,0.6,0.6,1.2,0.054,-2.1,-1.3,-3.4,-0.4,2019
249,Reggie Jackson,29,2TM,PG,31,16,24,4.3,10.5,0.411,1.8,4.7,0.393,2.5,5.8,0.425,0.498,1.5,1.7,0.833,0.5,2.4,3,4.1,0.4,0.2,1.6,1.9,11.9,,743,13.7,0.529,0.445,0.166,2.5,10.8,6.7,26.2,0.8,0.6,12.7,23.1,0.6,0.5,1.1,0.073,0.8,-1.2,-0.4,0.3,2019
250,Justin James,23,SAC,SF,36,0,6.4,1,2.3,0.417,0.3,0.8,0.31,0.7,1.5,0.473,0.47,0.3,0.6,0.476,0.2,0.7,0.9,0.5,0.2,0.3,0.2,0.5,2.5,,232,11,0.477,0.345,0.25,2.8,12.9,7.8,11.2,1.3,3.7,7.9,18.9,-0.1,0.2,0.1,0.028,-1.4,0,-1.4,0,2019
251,LeBron James,35,LAL,PG,67,67,34.6,9.6,19.4,0.493,2.2,6.3,0.348,7.4,13.1,0.564,0.55,3.9,5.7,0.693,1,6.9,7.8,10.2,1.2,0.5,3.9,1.8,25.3,"MVP-2,AS,NBA1",2316,25.5,0.577,0.326,0.292,3.2,21.5,12.4,49.1,1.6,1.4,15.1,31.5,6.2,3.6,9.8,0.204,6.6,1.8,8.4,6.1,2019
252,Amile Jefferson,26,ORL,PF,18,0,4.1,0.3,0.8,0.357,0,0,,0.3,0.8,0.357,0.357,0.3,0.8,0.357,0.6,0.7,1.3,0.2,0.1,0.2,0.2,0.4,0.8,,74,8.9,0.372,0,1,14.1,19.5,16.7,7.2,0.7,3.7,13,13.5,0,0.1,0,0.023,-4.8,-1,-5.8,-0.1,2019
253,DaQuan Jeffries,22,SAC,SG,13,0,10.8,1.5,3.1,0.5,0.4,1.4,0.278,1.2,1.7,0.682,0.563,0.4,0.5,0.833,0.2,1.2,1.4,0.5,0.3,0.1,0.2,1.5,3.8,,141,11.2,0.586,0.45,0.15,2.3,12.3,7.2,7.1,1.4,0.7,4.5,13.7,0.2,0.1,0.3,0.1,-2.8,-1.1,-3.8,-0.1,2019
254,Ty Jerome,22,PHO,SG,31,0,10.6,1.2,3.6,0.336,0.5,1.6,0.28,0.8,2,0.381,0.398,0.4,0.5,0.75,0.2,1.3,1.5,1.4,0.5,0.1,0.6,0.9,3.3,,328,7.9,0.425,0.442,0.142,2.3,13.4,7.8,18.2,2.2,0.8,13,17.9,-0.3,0.3,0,-0.003,-3.9,0.1,-3.7,-0.1,2019
255,Alize Johnson,23,IND,PF,17,1,6.9,0.7,1.7,0.414,0.2,0.5,0.375,0.5,1.2,0.429,0.466,0.4,0.6,0.7,0.9,1.9,2.8,0.4,0.2,0.1,0.4,0.7,2,,118,13.3,0.509,0.276,0.345,15,29.4,22.3,7.7,1.2,1.5,17.3,15,0.1,0.2,0.3,0.111,-1.8,0.2,-1.6,0,2019
256,B.J. Johnson,24,ORL,SF,10,0,8.3,0.9,3.2,0.281,0.3,0.9,0.333,0.6,2.3,0.261,0.328,0.9,1,0.9,0.3,1.2,1.5,0.3,0.3,0,0.6,0.3,3,,83,5.4,0.412,0.281,0.313,3.8,16.1,9.7,5.1,1.8,0,14.2,22.1,-0.2,0.1,-0.1,-0.074,-5.8,-3.2,-9,-0.1,2019
257,Cameron Johnson,23,PHO,PF,57,9,22,3.1,7.1,0.435,1.9,4.8,0.39,1.2,2.3,0.526,0.565,0.8,1,0.807,0.9,2.4,3.3,1.2,0.6,0.4,0.6,1.5,8.8,,1255,12.9,0.586,0.672,0.141,4.3,12.4,8.3,7.7,1.4,1.4,6.9,15.7,1.7,1,2.7,0.102,0.8,-0.4,0.3,0.7,2019
258,James Johnson,32,2TM,PF,32,1,19.3,3.2,6.7,0.479,1,2.8,0.363,2.2,3.9,0.565,0.556,1,1.5,0.646,0.8,2.9,3.7,2.3,0.8,1,1.5,2.5,8.4,,619,14.8,0.572,0.423,0.223,4.3,16.3,10.3,18.4,1.9,4.6,16.9,19.4,0.3,0.8,1.1,0.089,-1.1,1.2,0,0.3,2019
259,Keldon Johnson,20,SAS,SF,17,1,17.7,3.1,5.2,0.596,0.8,1.3,0.591,2.4,3.9,0.597,0.669,2.1,2.6,0.795,0.6,2.8,3.4,0.9,0.8,0.1,0.8,1.6,9.1,,301,19.1,0.711,0.247,0.494,3.6,16.8,10.2,7.2,2.2,0.6,10.7,17.4,0.8,0.2,1.1,0.174,1.5,0,1.5,0.3,2019
260,Stanley Johnson,23,TOR,PF,25,0,6,0.9,2.4,0.373,0.3,1,0.292,0.6,1.4,0.429,0.432,0.4,0.6,0.563,0.3,1.2,1.5,0.8,0.2,0.2,0.6,0.6,2.4,,150,9.9,0.454,0.407,0.271,5,20.6,13,19.4,1.9,2.6,18.5,23.1,-0.3,0.3,0,0.014,-3.9,1.4,-2.5,0,2019
261,Tyler Johnson,27,2TM,SG,39,7,18.2,2.5,6.4,0.388,1,3.1,0.319,1.5,3.4,0.45,0.464,1.1,1.3,0.84,0.5,1.5,1.9,1.9,0.4,0.2,0.7,1.5,7,,709,10.1,0.504,0.476,0.2,2.7,8.9,5.8,14.8,1.1,1.1,9.6,18,0.3,0.5,0.7,0.05,-2,-0.9,-2.9,-0.2,2019
262,Nikola Jokić,24,DEN,C,73,73,32,7.7,14.7,0.528,1.1,3.5,0.314,6.6,11.2,0.594,0.565,3.4,4.1,0.817,2.3,7.5,9.7,7,1.2,0.6,3.1,3,19.9,"MVP-9,AS,NBA2",2336,24.9,0.605,0.238,0.281,8,26.1,17.1,35.2,1.8,1.7,15.8,26.6,6.7,3.1,9.8,0.202,5.5,2,7.4,5.5,2019
263,Damian Jones,24,ATL,C,55,27,16.1,2.2,3.2,0.68,0,0.2,0.222,2.2,3.1,0.704,0.685,1.1,1.5,0.738,1.3,2.4,3.7,0.6,0.5,0.7,0.5,2.7,5.6,,887,15.6,0.712,0.051,0.472,8.9,16.2,12.5,5.6,1.4,3.8,11.5,11.4,2.2,0.6,2.8,0.152,-1.6,0.1,-1.5,0.1,2019
264,Derrick Jones Jr.,22,MIA,SF,59,16,23.3,3.1,5.9,0.527,0.6,2.2,0.28,2.5,3.7,0.677,0.58,1.6,2.1,0.772,1.1,2.8,3.9,1.1,1,0.6,0.5,2.2,8.5,,1375,14.9,0.62,0.378,0.352,5.6,13.1,9.5,6.7,2.1,2.7,6.9,13.9,2.6,1.8,4.4,0.153,-0.3,1.1,0.7,1,2019
265,Tyus Jones,23,MEM,PG,65,6,19,3,6.6,0.459,0.7,1.9,0.379,2.3,4.7,0.492,0.514,0.7,0.9,0.741,0.1,1.4,1.6,4.4,0.9,0.1,0.8,0.7,7.4,,1232,15.7,0.532,0.289,0.135,0.8,7.9,4.4,32,2.2,0.4,10.8,17.2,1.9,1.1,3,0.117,0.4,0.2,0.6,0.8,2019
266,DeAndre Jordan,31,BRK,C,56,6,22,3.4,5.1,0.666,0,0,,3.4,5.1,0.666,0.666,1.5,2.2,0.68,2.5,7.5,10,1.9,0.3,0.9,1.3,2,8.3,,1234,19.9,0.682,0,0.425,12.1,34.5,23.5,12.6,0.7,3.5,17.8,14.1,3,2.2,5.2,0.2,1.2,1.8,3,1.5,2019
267,Cory Joseph,28,SAC,PG,72,26,24.4,2.4,5.7,0.415,0.8,2.2,0.352,1.6,3.5,0.455,0.483,0.8,1,0.857,0.6,2,2.6,3.5,0.7,0.3,1.1,1.8,6.4,,1759,10.1,0.517,0.386,0.17,2.7,9.4,6,19.1,1.5,1.1,15.3,12.9,1.2,1.1,2.3,0.062,-2.1,0.1,-2,0,2019
268,Mfiondu Kabengele,22,LAC,C,12,0,5.3,1.2,2.7,0.438,0.8,1.7,0.45,0.4,1,0.417,0.578,0.4,0.4,1,0.1,0.8,0.9,0.2,0.2,0.2,0.2,0.8,3.5,,64,18.2,0.614,0.625,0.156,1.7,15.8,8.9,4.9,1.5,2.8,5.5,23.7,0.1,0.1,0.2,0.173,2.3,-0.1,2.2,0.1,2019
269,Frank Kaminsky,26,PHO,C,39,13,19.9,3.5,7.9,0.45,1.1,3.2,0.331,2.5,4.7,0.53,0.516,1.6,2.3,0.678,0.9,3.6,4.5,1.9,0.4,0.3,0.9,1.9,9.7,,777,14.2,0.545,0.404,0.293,4.9,20.4,12.6,14.3,0.9,1.1,9.6,21,0.7,0.7,1.4,0.087,-0.1,-0.4,-0.5,0.3,2019
270,Luke Kennard,23,DET,SG,28,25,32.9,5.4,12.2,0.442,2.6,6.5,0.399,2.8,5.7,0.491,0.548,2.4,2.7,0.893,0.3,3.2,3.5,4.1,0.4,0.2,1.5,2.3,15.8,,922,14.4,0.589,0.535,0.219,1.1,11.1,6,19.2,0.6,0.5,10.3,19.8,1.6,0.3,1.9,0.1,1.1,-1.4,-0.3,0.4,2019
271,Stanton Kidd,27,UTA,SG,4,0,3.8,0,0.8,0,0,0.3,0,0,0.5,0,0,0,0,,0,0.8,0.8,0.3,0,0,0.5,0.8,0,,15,-13.7,0,0.333,0,0,21.3,11,8,0,0,40,14.6,-0.1,0,-0.1,-0.327,-16.2,-1.4,-17.6,-0.1,2019
272,Michael Kidd-Gilchrist,26,2TM,PF,25,0,11.2,0.9,2.6,0.333,0.2,0.8,0.25,0.7,1.8,0.37,0.371,0.4,0.6,0.786,0.6,2.1,2.7,0.6,0.1,0.2,0.6,1.5,2.4,,281,4.2,0.416,0.303,0.212,5.3,20.4,12.8,7.1,0.3,1.9,18.1,13.7,-0.4,0.2,-0.2,-0.03,-6.3,-1.1,-7.4,-0.4,2019
273,Louis King,20,DET,SF,10,0,6.2,0.8,2.1,0.381,0.4,1.1,0.364,0.4,1,0.4,0.476,0,0.3,0,0.1,0.9,1,0.5,0.2,0,0.2,1,2,,62,6.2,0.448,0.524,0.143,1.8,16.7,9.2,11.8,1.6,0,8.2,17.1,-0.1,0,0,-0.007,-5.1,-1.1,-6.2,-0.1,2019
274,Maxi Kleber,28,DAL,PF,74,21,25.5,3.2,6.9,0.461,1.6,4.3,0.373,1.6,2.6,0.605,0.577,1.1,1.3,0.849,1.5,3.7,5.2,1.2,0.3,1.1,0.8,2.4,9.1,,1890,13.6,0.605,0.621,0.181,6.3,15.1,10.8,6.3,0.6,3.8,9.5,13.9,3.2,1.7,4.8,0.123,0.4,0,0.4,1.1,2019
275,Brandon Knight,28,2TM,SG,25,3,18.5,2.4,6.7,0.353,1.8,5.2,0.344,0.6,1.4,0.389,0.488,0.8,1.4,0.588,0.2,1.5,1.6,2.8,0.4,0.1,1.5,1.6,7.3,,462,8.5,0.503,0.784,0.204,1,9.1,5,21.6,1.1,0.6,17.3,20.6,-0.2,0.1,-0.1,-0.01,-1.8,-2.6,-4.4,-0.3,2019
276,Kevin Knox,20,NYK,SF,65,4,17.9,2.2,6.2,0.359,1,3.1,0.327,1.2,3.1,0.391,0.44,1,1.6,0.653,0.4,2.4,2.8,0.9,0.4,0.4,0.7,1.6,6.4,,1166,8.3,0.47,0.496,0.252,2.5,14.7,8.4,7.4,1,2.3,9.2,17.8,-0.5,0.7,0.2,0.007,-3.1,-1.1,-4.2,-0.7,2019
277,John Konchar,23,MEM,SG,19,0,9.5,1.3,1.9,0.649,0.3,0.5,0.5,1,1.4,0.704,0.716,0.1,0.1,0.5,0.9,1.5,2.5,1.2,0.4,0.2,0.4,0.4,2.8,,181,18,0.713,0.27,0.054,10.7,16.6,13.7,16.2,1.8,1.5,15.6,10.3,0.5,0.2,0.7,0.182,2.5,2,4.5,0.3,2019
278,Furkan Korkmaz,22,PHI,SG,72,12,21.7,3.4,7.8,0.43,2,4.9,0.402,1.4,2.9,0.478,0.557,1.1,1.4,0.755,0.3,2.1,2.3,1.1,0.6,0.2,0.8,1.4,9.8,,1559,12,0.579,0.632,0.181,1.3,10.6,6,7.3,1.3,0.9,8.8,18.4,1.4,1.4,2.8,0.085,-0.4,-1,-1.3,0.3,2019
279,Luke Kornet,24,CHI,C,36,14,15.5,2.3,5.2,0.439,0.9,3,0.287,1.4,2.2,0.646,0.521,0.6,0.8,0.714,0.6,1.7,2.3,0.9,0.3,0.7,0.4,1.5,6,,559,12.7,0.539,0.578,0.15,4.1,12.9,8.3,8.5,0.9,4.4,6.6,16.3,0.5,0.6,1.1,0.091,-0.9,-0.2,-1.2,0.1,2019
280,Kyle Korver,38,MIL,SF,58,1,16.6,2.2,5.1,0.43,1.7,4.1,0.418,0.5,1,0.482,0.599,0.6,0.7,0.854,0.3,1.8,2.1,1.2,0.4,0.2,0.8,1.3,6.7,,960,11.3,0.62,0.809,0.14,1.6,10.4,6.3,9.2,1.2,1.1,13.4,15.4,0.9,1.5,2.5,0.124,-0.6,0.7,0.1,0.5,2019
281,Rodions Kurucs,21,BRK,PF,47,9,14.6,1.7,3.8,0.446,0.7,1.9,0.367,1,1.9,0.529,0.54,0.5,0.8,0.632,0.5,2.4,2.9,1.1,0.5,0.1,1,1.9,4.6,,684,8.9,0.555,0.508,0.215,3.9,16.6,10.4,10.4,1.7,0.6,19.2,14.7,-0.1,0.8,0.8,0.055,-3.6,0.9,-2.8,-0.1,2019
282,Kyle Kuzma,24,LAL,PF,61,9,25,4.8,11,0.436,1.4,4.5,0.316,3.4,6.5,0.518,0.5,1.9,2.5,0.735,0.9,3.6,4.5,1.3,0.5,0.4,1.5,2.1,12.8,,1526,12.2,0.531,0.407,0.232,3.8,15.7,9.8,7.6,0.9,1.5,11,22.9,0.1,1.9,2,0.063,-1.6,-1,-2.6,-0.2,2019
283,Skal Labissière,23,POR,C,33,1,17.2,2.5,4.5,0.551,0.1,0.4,0.231,2.4,4.1,0.582,0.561,0.8,1,0.758,2,3.2,5.1,1.3,0.2,0.9,0.9,2.7,5.8,,567,15.4,0.588,0.088,0.224,12.1,19,15.6,10.1,0.6,4.7,15.7,14.3,1,0.4,1.4,0.119,-1.5,0.2,-1.3,0.1,2019
284,Jeremy Lamb,27,IND,SG,46,42,28.1,4.7,10.4,0.451,1.2,3.4,0.335,3.5,7,0.508,0.506,2,2.4,0.836,0.5,3.8,4.3,2.1,1.2,0.5,1.1,2.3,12.5,,1291,14,0.547,0.33,0.23,2.1,14.8,8.5,10.5,2.1,1.5,8.7,19.6,0.9,1.8,2.7,0.099,-1.1,0.8,-0.4,0.5,2019
285,Romeo Langford,20,BOS,SG,32,2,11.6,0.9,2.5,0.35,0.2,0.8,0.185,0.7,1.7,0.434,0.381,0.6,0.8,0.72,0.5,0.8,1.3,0.4,0.3,0.3,0.3,1,2.5,,370,5.4,0.434,0.338,0.313,4.4,7.4,5.9,4.5,1,2,10.8,11.8,-0.2,0.4,0.2,0.025,-4.7,-0.3,-4.9,-0.3,2019
286,Zach LaVine,24,CHI,SF,60,60,34.8,9,20,0.45,3.1,8.1,0.38,5.9,11.9,0.497,0.526,4.5,5.6,0.802,0.7,4.1,4.8,4.2,1.5,0.5,3.4,2.2,25.5,,2085,19.4,0.568,0.404,0.279,2.1,13.8,7.7,21.7,2,1.3,13.3,31.7,1.8,2.2,4,0.091,3.3,-0.8,2.5,2.4,2019
287,Vic Law,24,ORL,PF,8,0,7.8,0.8,2.3,0.333,0.1,0.9,0.143,0.6,1.4,0.455,0.361,0.3,0.8,0.333,0.3,1.1,1.4,0.4,0.3,0,0.3,0.8,1.9,,62,3.7,0.363,0.389,0.333,3.4,16.2,9.6,6.7,1.6,0,8.8,15.8,-0.1,0.1,-0.1,-0.052,-7,-2.6,-9.6,-0.1,2019
288,Jake Layman,25,MIN,SF,23,2,22,3.5,7.8,0.453,1,3.1,0.333,2.5,4.7,0.533,0.52,1,1.4,0.75,0.7,1.7,2.5,0.7,0.7,0.4,1,2,9.1,,505,10.3,0.544,0.402,0.179,3.4,8.7,6,4.4,1.6,1.6,11.1,17.7,0,0.3,0.3,0.03,-2.8,-0.9,-3.7,-0.2,2019
289,T.J. Leaf,22,IND,PF,28,1,7.9,1.3,3.1,0.419,0.2,0.6,0.278,1.1,2.4,0.456,0.448,0.3,0.6,0.438,0.8,1.7,2.5,0.3,0.4,0.1,0.3,0.8,3,,222,12.9,0.451,0.209,0.186,11.5,23.5,17.5,5.7,2.2,1.6,7.9,20,-0.1,0.4,0.3,0.061,-2.5,0.1,-2.4,0,2019
290,Jalen Lecque,19,PHO,SG,5,0,6.4,0.8,2,0.4,0,0.8,0,0.8,1.2,0.667,0.4,0.4,0.4,1,0,0.4,0.4,0.4,0,0,0.4,0.6,2,,32,2.7,0.46,0.4,0.2,0,7,3.5,8.6,0,0,15.5,17.1,0,0,0,-0.065,-6.6,-2.9,-9.5,-0.1,2019
291,Courtney Lee,34,DAL,SG,24,9,14.4,1.7,3.4,0.488,0.9,2,0.447,0.8,1.5,0.543,0.616,0.3,0.3,0.857,0.3,1,1.3,0.5,0.8,0.3,0.5,1.4,4.5,,345,10.8,0.629,0.573,0.085,2.2,7.5,4.9,4.7,2.5,1.5,11.4,11.9,0.3,0.3,0.7,0.092,-2.1,1.5,-0.6,0.1,2019
292,Damion Lee,27,GSW,SG,49,36,29,4.3,10.4,0.417,1.7,4.9,0.356,2.6,5.6,0.471,0.5,2.2,2.6,0.873,0.7,4.2,4.9,2.7,1,0.1,1.4,2.4,12.7,,1423,12.7,0.548,0.468,0.247,2.4,16.3,9.1,14.4,1.7,0.4,10.6,19,0.9,0.8,1.7,0.058,-1.5,-0.8,-2.3,-0.1,2019
293,Alex Len,26,2TM,C,55,12,17.6,3.2,5.8,0.555,0.3,1.1,0.271,2.9,4.7,0.619,0.58,1.2,1.9,0.648,1.8,4,5.8,0.9,0.4,0.9,1,2.3,8,,970,17.7,0.6,0.185,0.329,11.1,25.2,18,7.9,1.1,4.3,13.1,18.1,1.5,1,2.5,0.122,-0.5,-0.3,-0.7,0.3,2019
294,Kawhi Leonard,28,LAC,SF,57,57,32.4,9.3,19.9,0.47,2.2,5.7,0.378,7.2,14.2,0.506,0.524,6.2,7.1,0.886,0.9,6.1,7.1,4.9,1.8,0.6,2.6,2,27.1,"MVP-5,DPOY-8,AS,NBA2,DEF2",1848,26.9,0.589,0.287,0.355,3.1,19.1,11.3,26.4,2.6,1.6,10.2,33,5.4,3.3,8.7,0.226,6.5,2.4,8.9,5.1,2019
295,Meyers Leonard,27,MIA,C,51,49,20.3,2.3,4.6,0.509,1,2.5,0.414,1.3,2.1,0.623,0.622,0.4,0.5,0.643,0.6,4.5,5.1,1.1,0.3,0.3,0.8,2.1,6.1,,1034,10.6,0.627,0.547,0.12,3.4,24,14.1,7.6,0.7,1.4,13.7,12.2,0.9,1.2,2.1,0.096,-1.3,0.4,-0.9,0.3,2019
296,Caris LeVert,25,BRK,SG,45,31,29.6,6.9,16.3,0.425,1.8,4.9,0.364,5.1,11.4,0.451,0.48,3.1,4.4,0.711,1.1,3.1,4.2,4.4,1.2,0.2,2.6,1.8,18.7,,1330,16.1,0.514,0.301,0.269,3.9,10.7,7.4,25,1.9,0.6,12.6,29.5,0.1,1.4,1.5,0.055,0.6,-0.9,-0.3,0.5,2019
297,Damian Lillard,29,POR,PG,66,66,37.5,9.5,20.4,0.463,4.1,10.2,0.401,5.4,10.2,0.524,0.563,7,7.8,0.888,0.5,3.8,4.3,8,1.1,0.3,2.9,1.7,30,"MVP-8,AS,NBA2",2474,26.9,0.627,0.5,0.384,1.4,10.5,6,34.4,1.3,0.8,11,30.3,10.9,0.7,11.6,0.225,8.3,-0.9,7.5,5.9,2019
298,Nassir Little,19,POR,PF,48,5,11.9,1.4,3.1,0.43,0.3,1.2,0.237,1.1,1.9,0.554,0.477,0.6,0.9,0.636,0.6,1.6,2.3,0.5,0.3,0.3,0.3,1.5,3.6,,573,9.6,0.505,0.391,0.291,5.7,13.9,9.9,5,1.1,2.1,8.1,13.7,0.3,0.3,0.6,0.047,-2.9,-0.6,-3.5,-0.2,2019
299,Kevon Looney,23,GSW,C,20,4,13.1,1.5,4,0.367,0.1,0.7,0.071,1.4,3.3,0.431,0.373,0.5,0.6,0.75,1.4,1.9,3.3,1,0.6,0.3,0.6,1.7,3.4,,262,9.4,0.403,0.177,0.152,11.2,16.3,13.6,11.1,2.2,2.1,12.5,15.7,-0.2,0.2,0,0.006,-4.8,-0.8,-5.6,-0.2,2019
300,Brook Lopez,31,MIL,C,68,67,26.7,4.3,9.9,0.435,1.5,4.8,0.314,2.8,5.1,0.549,0.511,1.9,2.2,0.836,0.9,3.7,4.6,1.5,0.7,2.4,1,2.4,12,"DPOY-10,DEF2",1817,15,0.551,0.484,0.227,3.4,13,8.5,7.4,1.2,7.9,8.7,18.3,1.4,4.1,5.5,0.145,-0.4,2.5,2,1.9,2019
301,Robin Lopez,31,MIL,C,66,5,14.5,2.2,4.5,0.492,0.5,1.6,0.333,1.7,2.9,0.577,0.55,0.4,0.8,0.528,0.8,1.6,2.4,0.7,0.2,0.7,1,1.5,5.4,,958,10.2,0.554,0.351,0.177,6.2,10.2,8.3,6.3,0.5,4.1,16.4,16.6,-0.1,1.6,1.5,0.077,-3,0.4,-2.6,-0.2,2019
302,Kevin Love,31,CLE,PF,56,56,31.8,5.8,13,0.45,2.6,7,0.374,3.2,6,0.537,0.55,3.3,3.9,0.854,1,8.8,9.8,3.2,0.6,0.3,2.5,1.6,17.6,,1780,17.9,0.599,0.536,0.301,3.3,31.1,17.1,15.4,0.9,0.9,14.5,23.1,2.5,1.3,3.8,0.101,2.6,-0.5,2,1.8,2019
303,Kyle Lowry,33,TOR,PG,58,58,36.2,5.8,13.8,0.416,2.8,8,0.352,2.9,5.8,0.504,0.518,5.1,5.9,0.857,0.6,4.5,5,7.5,1.4,0.4,3.1,3.3,19.4,AS,2098,17.7,0.59,0.58,0.427,1.6,12.8,7.3,30.6,1.9,1.2,15.7,23.1,4.2,3.3,7.5,0.171,2.2,1,3.2,2.8,2019
304,Timothé Luwawu-Cabarrot,24,BRK,SF,47,2,18.1,2.5,5.7,0.435,1.3,3.4,0.388,1.2,2.3,0.505,0.55,1.5,1.7,0.852,0.6,2.1,2.7,0.6,0.4,0.1,0.8,2.3,7.8,,853,11,0.599,0.595,0.301,3.6,11.6,7.7,4.9,1,0.7,10.8,16.8,0.9,0.7,1.7,0.095,-1.8,-0.5,-2.2,-0.1,2019
305,Trey Lyles,24,SAS,PF,63,53,20.2,2.4,5.4,0.446,1,2.7,0.387,1.4,2.8,0.503,0.541,0.5,0.7,0.733,1.1,4.6,5.7,1.1,0.4,0.4,0.6,1.6,6.4,,1271,12.6,0.557,0.49,0.131,6,24.6,15.3,7.2,1.1,1.9,9.7,13.6,1.2,1,2.2,0.083,-0.5,-0.7,-1.2,0.3,2019
306,Daryl Macon,24,MIA,PG,4,0,3.5,0.3,0.8,0.333,0.3,0.5,0.5,0,0.3,0,0.5,0,0,,0,0,0,0.3,0,0,0.5,0.3,0.8,,14,-3.1,0.5,0.667,0,0,0,0,9.7,0,0,40,15.7,0,0,0,-0.161,-7.3,-4.8,-12,0,2019
307,J.P. Macura,24,CLE,SG,1,0,1,0,0,,0,0,,0,0,,,0,0,,0,0,0,0,0,0,0,0,0,,1,0,,,,0,0,0,0,0,0,,0,0,0,0,-0.022,-5.2,-1.2,-6.4,0,2019
308,Josh Magette,30,ORL,PG,8,0,4.8,0.6,1.9,0.333,0.1,0.5,0.25,0.5,1.4,0.364,0.367,0.1,0.3,0.5,0.1,0.6,0.8,0.6,0.4,0.1,0.6,0.5,1.5,,38,5.1,0.378,0.267,0.133,2.7,14.6,8.5,19.2,3.8,2.4,23.9,23.7,-0.2,0.1,-0.1,-0.127,-7.9,1.6,-6.2,0,2019
309,Ian Mahinmi,33,WAS,C,38,35,21.3,2.7,5.5,0.495,0.1,0.7,0.192,2.6,4.8,0.538,0.507,1.8,3,0.619,2.1,3.7,5.7,1.3,0.8,1.2,1.2,3,7.4,,808,14.2,0.545,0.124,0.538,10.1,19.7,14.7,8.3,1.8,4.8,14.8,15.7,0.7,0.7,1.4,0.083,-2.8,0,-2.7,-0.2,2019
310,Thon Maker,22,DET,C,60,14,12.9,1.6,3.2,0.482,0.4,1.1,0.344,1.2,2.2,0.55,0.539,1.2,1.8,0.664,0.9,1.9,2.8,0.7,0.4,0.7,0.8,1.7,4.7,,776,13.7,0.582,0.332,0.57,7.8,16.7,12.2,8,1.6,4.2,15.7,16.1,0.7,0.8,1.5,0.096,-2.1,0.7,-1.4,0.1,2019
311,Terance Mann,23,LAC,SF,41,6,8.8,0.9,1.9,0.468,0.2,0.5,0.35,0.7,1.4,0.508,0.513,0.4,0.7,0.667,0.2,1.1,1.3,1.3,0.3,0.1,0.4,1.1,2.4,,362,10.6,0.545,0.253,0.342,2.9,12.6,7.9,19.3,1.4,1.2,16.5,12.6,0.4,0.4,0.8,0.106,-2.7,1.2,-1.5,0,2019
312,Boban Marjanović,31,DAL,C,44,5,9.6,2.8,4.8,0.573,0.1,0.4,0.235,2.7,4.4,0.603,0.583,1,1.3,0.754,1.5,3,4.5,0.5,0.2,0.2,0.7,1.3,6.6,,422,25.7,0.612,0.081,0.27,16.6,32.1,24.5,8.3,0.9,2,11.3,26.9,1.2,0.6,1.8,0.2,2.8,-1.6,1.2,0.3,2019
313,Lauri Markkanen,22,CHI,PF,50,50,29.8,5,11.8,0.425,2.2,6.3,0.344,2.8,5.5,0.518,0.517,2.5,3.1,0.824,1.2,5.1,6.3,1.5,0.8,0.5,1.6,1.9,14.7,,1492,14.3,0.56,0.536,0.259,4.2,19.7,11.6,7.6,1.4,1.5,11,21.1,1,1.6,2.6,0.084,0.2,-0.8,-0.6,0.5,2019
314,Caleb Martin,24,CHO,SF,18,1,17.6,2.1,4.7,0.44,1.1,2.1,0.541,0.9,2.6,0.362,0.56,0.9,1.2,0.81,0.6,1.6,2.1,1.3,0.7,0.4,0.8,1.8,6.2,,317,12,0.595,0.44,0.25,3.3,10,6.5,11.1,1.9,2,13.9,15,0.3,0.2,0.5,0.081,-1.6,0.6,-1,0.1,2019
315,Cody Martin,24,CHO,SF,48,3,18.8,1.9,4.3,0.43,0.4,1.6,0.234,1.5,2.7,0.546,0.473,0.9,1.4,0.646,0.8,2.5,3.3,2,0.8,0.2,0.9,1.6,5,,903,10.5,0.505,0.372,0.314,4.4,15.1,9.6,15.7,2.2,0.9,15.7,13.6,0.2,0.8,1,0.052,-3.1,1,-2.1,0,2019
316,Jeremiah Martin,23,BRK,PG,9,0,11,2.7,5.9,0.453,0.6,2,0.278,2.1,3.9,0.543,0.5,1.2,1.6,0.786,0.1,1,1.1,2,0.8,0.2,0.4,0.8,7.1,,99,21.8,0.541,0.34,0.264,1.1,9.2,5.2,30.8,3.3,1.7,6.3,26.7,0.2,0.1,0.4,0.176,1.5,1.7,3.2,0.1,2019
317,Kelan Martin,24,MIN,SF,31,4,16,2.3,5.8,0.392,0.8,3.1,0.26,1.5,2.7,0.541,0.461,1,1,0.968,0.4,2.7,3.1,0.7,0.2,0.3,0.6,1.6,6.4,,495,9.2,0.506,0.53,0.171,2.5,18.6,10.2,6.8,0.7,1.5,9.3,17.8,-0.1,0.3,0.2,0.023,-3.3,-1,-4.3,-0.3,2019
318,Frank Mason III,25,MIL,PG,9,0,13.1,2.6,5.7,0.451,0.7,2.3,0.286,1.9,3.3,0.567,0.51,1.1,1.9,0.588,0.6,1.6,2.1,3.2,0.6,0.1,1.2,1.2,6.9,,118,16.9,0.53,0.412,0.333,4.5,11.1,8,35,1.9,0.7,15.8,24.3,0.1,0.2,0.4,0.143,-0.6,0.6,0,0.1,2019
319,Garrison Mathews,23,WAS,SG,18,0,12.6,1.3,3.1,0.429,1.1,2.6,0.413,0.3,0.6,0.5,0.598,1.7,1.9,0.912,0.3,1,1.3,0.6,0.4,0.1,0.4,1.8,5.4,,227,13.1,0.691,0.821,0.607,2.8,9,5.8,5.8,1.6,0.4,10.1,14.5,0.6,0.1,0.6,0.131,-0.6,-0.5,-1.1,0.1,2019
320,Wesley Matthews,33,MIL,SG,67,67,24.4,2.5,6.3,0.396,1.6,4.4,0.364,0.9,1.9,0.472,0.524,0.8,1,0.765,0.3,2.1,2.5,1.4,0.6,0.1,0.6,1.5,7.4,,1635,8.1,0.547,0.704,0.161,1.4,8.2,5,7.1,1.1,0.5,8.7,12.5,0.8,2.4,3.2,0.093,-2.6,0.7,-1.8,0.1,2019
321,Luc Mbah a Moute,33,HOU,PF,3,0,8.3,0.7,1.7,0.4,0,0.7,0,0.7,1,0.667,0.4,0.3,0.7,0.5,0.3,0.3,0.7,0,0.7,0,0.3,0,1.7,,25,6.4,0.425,0.4,0.4,4.2,4.2,4.2,0,3.7,0,14.5,11.4,0,0,0,-0.008,-5.2,-2.2,-7.4,0,2019
322,Patrick McCaw,24,TOR,SF,37,12,24.5,1.8,4.4,0.414,0.6,1.9,0.324,1.2,2.5,0.484,0.485,0.4,0.5,0.722,0.5,1.8,2.3,2.1,1.1,0.1,0.8,1.6,4.6,,908,7.3,0.5,0.438,0.111,2.3,7.6,5,11.5,2,0.4,14.6,9.4,0.2,1.2,1.4,0.075,-3.6,1.8,-1.8,0,2019
323,CJ McCollum,28,POR,SG,70,70,36.5,8.7,19.4,0.451,2.8,7.3,0.379,6,12.1,0.494,0.522,2,2.6,0.757,0.7,3.6,4.2,4.4,0.8,0.6,1.8,2.6,22.2,,2556,17,0.541,0.378,0.136,1.9,10.2,6.1,19.1,1,1.4,8.1,25.9,3.5,0.6,4.1,0.077,2.3,-1.8,0.5,1.6,2019
324,T.J. McConnell,27,IND,PG,71,3,18.7,3,5.8,0.516,0.1,0.2,0.294,2.9,5.5,0.525,0.522,0.5,0.6,0.833,0.5,2.1,2.7,5,0.8,0.2,1.4,1,6.5,,1326,16.5,0.54,0.041,0.102,3.2,12.4,7.8,37.6,2,0.7,18.9,17.5,1.7,1.7,3.3,0.121,0.1,0.4,0.5,0.8,2019
325,Jalen McDaniels,22,CHO,SF,16,0,18.3,2.1,4.4,0.471,0.6,1.5,0.375,1.5,2.9,0.522,0.536,0.9,1.1,0.824,0.9,3.1,4.1,0.8,0.5,0.2,0.7,2.3,5.6,,293,10.7,0.574,0.343,0.243,5.4,19.4,12.1,6.8,1.4,0.9,12.4,13.3,0.2,0.2,0.5,0.078,-3.4,0.1,-3.3,-0.1,2019
326,Doug McDermott,28,IND,PF,69,0,19.9,3.9,7.9,0.488,1.9,4.3,0.435,2,3.7,0.549,0.605,0.7,0.8,0.828,0.4,2.1,2.5,1.1,0.2,0.1,0.6,1.7,10.3,,1372,14.4,0.62,0.537,0.106,2.1,11.7,7,8.4,0.4,0.3,6.8,19.6,2.3,1.1,3.3,0.117,1.4,-1.3,0,0.7,2019
327,JaVale McGee,32,LAL,C,68,68,16.6,2.9,4.5,0.637,0,0.1,0.5,2.8,4.4,0.64,0.642,0.8,1.2,0.646,1.8,3.9,5.7,0.5,0.5,1.4,0.8,2.3,6.6,,1130,19.4,0.652,0.02,0.268,12.2,25.4,18.9,4.6,1.5,7.5,13.9,14.8,2.2,2.4,4.7,0.198,-0.6,2.1,1.5,1,2019
328,Rodney McGruder,28,LAC,SG,56,4,15.6,1.3,3.2,0.398,0.4,1.6,0.27,0.9,1.6,0.522,0.464,0.3,0.6,0.559,0.5,2.2,2.7,0.6,0.5,0.1,0.4,1.3,3.3,,871,6.7,0.477,0.492,0.188,3.6,14.2,9,5.3,1.4,0.8,10.9,10.6,-0.1,1.1,1,0.055,-3.7,0.8,-3,-0.2,2019
329,Alfonzo McKinnie,27,CLE,SF,40,1,14.8,1.8,4.3,0.427,0.4,1.6,0.215,1.5,2.7,0.557,0.468,0.6,0.8,0.71,0.9,1.9,2.8,0.4,0.6,0.2,0.7,1.8,4.6,,593,8.7,0.493,0.38,0.181,6.9,14.4,10.6,3.3,1.9,1.2,12.3,15.2,-0.2,0.3,0.2,0.014,-4.4,-0.9,-5.3,-0.5,2019
330,Jordan McLaughlin,23,MIN,PG,30,2,19.7,2.9,5.9,0.489,1,2.5,0.382,1.9,3.4,0.569,0.57,0.9,1.3,0.667,0.2,1.4,1.6,4.2,1.1,0.1,1,1,7.6,,590,16.3,0.587,0.427,0.219,1.2,7.8,4.4,31,2.7,0.6,13.7,15.8,1.1,0.4,1.6,0.13,0.3,0,0.3,0.3,2019
331,Ben McLemore,26,HOU,SF,71,23,22.8,3.4,7.7,0.444,2.5,6.4,0.4,0.9,1.3,0.656,0.61,0.7,0.9,0.746,0.3,1.9,2.2,0.8,0.6,0.2,0.7,2.2,10.1,,1619,11.8,0.622,0.829,0.123,1.3,8.9,5.1,5.2,1.3,0.8,8,16,2.2,1.1,3.3,0.099,0.1,-0.6,-0.5,0.6,2019
332,Jordan McRae,28,3TM,SG,37,4,21.2,4,9.9,0.407,1.2,3.4,0.357,2.8,6.5,0.433,0.469,2.2,2.9,0.761,0.5,2.9,3.4,2.5,0.6,0.4,1.2,2,11.5,,784,14.2,0.515,0.344,0.298,2.4,15.4,8.7,17.9,1.3,1.8,9.4,24.4,0.4,0.4,0.7,0.044,0,-1.5,-1.5,0.1,2019
333,Nicolò Melli,29,NOP,C,60,8,17.4,2.3,5.4,0.421,1.2,3.4,0.335,1.1,2,0.573,0.528,0.9,1.2,0.74,0.6,2.4,3,1.4,0.6,0.4,0.8,2.1,6.6,,1042,11.4,0.556,0.638,0.226,3.9,14.5,9.2,10.5,1.5,1.8,11.5,15.7,0.9,0.9,1.8,0.082,-1.5,0.2,-1.3,0.2,2019
334,De'Anthony Melton,21,MEM,PG,60,8,19.5,2.7,6.7,0.401,0.7,2.3,0.286,2,4.4,0.464,0.451,1.6,2,0.769,0.7,3,3.7,2.9,1.3,0.3,1.4,1.8,7.6,,1167,13.5,0.501,0.349,0.302,4,15.7,9.9,20.1,3.1,1.5,15.6,19.2,0.1,1.7,1.7,0.072,-2.2,2,-0.2,0.5,2019
335,Chimezie Metu,22,SAS,C,18,0,5.8,1.3,2.3,0.571,0,0.1,0,1.3,2.2,0.6,0.571,0.6,0.7,0.769,0.7,1.2,1.8,0.6,0.2,0.3,0.6,0.4,3.2,,105,22.2,0.608,0.048,0.31,12.3,21.6,16.9,14.9,1.4,5,17.3,23.7,0.2,0.1,0.3,0.13,1.7,-0.1,1.7,0.1,2019
336,Khris Middleton,28,MIL,SF,62,59,29.9,7.6,15.3,0.497,2.4,5.7,0.415,5.2,9.6,0.546,0.575,3.4,3.7,0.916,0.7,5.5,6.2,4.3,0.9,0.1,2.2,2.3,20.9,AS,1853,21.1,0.619,0.374,0.24,2.5,17,10.2,22.2,1.3,0.3,11.6,26.4,4.6,3.3,7.9,0.205,3.4,0.7,4.1,2.9,2019
337,Eric Mika,25,SAC,C,1,0,19,2,3,0.667,0,0,,2,3,0.667,0.667,2,2,1,2,5,7,0,0,0,0,5,6,,19,13.9,0.773,0,0.667,11.6,30.4,20.7,0,0,0,0,8.9,0.1,0,0.1,0.218,-1.9,-1.5,-3.4,0,2019
338,C.J. Miles,32,WAS,SF,10,0,16.1,1.9,5.9,0.322,1.1,3.5,0.314,0.8,2.4,0.333,0.415,1.5,2,0.75,0.4,0.8,1.2,1.2,1,0.4,0.4,1.4,6.4,,161,11.1,0.472,0.593,0.339,2.6,5.7,4.1,10,2.9,2.2,5.6,18.6,0,0.1,0.1,0.035,-1.7,0,-1.7,0,2019
339,Malcolm Miller,26,TOR,SF,28,1,5.8,0.4,1,0.414,0.3,0.8,0.364,0.1,0.3,0.571,0.552,0.1,0.3,0.375,0.1,0.5,0.6,0.4,0.2,0.1,0.1,0.6,1.3,,162,6.7,0.538,0.759,0.276,1.3,8.9,5.2,8.9,1.5,1.2,11,9.6,0.1,0.2,0.3,0.082,-3.5,1.2,-2.3,0,2019
340,Patty Mills,31,SAS,PG,66,1,22.5,3.9,9.1,0.431,2.3,6.1,0.382,1.6,3,0.533,0.56,1.5,1.7,0.866,0.3,1.3,1.6,1.8,0.8,0.1,0.8,1.6,11.6,,1485,14.8,0.592,0.674,0.187,1.6,6.2,3.9,11.4,1.7,0.4,7.7,20.4,2.3,0.5,2.8,0.091,1.2,-1.2,0,0.8,2019
341,Paul Millsap,34,DEN,PF,51,48,24.3,4.1,8.6,0.482,1.1,2.4,0.435,3.1,6.2,0.5,0.543,2.3,2.8,0.816,1.9,3.8,5.7,1.6,0.9,0.6,1.4,2.9,11.6,,1240,16.9,0.591,0.283,0.322,8.9,17.6,13.2,9.6,1.8,2.2,12.3,20,2.1,1.4,3.5,0.136,0.3,-0.2,0.1,0.7,2019
342,Shake Milton,23,PHI,SG,40,24,20.1,3.4,6.9,0.484,1.5,3.4,0.43,1.9,3.6,0.535,0.588,1.3,1.6,0.785,0.4,1.8,2.2,2.6,0.5,0.2,1.2,2.3,9.4,,805,14.4,0.617,0.487,0.235,2.1,10,6,18.8,1.2,0.7,13.3,18.9,1.4,0.7,2.1,0.126,0,-1,-1,0.2,2019
343,Donovan Mitchell,23,UTA,SG,69,69,34.3,8.7,19.4,0.449,2.5,6.9,0.366,6.2,12.6,0.494,0.513,4,4.7,0.863,0.8,3.6,4.4,4.3,1,0.2,2.7,2.5,24,AS,2364,18.8,0.558,0.352,0.24,2.6,11.3,7.1,21.6,1.4,0.5,11,30.8,3.2,2.2,5.4,0.11,2.4,-0.6,1.9,2.3,2019
344,Naz Mitrou-Long,26,IND,SG,5,0,9.4,1.2,3.4,0.353,0.4,2.4,0.167,0.8,1,0.8,0.412,0,0,,0,1.4,1.4,1.6,0.2,0.2,0.6,0.4,2.8,,47,7.8,0.412,0.706,0,0,16.2,8.2,22.8,1,1.9,15,18.7,-0.1,0.1,0,-0.022,-3.5,2.1,-1.4,0,2019
345,Adam Mokoka,21,CHI,SF,11,0,10.2,1.1,2.5,0.429,0.5,1.4,0.4,0.5,1.2,0.462,0.536,0.2,0.4,0.5,0.6,0.3,0.9,0.4,0.4,0,0.2,1.5,2.9,,112,8.2,0.538,0.536,0.143,6.6,3.1,4.9,5,1.7,0,6.3,12.1,0.1,0.1,0.2,0.073,-2.9,-1.2,-4.1,-0.1,2019
346,Malik Monk,21,CHO,SG,55,1,21.3,3.9,8.9,0.434,1.1,3.7,0.284,2.8,5.2,0.542,0.494,1.5,1.8,0.82,0.5,2.4,2.9,2.1,0.5,0.3,1.4,1.3,10.3,,1169,12.6,0.53,0.418,0.205,2.4,12.6,7.3,16.6,1.1,1.3,12.6,22.9,0.1,0.6,0.7,0.028,-1.1,-1.3,-2.3,-0.1,2019
347,Matt Mooney,23,CLE,SG,4,0,4.8,0.3,1,0.25,0,0.5,0,0.3,0.5,0.5,0.25,0,0,,0,0.8,0.8,0.3,0.5,0.3,0,0.3,0.5,,19,8.1,0.25,0.5,0,0,17.7,8.8,6.7,5.1,4.5,0,9,0,0,0,0.007,-5.3,5,-0.4,0,2019
348,E'Twaun Moore,30,NOP,SG,56,6,18.2,3.3,7.8,0.426,1.1,3,0.377,2.2,4.8,0.456,0.498,0.6,0.8,0.689,0.6,1.8,2.3,1.4,0.6,0.2,0.7,1.4,8.3,,1020,11.3,0.51,0.382,0.103,3.2,10.4,6.8,11,1.5,0.9,8.1,19.9,0.3,0.7,0.9,0.043,-1.9,-0.8,-2.7,-0.2,2019
349,Ja Morant,20,MEM,PG,67,67,31,6.7,14,0.477,0.9,2.7,0.335,5.8,11.3,0.511,0.509,3.6,4.6,0.776,0.8,3.1,3.9,7.3,0.9,0.3,3.3,1.6,17.8,ROY-1,2074,17.4,0.556,0.191,0.329,2.6,10.4,6.6,35.2,1.3,0.8,17,25.9,2.3,1.5,3.8,0.088,1.4,-1.2,0.3,1.2,2019
350,Juwan Morgan,22,UTA,PF,21,0,6.4,0.7,1.2,0.577,0.1,0.4,0.375,0.6,0.9,0.667,0.635,0.1,0.2,0.75,0.5,0.9,1.4,0.3,0,0.1,0.3,0.9,1.7,,134,10.1,0.648,0.308,0.154,8.5,15.1,11.9,6.2,0.4,1.2,17.8,11,0.2,0.1,0.3,0.106,-2.9,-0.3,-3.2,0,2019
351,Marcus Morris,30,2TM,PF,62,62,31.2,5.7,13.1,0.438,2.3,5.6,0.408,3.4,7.5,0.461,0.526,2.9,3.5,0.823,1,4.1,5,1.4,0.8,0.5,1.6,2.9,16.7,,1936,14.3,0.57,0.43,0.272,3.2,14,8.5,6.8,1.2,1.4,9.7,21.9,2.1,1.5,3.6,0.088,0.6,-0.7,-0.1,0.9,2019
352,Markieff Morris,30,2TM,PF,58,17,20.5,3.5,7.9,0.443,1.5,3.9,0.386,2,4,0.5,0.539,1.1,1.5,0.776,0.7,3.1,3.8,1.3,0.5,0.3,1.3,2.3,9.7,,1187,12.5,0.565,0.498,0.186,3.8,17.1,10.3,10.1,1.3,1.2,13.3,20.9,0.5,1,1.4,0.058,-1.1,-0.9,-2,0,2019
353,Monte Morris,24,DEN,PG,73,12,22.4,3.6,7.8,0.459,0.9,2.4,0.378,2.7,5.4,0.495,0.517,1,1.2,0.843,0.3,1.5,1.9,3.5,0.8,0.2,0.7,1,9,,1636,14.9,0.545,0.304,0.157,1.6,7.7,4.7,22.1,1.7,1,8.1,17.5,2.7,1.1,3.8,0.112,0.4,-0.5,-0.2,0.7,2019
354,Johnathan Motley,24,LAC,PF,13,0,3.2,0.8,1.2,0.733,0.1,0.1,1,0.8,1.1,0.714,0.767,0.4,0.5,0.714,0.2,0.5,0.8,0.6,0.2,0,0.4,0.5,2.2,,41,28.5,0.774,0.067,0.467,7.8,17.3,12.7,32.9,3.5,0,21.7,23.5,0.2,0.1,0.3,0.299,4.8,3.3,8.1,0.1,2019
355,Emmanuel Mudiay,23,UTA,PG,54,2,15.7,2.8,6.1,0.462,0.6,1.6,0.345,2.2,4.4,0.504,0.508,1.2,1.5,0.759,0.3,2,2.3,2.1,0.4,0.2,1.4,1.3,7.3,,850,13,0.543,0.266,0.254,2.4,13.5,8.2,20.9,1.4,1,17.3,22.6,0.1,0.9,1,0.057,-1.8,-0.1,-1.9,0,2019
356,Mychal Mulder,25,GSW,SF,7,3,29.1,3.7,9.6,0.388,2.3,7.4,0.308,1.4,2.1,0.667,0.507,1.3,1.7,0.75,0.4,2.9,3.3,1.1,0.3,0.1,0.7,2.9,11,,204,7.8,0.533,0.776,0.179,1.5,11,6.1,5.8,0.5,0.4,6.5,16.2,0,0,0.1,0.017,-3.2,-2.9,-6,-0.2,2019
357,Dejounte Murray,23,SAS,PG,66,58,25.6,4.5,9.7,0.462,0.6,1.7,0.369,3.8,8,0.481,0.494,1.4,1.7,0.798,1,4.8,5.8,4.1,1.7,0.3,1.9,2.2,10.9,,1687,16.2,0.524,0.174,0.179,4.4,20.1,12.2,23.1,3.1,0.9,15.4,20.8,0.7,2,2.6,0.074,-0.9,1.3,0.4,1,2019
358,Jamal Murray,22,DEN,PG,59,59,32.3,6.9,15.2,0.456,1.9,5.5,0.346,5,9.7,0.519,0.519,2.8,3.1,0.881,0.8,3.2,4,4.8,1.1,0.3,2.2,1.7,18.5,,1904,17.7,0.559,0.362,0.207,2.7,11.2,6.9,22.9,1.7,0.8,11.5,25.2,2.8,1.5,4.3,0.107,2,-0.8,1.2,1.5,2019
359,Džanan Musa,20,BRK,SF,40,0,12.2,1.6,4.3,0.372,0.5,2,0.244,1.1,2.4,0.479,0.427,1.1,1.5,0.75,0.5,1.6,2.2,1.1,0.4,0,0.9,0.8,4.8,,487,9.4,0.484,0.453,0.349,4.6,13.5,9.1,12.6,1.5,0.2,15.4,20.1,-0.3,0.5,0.2,0.016,-3.5,-0.9,-4.4,-0.3,2019
360,Mike Muscala,28,OKC,C,47,2,12.2,1.6,4,0.407,1.1,3,0.378,0.5,1,0.5,0.55,0.4,0.5,0.818,0.3,2,2.3,0.9,0.2,0.3,0.4,1.2,4.8,,572,12.5,0.569,0.757,0.116,3.2,17.3,10.4,10.1,0.8,1.8,7.9,16.6,0.7,0.6,1.3,0.107,0.1,-0.2,-0.1,0.3,2019
361,Svi Mykhailiuk,22,DET,SF,56,27,22.6,3,7.2,0.41,2.1,5.1,0.404,0.9,2.1,0.425,0.552,1,1.3,0.814,0.3,1.6,1.9,1.9,0.7,0.1,1.1,1.6,9,,1265,11.2,0.578,0.704,0.173,1.5,7.9,4.7,12.3,1.6,0.3,12.3,17.1,1,0.6,1.6,0.06,-0.7,-1.2,-1.9,0,2019
362,Abdel Nader,26,OKC,SF,55,6,15.8,2.2,4.8,0.468,0.9,2.3,0.375,1.4,2.5,0.556,0.559,0.9,1.2,0.773,0.3,1.6,1.8,0.7,0.4,0.4,0.8,1.4,6.3,,867,11.3,0.591,0.487,0.251,1.8,10.6,6.4,6.4,1.3,2,12.8,17,0.5,0.9,1.3,0.074,-1.2,0.2,-1,0.2,2019
363,Larry Nance Jr.,27,CLE,PF,56,10,26.3,4.1,7.7,0.531,1,2.8,0.352,3.1,4.9,0.636,0.596,0.9,1.3,0.676,1.9,5.4,7.3,2.2,1,0.4,1.1,1.6,10.1,,1472,17.3,0.608,0.369,0.172,7.9,23.1,15.4,12.3,1.9,1.3,11.5,15.2,2.8,1.1,3.9,0.128,1.4,0.4,1.7,1.4,2019
364,Shabazz Napier,28,2TM,PG,56,32,24,3.4,8.1,0.412,1.4,4.3,0.317,2,3.9,0.519,0.496,2.3,2.7,0.824,0.5,2.4,2.8,4.7,1.2,0.2,2.3,1.8,10.3,,1344,13.8,0.552,0.526,0.336,2,10.9,6.3,27.8,2.4,0.7,19.7,20,0.8,0.9,1.7,0.059,-0.7,-0.4,-1.1,0.3,2019
365,Raul Neto,27,PHI,PG,54,3,12.4,1.9,4.1,0.455,0.6,1.6,0.386,1.2,2.5,0.5,0.532,0.7,0.9,0.83,0.2,0.9,1.1,1.8,0.4,0.1,0.9,0.9,5.1,,668,12.7,0.567,0.396,0.212,1.8,8.3,5,20.3,1.7,0.8,16.2,18.7,0.5,0.6,1.2,0.083,-1.2,-0.6,-1.8,0,2019
366,Malik Newman,22,CLE,SG,1,0,4,0,2,0,0,1,0,0,1,0,0,2,2,1,0,0,0,0,0,0,1,0,2,,4,-11.4,0.347,0.5,1,0,0,0,0,0,0,25.8,41.5,0,0,0,-0.502,-14.5,-11.2,-25.7,0,2019
367,Georges Niang,26,UTA,PF,66,1,14,2.1,4.9,0.438,1.4,3.4,0.4,0.8,1.5,0.526,0.578,0.3,0.4,0.833,0.2,1.7,1.9,0.7,0.3,0.1,0.5,1.1,5.9,,923,11.7,0.589,0.699,0.075,1.9,12.9,7.6,7,0.9,0.4,8.3,17.2,1,0.8,1.8,0.092,0.4,-0.5,-0.1,0.4,2019
368,Joakim Noah,34,LAC,C,5,0,10,0.8,1.6,0.5,0,0,,0.8,1.6,0.5,0.5,1.2,1.6,0.75,1,2.2,3.2,1.4,0.2,0.2,1.2,1.8,2.8,,50,11.1,0.608,0,1,10.7,22.3,16.6,17.9,0.9,1.8,34.2,14.7,0,0.1,0.1,0.096,-4.1,2.5,-1.6,0,2019
369,Nerlens Noel,25,OKC,C,61,7,18.5,3,4.4,0.684,0,0,0.333,3,4.4,0.688,0.686,1.3,1.7,0.755,1.5,3.4,4.9,0.9,1,1.5,1.1,2.7,7.4,,1127,20.4,0.711,0.011,0.394,9.2,19.9,14.7,7.6,2.5,6.9,17.3,14.9,2.6,2.3,4.9,0.209,-0.3,3.4,3.1,1.5,2019
370,Zach Norvell,22,2TM,SG,5,0,8.2,0.6,2.4,0.25,0.6,1.6,0.375,0,0.8,0,0.375,0.2,0.2,1,0,1.2,1.2,0.6,0.4,0,0.6,0.8,2,,41,2.6,0.402,0.667,0.083,0,16.3,7.9,10.2,2.3,0,19.4,16.1,-0.1,0,-0.1,-0.084,-7.1,-1.2,-8.4,-0.1,2019
371,Jaylen Nowell,20,MIN,SG,15,0,10.1,1.3,3.5,0.358,0.2,1.7,0.115,1.1,1.8,0.593,0.387,1.1,1.1,0.941,0.2,0.7,0.9,1.3,0.2,0.1,0.2,0.7,3.8,,151,10.5,0.471,0.491,0.321,2,7.3,4.5,17.8,0.9,0.6,4.7,17.3,0.1,0,0.2,0.051,-2.9,-0.8,-3.8,-0.1,2019
372,Frank Ntilikina,21,NYK,PG,57,26,20.8,2.3,5.8,0.393,0.8,2.4,0.321,1.5,3.4,0.444,0.459,0.9,1,0.864,0.4,1.7,2.1,3,0.9,0.3,1.2,2.5,6.3,,1187,9.8,0.497,0.411,0.177,2,9.1,5.4,20.2,2.2,1.3,16.5,15.4,0.1,0.8,0.9,0.037,-3.6,0.4,-3.2,-0.4,2019
373,Kendrick Nunn,24,MIA,PG,67,67,29.3,6,13.6,0.439,2,5.8,0.35,3.9,7.8,0.505,0.514,1.3,1.5,0.85,0.3,2.4,2.7,3.3,0.8,0.2,1.7,2.3,15.3,ROY-2,1962,12.9,0.534,0.428,0.109,1.2,8.7,5.1,18.5,1.4,0.8,10.6,24.1,0.4,1.6,2,0.049,-1,-1.3,-2.3,-0.1,2019
374,Jusuf Nurkić,25,POR,C,8,8,31.6,6.8,13.6,0.495,0.3,1.3,0.2,6.5,12.4,0.525,0.505,3.9,4.4,0.886,2.9,7.4,10.3,4,1.4,2,2.4,4.9,17.6,,253,22.6,0.567,0.092,0.321,9.6,24.1,16.9,19.1,2.1,5.4,13.2,24,0.5,0.3,0.9,0.164,1,1,2,0.2,2019
375,David Nwaba,27,BRK,SF,20,0,13.4,1.9,3.6,0.521,0.6,1.4,0.429,1.3,2.2,0.581,0.606,0.9,1.4,0.667,0.4,1.9,2.3,0.4,0.6,0.6,0.4,1.6,5.2,,268,14,0.627,0.394,0.38,3.2,14,8.7,4.3,1.9,3.7,8.8,14.2,0.4,0.4,0.8,0.138,-1,2,1.1,0.2,2019
376,Royce O'Neale,26,UTA,SF,71,62,28.9,2.2,5.1,0.433,1.3,3.4,0.377,0.9,1.7,0.545,0.559,0.6,0.8,0.764,0.4,5.1,5.5,2.5,0.8,0.5,0.9,2.8,6.3,,2049,9.5,0.578,0.668,0.151,1.5,18.8,10.4,11.6,1.4,1.3,13.5,9.6,1.8,2.5,4.3,0.101,-1.3,2.2,0.9,1.5,2019
377,Kyle O'Quinn,29,PHI,C,29,2,10.8,1.4,2.9,0.494,0.2,0.9,0.259,1.2,2,0.603,0.535,0.4,0.7,0.55,1.2,2.8,4,1.8,0.2,0.8,0.7,1.3,3.5,,313,18.6,0.544,0.318,0.235,12,29,20.5,22.7,1.1,6.5,17.6,15.7,0.5,0.6,1.1,0.165,0.3,2.7,3,0.4,2019
378,Semi Ojeleye,25,BOS,PF,69,6,14.7,1.2,2.8,0.408,0.7,1.8,0.378,0.5,1,0.464,0.531,0.4,0.5,0.875,0.4,1.7,2.1,0.5,0.3,0.1,0.3,1.2,3.4,,1011,7.7,0.562,0.648,0.163,2.8,12.5,7.7,4.7,1,0.5,8.3,9.7,0.8,1,1.9,0.088,-2.1,0.4,-1.7,0.1,2019
379,Jahlil Okafor,24,NOP,C,30,9,15.6,3.4,5.4,0.623,0,0.1,0.333,3.3,5.3,0.629,0.627,1.3,2.1,0.645,1.6,2.6,4.2,1.2,0.2,0.7,1.3,2.2,8.1,,467,18.3,0.642,0.019,0.383,10.9,18,14.4,12,0.7,3.9,16.7,19.9,0.9,0.4,1.3,0.133,-0.5,0.3,-0.2,0.2,2019
380,Elie Okobo,22,PHO,PG,55,3,13.1,1.3,3.3,0.398,0.5,1.3,0.352,0.9,2,0.427,0.467,0.9,1.3,0.704,0.3,1.3,1.6,2.1,0.4,0.1,0.7,1,4,,719,10.6,0.516,0.392,0.392,2.4,11.6,6.9,21.2,1.6,0.5,15.2,14.8,0.5,0.5,1,0.067,-1.9,0,-1.9,0,2019
381,Josh Okogie,21,MIN,SG,62,28,25,2.7,6.4,0.427,0.7,2.5,0.266,2.1,3.9,0.529,0.479,2.5,3.1,0.796,1.4,2.9,4.3,1.6,1.1,0.4,1.4,2.2,8.6,,1547,11.5,0.553,0.387,0.48,5.7,12.8,9.1,8.9,2,1.4,15.3,15.1,0.9,1.2,2.2,0.068,-2.4,0,-2.4,-0.2,2019
382,KZ Okpala,20,MIA,PF,5,0,5.2,0.6,1,0.6,0,0.2,0,0.6,0.8,0.75,0.6,0.2,0.4,0.5,0.2,0.8,1,0.2,0.4,0.2,0.2,0.4,1.4,,26,13.7,0.595,0.2,0.4,4.5,16.6,10.8,5.5,3.8,3.8,14.5,11.7,0,0,0.1,0.118,-1.3,3.7,2.4,0,2019
383,Victor Oladipo,27,IND,SG,19,16,27.8,5.1,12.9,0.394,1.7,5.5,0.317,3.4,7.5,0.451,0.461,2.5,3.1,0.814,0.5,3.5,3.9,2.9,0.9,0.2,2.5,1.9,14.5,,528,11.3,0.506,0.423,0.24,1.9,13.6,7.8,15.4,1.6,0.7,14.7,26.5,-0.6,0.6,0,0.002,-2.2,-1.1,-3.3,-0.2,2019
384,Kelly Olynyk,28,MIA,C,67,9,19.4,2.7,5.9,0.462,1.4,3.5,0.406,1.3,2.4,0.543,0.582,1.3,1.5,0.86,0.7,3.9,4.6,1.7,0.7,0.3,1.1,2.6,8.2,,1300,14.6,0.621,0.588,0.251,3.9,21.6,13.1,13.3,1.7,1.8,13.8,17.4,1.9,1.8,3.7,0.135,0,1,1,1,2019
385,Miye Oni,22,UTA,SF,10,1,10.9,1.2,3.2,0.375,0.7,1.9,0.368,0.5,1.3,0.385,0.484,0.4,0.5,0.8,0.5,1.2,1.7,0.4,0.4,0.2,0.4,0.9,3.5,,109,9.7,0.512,0.594,0.156,5.2,11.7,8.6,5.1,1.8,1.5,10.5,15.3,0,0.1,0.1,0.063,-3.1,-1.1,-4.3,-0.1,2019
386,Cedi Osman,24,CLE,SF,65,65,29.4,4.1,9.4,0.437,1.9,4.9,0.383,2.2,4.4,0.497,0.538,1,1.4,0.67,0.6,3,3.6,2.4,0.8,0.2,1.4,2.5,11,,1910,10.7,0.552,0.527,0.154,2.2,11.3,6.7,11.6,1.4,0.7,12.3,16.6,1,0.6,1.6,0.04,-1.7,-0.9,-2.6,-0.3,2019
387,Kelly Oubre Jr.,24,PHO,SF,56,55,34.5,6.7,14.8,0.452,1.9,5.5,0.352,4.7,9.3,0.511,0.517,3.4,4.4,0.78,1.2,5.3,6.4,1.5,1.3,0.7,1.5,3.4,18.7,,1933,14.9,0.56,0.372,0.298,3.8,17.1,10.4,6.6,1.7,1.8,8.2,22.4,1.7,2.1,3.8,0.093,-0.3,-0.3,-0.5,0.7,2019
388,Tariq Owens,24,PHO,PF,3,0,5,0.3,1.7,0.2,0,0.7,0,0.3,1,0.333,0.2,0.7,0.7,1,0.7,0.3,1,0,0.3,0,0,0.3,1.3,,15,8.4,0.34,0.4,0.4,14.6,7.5,11.1,0,3.2,0,0,16.7,0,0,0,0.021,-3.1,-2.7,-5.8,0,2019
389,Jeremy Pargo,33,GSW,PG,3,0,14.7,3.7,7.3,0.5,1,2.3,0.429,2.7,5,0.533,0.568,0,0.3,0,0.3,0.7,1,2.7,0.3,0,1.3,2.7,8.3,,44,12.6,0.557,0.318,0.045,2.4,5.1,3.7,33.2,1.1,0,15.1,25.7,0,0,0,0.011,-2.8,-3.1,-5.9,0,2019
390,Jabari Parker,24,2TM,PF,38,23,24.1,5.8,11.3,0.51,0.8,3.1,0.269,4.9,8.2,0.603,0.548,1.6,2.1,0.753,1.6,4,5.6,1.8,1.2,0.4,1.7,2.6,14,,917,18,0.571,0.277,0.189,7.1,18.3,12.6,12.4,2.3,1.5,12.1,24,0.8,0.8,1.6,0.083,0.6,-0.3,0.3,0.5,2019
391,Chandler Parsons,31,ATL,PF,5,0,10.8,1,3.6,0.278,0.8,2.8,0.286,0.2,0.8,0.25,0.389,0,0,,0.2,1.2,1.4,0.6,0.8,0.2,0.6,0.6,2.8,,54,5.6,0.389,0.778,0,2,12.1,7,7.5,3.5,1.6,14.3,16.1,-0.1,0,-0.1,-0.065,-4.4,-1.6,-6,-0.1,2019
392,Eric Paschall,23,GSW,PF,60,26,27.6,5.3,10.7,0.497,0.6,2.2,0.287,4.7,8.5,0.55,0.526,2.7,3.5,0.774,1.4,3.2,4.6,2.1,0.5,0.2,1.6,2.1,14,ROY-6,1654,14.5,0.571,0.202,0.331,5.2,13.1,9,12.7,0.9,0.7,11.4,21.4,1.6,0.5,2.1,0.062,-0.7,-2,-2.7,-0.3,2019
393,Anžejs Pasečņiks,24,WAS,C,27,0,16.2,2.3,4.3,0.526,0,0.1,0,2.3,4.2,0.54,0.526,1.3,2.1,0.586,1.6,2.4,4,0.7,0.3,0.4,0.9,2.8,5.8,,437,11.3,0.551,0.026,0.5,10.1,16.9,13.4,5.7,1,2.4,14.5,15.8,0.3,0.2,0.5,0.054,-4.1,-1.5,-5.6,-0.4,2019
394,Patrick Patterson,30,LAC,PF,59,18,13.2,1.6,3.9,0.408,1.1,2.9,0.39,0.5,1,0.459,0.552,0.6,0.7,0.814,0.6,2,2.6,0.7,0.1,0.1,0.4,0.9,4.9,,776,11.5,0.58,0.738,0.185,4.8,15.1,10.1,7.2,0.4,0.3,7.7,14.7,1.1,0.8,1.9,0.118,0.8,-0.5,0.3,0.5,2019
395,Justin Patton,22,OKC,C,5,0,4.8,0.8,2,0.4,0.2,0.8,0.25,0.6,1.2,0.5,0.45,0,0,,0.2,0.8,1,0.4,0,0,0.4,0.8,1.8,,24,4.7,0.45,0.4,0,4.7,17.9,11.5,12.6,0,0,16.7,22,-0.1,0,0,-0.063,-6.8,-3.3,-10.1,0,2019
396,Chris Paul,34,OKC,PG,70,70,31.5,6.2,12.7,0.489,1.6,4.3,0.365,4.6,8.3,0.554,0.552,3.6,4,0.907,0.4,4.6,5,6.7,1.6,0.2,2.3,2.3,17.6,"MVP-7,AS,NBA2",2208,21.7,0.61,0.343,0.315,1.3,15.7,8.7,34,2.4,0.4,13.8,23.3,5.9,3,8.9,0.193,3,1.4,4.4,3.5,2019
397,Cameron Payne,25,PHO,SG,8,0,22.9,4.1,8.5,0.485,1.9,3.6,0.517,2.3,4.9,0.462,0.596,0.8,0.9,0.857,0.5,3.4,3.9,3,1,0.3,1.4,2.5,10.9,,183,15.7,0.612,0.426,0.103,2.4,16.6,9.4,19.5,2.1,1,13.4,19.1,0.3,0.2,0.5,0.12,0.7,1,1.7,0.2,2019
398,Elfrid Payton,25,NYK,PG,45,36,27.7,4.3,9.8,0.439,0.3,1.5,0.203,4,8.2,0.482,0.455,1.1,1.9,0.57,1.2,3.6,4.7,7.2,1.6,0.4,2.1,2,10,,1246,16,0.47,0.157,0.195,4.3,14.1,9.1,38.6,2.7,1.3,16.7,19.5,0.5,1.2,1.7,0.065,-0.4,0.4,0,0.6,2019
399,Gary Payton II,27,WAS,SF,29,17,14.9,1.7,4,0.414,0.4,1.6,0.283,1.2,2.4,0.5,0.47,0.1,0.3,0.5,0.9,1.9,2.8,1.7,1.1,0.2,0.7,1.9,3.9,,432,11.3,0.473,0.397,0.069,6.3,14.2,10.1,14.8,3.6,1.4,14.3,13.4,0,0.4,0.5,0.051,-3.1,1.5,-1.6,0,2019
400,Norvel Pelle,26,PHI,C,24,0,9.7,1,2,0.521,0,0,0,1,2,0.532,0.521,0.3,0.6,0.5,0.8,2.2,3,0.3,0.1,1.3,0.8,2.3,2.4,,232,10.5,0.526,0.021,0.292,9.5,24.8,17.1,4.6,0.6,11.4,24.9,13.4,-0.2,0.5,0.3,0.069,-7.8,2.6,-5.2,-0.2,2019
401,Theo Pinson,24,BRK,SG,33,0,11.1,1.4,4.7,0.29,0.5,2.4,0.188,0.9,2.3,0.4,0.339,0.5,0.5,0.938,0.3,1.3,1.6,1.7,0.5,0.1,1,1.1,3.6,,365,5.2,0.37,0.516,0.103,2.9,12.2,7.7,21.7,2.2,0.9,16.9,22.3,-1,0.4,-0.6,-0.078,-6.8,-0.2,-7,-0.5,2019
402,Mason Plumlee,29,DEN,C,61,1,17.3,2.9,4.7,0.615,0,0.1,0,2.9,4.6,0.625,0.615,1.4,2.5,0.535,1.6,3.6,5.2,2.5,0.5,0.6,1.3,2.3,7.2,,1057,18.8,0.613,0.017,0.538,10.4,23.2,16.8,20.9,1.5,3.3,18.7,18,2,1.4,3.4,0.153,0.3,1.7,2,1.1,2019
403,Jakob Poeltl,24,SAS,C,66,18,17.7,2.5,4,0.624,0,0,,2.5,4,0.624,0.624,0.6,1.3,0.465,2,3.7,5.7,1.8,0.6,1.4,0.8,1.9,5.6,,1171,19.1,0.612,0,0.323,12.1,22.5,17.3,13.6,1.5,7.1,15.1,13.2,2.4,1.6,4,0.163,0.5,2,2.5,1.3,2019
404,Vincent Poirier,26,BOS,C,22,0,5.9,0.8,1.6,0.472,0,0.1,0.5,0.7,1.5,0.471,0.486,0.3,0.3,0.857,0.6,1.4,2,0.4,0.1,0.4,0.4,1.1,1.9,,130,12.7,0.525,0.056,0.194,10.8,24.4,17.7,8.5,0.7,6.4,17,15.4,0.1,0.2,0.3,0.113,-4.8,1,-3.8,-0.1,2019
405,Shamorie Ponds,21,TOR,PG,4,0,2.8,0.8,1.3,0.6,0.3,0.5,0.5,0.5,0.8,0.667,0.7,0.5,0.5,1,0,0.3,0.3,0.5,0,0.3,0,0.5,2.3,,11,33.1,0.765,0.4,0.4,0,9.4,4.8,32.4,0,8.9,0,22.8,0.1,0,0.1,0.45,8.4,5.3,13.7,0,2019
406,Jordan Poole,20,GSW,SG,57,14,22.4,2.9,8.8,0.333,1.3,4.6,0.279,1.6,4.2,0.392,0.406,1.7,2.1,0.798,0.2,1.9,2.1,2.4,0.6,0.2,1.3,1.6,8.8,,1274,7.2,0.454,0.528,0.237,0.7,9.6,5,15.8,1.3,0.7,11.8,21.1,-1.6,0.4,-1.2,-0.047,-4.4,-2.2,-6.6,-1.5,2019
407,Kevin Porter Jr.,19,CLE,SF,50,3,23.2,3.7,8.4,0.442,1.1,3.2,0.335,2.7,5.3,0.506,0.505,1.5,2,0.723,0.4,2.8,3.2,2.2,0.9,0.3,1.9,2.7,10,,1162,10.8,0.535,0.375,0.24,2.1,13.5,7.7,13.9,1.9,1,16.7,20.5,-0.3,0.6,0.3,0.012,-3.2,-0.6,-3.8,-0.5,2019
408,Michael Porter Jr.,21,DEN,SF,55,8,16.4,3.5,7,0.509,1.1,2.7,0.422,2.4,4.3,0.564,0.59,1.1,1.3,0.833,1.2,3.5,4.7,0.8,0.5,0.5,0.9,1.8,9.3,,903,19.8,0.617,0.384,0.188,8.2,23.9,16.1,7.9,1.5,2.6,10.6,22.3,1.8,1.1,2.9,0.154,2.4,-0.8,1.5,0.8,2019
409,Otto Porter Jr.,26,CHI,SF,14,9,23.6,4.4,10,0.443,1.7,4.4,0.387,2.7,5.6,0.487,0.529,1.4,1.9,0.704,0.9,2.5,3.4,1.8,1.1,0.4,0.8,2.2,11.9,,331,15.8,0.55,0.443,0.193,4.1,12.3,8,11.9,2.2,1.7,6.8,21,0.4,0.4,0.8,0.112,0.8,0.2,1,0.3,2019
410,Bobby Portis,24,NYK,PF,66,5,21.1,4,8.9,0.45,1,2.8,0.358,3,6.1,0.493,0.507,1.1,1.4,0.763,1.2,3.9,5.1,1.5,0.5,0.3,1.1,1.7,10.1,,1393,14.6,0.53,0.317,0.158,6,20.4,12.9,11.1,1.1,1.2,10.4,21.4,0.9,1,1.9,0.064,0,-1.1,-1.1,0.3,2019
411,Kristaps Porziņģis,24,DAL,C,57,57,31.8,7,16.4,0.427,2.5,7.1,0.352,4.5,9.3,0.484,0.503,4,5,0.799,1.8,7.7,9.5,1.8,0.7,2,1.6,3.2,20.4,,1814,20.2,0.551,0.432,0.304,5.9,25.1,15.6,8.8,1.1,5.4,8,27,2.6,2.6,5.2,0.138,1.8,0.1,1.9,1.8,2019
412,Dwight Powell,28,DAL,C,40,37,26.5,3.7,5.7,0.638,0.3,1,0.256,3.4,4.8,0.716,0.659,1.9,2.8,0.667,1.9,3.8,5.7,1.5,0.9,0.6,0.9,2.6,9.4,,1061,15.9,0.677,0.17,0.485,7.5,14.8,11.2,7.7,1.5,1.8,11.5,12.6,2.6,1,3.6,0.162,0.4,0.9,1.3,0.9,2019
413,Norman Powell,26,TOR,SG,52,26,28.4,5.7,11.5,0.495,2.1,5.3,0.399,3.6,6.3,0.575,0.586,2.5,2.9,0.843,0.5,3.2,3.7,1.8,1.2,0.4,1.5,2.1,16,,1479,16.8,0.624,0.457,0.256,1.9,11.4,6.8,9.7,1.9,1.4,10.4,21.5,2.3,2.3,4.6,0.15,1.2,0.8,2,1.5,2019
414,Taurean Prince,25,BRK,PF,64,61,29,4.3,11.5,0.376,2.3,6.7,0.339,2.1,4.8,0.429,0.475,1.1,1.4,0.798,0.8,5.2,6,1.8,0.9,0.4,2,2.5,12.1,,1857,9.1,0.497,0.583,0.12,2.8,18.1,10.6,9.2,1.5,1.1,14,20.4,-1.7,2.3,0.6,0.014,-2.8,-0.1,-2.9,-0.4,2019
415,Chasson Randle,26,GSW,PG,3,0,13.3,0,1.3,0,0,0.7,0,0,0.7,0,0,1.7,2,0.833,0,0.7,0.7,1.7,0.7,0,0,1,1.7,,40,6.7,0.377,0.5,1.5,0,5.6,2.7,15.7,2.4,0,0,7.1,0,0,0,0.045,-6,0.2,-5.9,0,2019
416,Julius Randle,25,NYK,PF,64,64,32.5,7.2,15.7,0.46,1,3.6,0.277,6.2,12.1,0.515,0.492,4,5.5,0.733,2.4,7.4,9.7,3.1,0.8,0.3,3,2.8,19.5,,2080,17.5,0.538,0.23,0.35,7.5,24.9,16,15.8,1.2,1,14.3,27.6,0.9,1.8,2.7,0.062,0.7,-1,-0.3,0.9,2019
417,Josh Reaves,22,DAL,SF,4,0,7,0.8,2.3,0.333,0,0.5,0,0.8,1.8,0.429,0.333,0.5,0.5,1,0.3,0.5,0.8,0.8,0,0,0,1.3,2,,28,5.8,0.405,0.222,0.222,3.8,7.4,5.6,14.2,0,0,0,15.1,0,0,0,0.031,-5.3,-4,-9.4,-0.1,2019
418,Cam Reddish,20,ATL,SF,58,34,26.7,3.7,9.6,0.384,1.4,4.3,0.332,2.2,5.2,0.428,0.459,1.7,2.2,0.802,0.6,3.1,3.7,1.5,1.1,0.5,1.7,2.3,10.5,,1551,9,0.5,0.451,0.227,2.4,12.7,7.5,8,1.9,1.5,13.6,18.9,-1.2,0.8,-0.4,-0.011,-3.3,-1,-4.2,-0.9,2019
419,JJ Redick,35,NOP,SG,60,36,26.4,4.8,10.5,0.453,3,6.6,0.453,1.8,3.9,0.453,0.596,2.8,3.1,0.892,0.2,2.4,2.5,2,0.3,0.2,1.3,1.6,15.3,,1581,15.4,0.644,0.629,0.293,0.7,9.5,5.1,10.8,0.6,0.5,9.5,20.4,3.6,0.6,4.1,0.125,2.3,-1.7,0.7,1.1,2019
420,Naz Reid,20,MIN,C,30,11,16.5,3.3,8.1,0.412,1.1,3.2,0.33,2.3,4.9,0.466,0.477,1.2,1.8,0.698,1.1,3,4.1,1.2,0.6,0.7,0.7,2.8,9,,495,15.3,0.505,0.399,0.218,7,19.9,13.2,11.2,1.8,3.7,7.6,24,0.2,0.6,0.8,0.074,-1.6,-0.3,-1.9,0,2019
421,Josh Richardson,26,PHI,SG,55,53,30.8,5.1,11.7,0.43,1.5,4.5,0.341,3.5,7.2,0.486,0.496,2.1,2.6,0.809,0.7,2.4,3.2,2.9,0.9,0.7,1.9,2.5,13.7,,1693,12,0.533,0.385,0.218,2.7,8.7,5.7,13.9,1.5,1.8,12.8,20.6,0.5,1.7,2.1,0.061,-1.4,-0.4,-1.8,0.1,2019
422,Austin Rivers,27,HOU,SG,68,4,23.4,3.1,7.4,0.421,1.4,4,0.356,1.7,3.4,0.498,0.517,1.1,1.6,0.703,0.4,2.2,2.6,1.7,0.7,0.1,0.7,1.9,8.8,,1594,10.4,0.542,0.539,0.222,1.8,9.8,5.8,10,1.4,0.5,8.3,15.6,1.2,1.2,2.4,0.072,-2.1,-0.4,-2.5,-0.2,2019
423,Andre Roberson,28,OKC,SF,7,0,12.4,1.1,4.1,0.276,0.4,2,0.214,0.7,2.1,0.333,0.328,0.1,0.3,0.5,1,2.9,3.9,0.6,0.1,0.4,0.3,1.9,2.9,,87,5.4,0.335,0.483,0.069,9.2,24.7,17.1,6.3,0.6,3,6.3,16.1,-0.1,0.1,0,-0.017,-5.2,-0.2,-5.4,-0.1,2019
424,Duncan Robinson,25,MIA,SG,73,68,29.7,4.4,9.4,0.47,3.7,8.3,0.446,0.7,1.1,0.654,0.667,0.9,1,0.931,0.1,3,3.2,1.4,0.5,0.3,1,2.6,13.5,,2166,13.1,0.684,0.882,0.105,0.5,11,6,7.1,0.8,0.9,8.9,16,3.7,1.6,5.3,0.118,1.5,-1,0.5,1.3,2019
425,Glenn Robinson III,26,2TM,SF,62,52,28.8,4.6,9.5,0.486,1.2,3.2,0.391,3.4,6.4,0.534,0.552,1.2,1.4,0.86,1.3,3,4.4,1.5,0.9,0.3,0.9,1.6,11.7,,1786,13.3,0.577,0.333,0.145,4.8,11.9,8.2,8.4,1.4,0.8,8,16.4,2,0.9,2.9,0.078,-0.5,-1.2,-1.7,0.1,2019
426,Jerome Robinson,22,2TM,SG,63,6,15.5,1.8,4.9,0.371,0.8,2.4,0.32,1,2.5,0.42,0.45,0.6,0.9,0.702,0.2,1.8,2,1.4,0.4,0.3,0.8,1.8,5.1,,979,7.4,0.476,0.494,0.184,1.4,12.8,7,11.9,1.3,1.5,12.8,16.4,-0.6,0.8,0.2,0.009,-3.8,-0.2,-3.9,-0.5,2019
427,Justin Robinson,22,WAS,PG,9,0,5.4,0.6,1.3,0.417,0.3,0.6,0.6,0.2,0.8,0.286,0.542,0,0,,0.1,0.4,0.6,0.8,0,0.1,0.3,0.2,1.4,,49,8.2,0.542,0.417,0,2.1,9.3,5.6,18.8,0,1.8,20,12.7,0,0,0,0.007,-2.6,-3.1,-5.7,0,2019
428,Mitchell Robinson,21,NYK,C,61,7,23.1,4.1,5.6,0.742,0,0,,4.1,5.6,0.742,0.742,1.4,2.4,0.568,3,4,7,0.6,0.9,2,0.6,3.2,9.7,,1412,23.5,0.726,0,0.434,13.7,18.8,16.2,3.9,1.8,8,8.3,13.3,4.8,2,6.8,0.23,1.6,1.4,2.9,1.8,2019
429,Isaiah Roby,21,OKC,PF,3,0,3.7,0,0.3,0,0,0,,0,0.3,0,0,0,0,,0,0.7,0.7,0,0,0,0.3,0.3,0,,11,-7.7,0,0,0,0,19.5,10,0,0,0,50,8,-0.1,0,0,-0.188,-12,-3.4,-15.4,0,2019
430,Rajon Rondo,33,LAL,PG,48,3,20.5,2.9,6.8,0.418,0.9,2.6,0.328,2,4.2,0.473,0.48,0.6,0.9,0.659,0.5,2.5,3,5,0.8,0,1.9,1.2,7.1,,984,12.4,0.494,0.381,0.125,2.6,13.1,7.9,32.9,1.9,0.2,20.8,18.7,0.1,1.3,1.4,0.068,-1.2,-0.1,-1.4,0.2,2019
431,Derrick Rose,31,DET,PG,50,15,26,7.4,15.1,0.49,0.9,2.9,0.306,6.5,12.1,0.535,0.52,2.4,2.8,0.871,0.5,1.9,2.4,5.6,0.8,0.3,2.5,1,18.1,6MOY-7,1298,21,0.555,0.195,0.185,2.3,8.3,5.3,40.5,1.5,1,13.4,31.6,1.8,0.7,2.5,0.092,3.9,-1.7,2.2,1.4,2019
432,Terrence Ross,28,ORL,SG,69,0,27.4,4.9,12.3,0.403,2.6,7.3,0.351,2.4,5,0.48,0.508,2.3,2.7,0.853,0.2,3,3.2,1.2,1.1,0.3,1,1.6,14.7,,1889,14,0.548,0.596,0.217,0.7,12.3,6.3,6.8,2,1.1,7,22.8,1.1,2,3,0.077,-0.1,-0.3,-0.4,0.8,2019
433,Terry Rozier,25,CHO,PG,63,63,34.3,6.3,14.9,0.423,2.7,6.7,0.407,3.6,8.2,0.436,0.514,2.6,3,0.874,0.8,3.6,4.4,4.1,1,0.2,2.2,2,18,,2164,14.8,0.553,0.45,0.202,2.4,11.8,7,20.4,1.4,0.4,12.1,23.7,1.9,1.1,3,0.066,0.8,-1.2,-0.4,0.8,2019
434,Ricky Rubio,29,PHO,PG,65,65,31,4.4,10.6,0.415,1.2,3.3,0.361,3.2,7.3,0.439,0.471,3,3.5,0.863,0.7,4,4.7,8.8,1.4,0.2,2.7,2.6,13,,2016,16.5,0.535,0.312,0.327,2.5,14.4,8.4,39.7,2.2,0.5,17.9,20.4,2.9,2,4.9,0.117,0.7,0.2,1,1.5,2019
435,D'Angelo Russell,23,2TM,PG,45,45,32.3,8,18.8,0.426,3.5,9.6,0.367,4.5,9.2,0.487,0.519,3.6,4.4,0.809,0.4,3.6,3.9,6.3,1.1,0.3,3.3,1.9,23.1,,1452,18.7,0.556,0.509,0.235,1.2,12.3,6.6,35.2,1.6,0.8,13.6,31.5,1.1,0.7,1.8,0.06,3.8,-1.9,1.9,1.4,2019
436,Domantas Sabonis,23,IND,PF,62,62,34.8,7.4,13.7,0.54,0.3,1.1,0.254,7.1,12.6,0.565,0.55,3.5,4.8,0.723,3,9.4,12.4,5,0.8,0.5,2.7,3.1,18.5,AS,2159,20.7,0.586,0.079,0.349,9.7,29.3,19.6,21.7,1.1,1.2,14.8,23.3,4.1,3.4,7.5,0.168,2,1.2,3.2,2.9,2019
437,Luka Šamanić,20,SAS,PF,3,1,16,1.7,5.3,0.313,1,2.7,0.375,0.7,2.7,0.25,0.406,1,1.3,0.75,0.3,3,3.3,2,0,0.7,0.7,2,5.3,,48,8.8,0.45,0.5,0.25,2.2,20.2,11.2,16.3,0,3.7,10.1,17.8,0,0,0,0.011,-2.4,-1.7,-4.1,0,2019
438,JaKarr Sampson,26,IND,PF,34,12,13.9,2,3.4,0.591,0.1,0.4,0.154,1.9,3,0.647,0.6,0.5,0.8,0.667,0.6,2,2.6,0.6,0.5,0.4,0.4,1.9,4.6,,471,12.6,0.615,0.113,0.235,4.7,15.7,10.2,6.1,1.6,2.2,10.6,13.2,0.6,0.7,1.2,0.124,-2.8,1.4,-1.4,0.1,2019
439,Dario Šarić,25,PHO,PF,66,51,24.7,3.9,8.2,0.476,1.3,3.6,0.357,2.6,4.6,0.568,0.554,1.6,1.9,0.844,1.5,4.6,6.2,1.9,0.6,0.2,1.3,2.4,10.7,,1632,14.2,0.592,0.437,0.238,6.7,21.1,13.8,10.8,1.1,0.9,12.9,17.8,2.1,1.5,3.6,0.105,-0.1,-0.3,-0.4,0.7,2019
440,Tomáš Satoranský,28,CHI,SG,65,64,28.9,3.6,8.5,0.43,1,3.1,0.322,2.7,5.4,0.491,0.488,1.6,1.9,0.876,1.2,2.7,3.9,5.4,1.2,0.1,2,2.1,9.9,,1878,13.5,0.533,0.361,0.22,4.3,11,7.5,27.1,2.1,0.4,17.7,16.7,1.8,1.7,3.5,0.09,-1.1,-0.2,-1.2,0.4,2019
441,Admiral Schofield,22,WAS,PF,33,2,11.2,1.1,2.8,0.38,0.6,1.8,0.311,0.5,0.9,0.516,0.484,0.3,0.5,0.667,0.2,1.2,1.4,0.5,0.2,0.1,0.2,1.5,3,,368,6.1,0.502,0.663,0.163,2,12.4,7,5.3,1,0.9,6.6,11.9,0.1,0.1,0.1,0.017,-4.3,-1.2,-5.5,-0.3,2019
442,Dennis Schröder,26,OKC,PG,65,2,30.8,7,14.8,0.469,1.9,5,0.385,5,9.8,0.513,0.534,3,3.6,0.839,0.3,3.3,3.6,4,0.7,0.2,2.6,2.2,18.9,6MOY-2,1999,16.7,0.575,0.337,0.245,1.1,11.6,6.5,21.9,1.1,0.6,13.4,27.2,1.9,1.8,3.6,0.087,1.1,-1.1,-0.1,1,2019
443,Mike Scott,31,PHI,PF,68,11,17.8,2.2,5.1,0.426,1.2,3.2,0.369,1,2,0.519,0.54,0.4,0.5,0.811,1,2.7,3.6,0.8,0.3,0.1,0.4,1.4,6,,1207,11.2,0.557,0.62,0.106,5.9,16.8,11.3,6.4,0.8,0.4,6.6,14,1.4,1.1,2.5,0.1,-0.7,-1.1,-1.8,0.1,2019
444,Thabo Sefolosha,35,HOU,PF,41,0,10.6,0.9,2.2,0.407,0.4,1.3,0.278,0.5,0.9,0.595,0.489,0.1,0.2,0.375,0.5,1.8,2.3,0.6,0.6,0.3,0.4,1,2.2,,436,9.4,0.487,0.593,0.088,5,17.5,11.2,7.5,2.5,2.4,13.7,10.4,0,0.6,0.7,0.072,-2.9,1.7,-1.2,0.1,2019
445,Collin Sexton,21,CLE,PG,65,65,33,7.9,16.7,0.472,1.5,3.9,0.38,6.4,12.8,0.501,0.517,3.5,4.1,0.846,0.9,2.2,3.1,3,1,0.1,2.4,2.2,20.8,,2143,16.3,0.56,0.235,0.246,3.1,7.5,5.3,15.1,1.5,0.3,11.6,27.2,2.1,0.4,2.5,0.057,0.3,-2.1,-1.8,0.1,2019
446,Landry Shamet,22,LAC,SG,53,30,27.4,3,7.4,0.404,2.1,5.6,0.375,0.9,1.8,0.495,0.546,1.2,1.4,0.855,0.1,1.8,1.9,1.9,0.4,0.2,0.8,2.7,9.3,,1452,8.5,0.58,0.757,0.194,0.4,6.6,3.6,9.1,0.7,0.6,9,13.4,1.5,1.1,2.6,0.086,-1.8,-0.3,-2.1,0,2019
447,Marial Shayok,24,PHI,SG,4,0,7,0.8,3,0.25,0.5,1.5,0.333,0.3,1.5,0.167,0.333,0.8,1,0.75,0.3,1.5,1.8,0.3,0,0.3,0.8,1,2.8,,28,1.4,0.4,0.5,0.333,3.9,23.7,13.8,4.8,0,3,17.9,25.8,-0.1,0,-0.1,-0.13,-9.3,-3.7,-13,-0.1,2019
448,Iman Shumpert,29,BRK,SF,13,0,18.5,1.6,4.9,0.328,0.6,2.5,0.242,1,2.4,0.419,0.391,0.3,0.5,0.571,0.7,1.9,2.6,0.9,0.9,0.2,0.8,1.6,4.2,,241,5.3,0.403,0.516,0.109,3.9,10.5,7.3,6.7,2.4,0.7,13,13.4,-0.3,0.3,0,-0.005,-6.2,0.7,-5.5,-0.2,2019
449,Pascal Siakam,25,TOR,PF,60,60,35.2,8.3,18.4,0.453,2.2,6.1,0.359,6.2,12.3,0.499,0.512,4,5.1,0.792,1.1,6.3,7.3,3.5,1,0.9,2.5,2.8,22.9,"MVP-10,AS,NBA2",2110,17.9,0.554,0.331,0.274,3.3,18.3,11,16.4,1.4,2.5,10.7,28.1,1.8,3.6,5.4,0.123,1.3,0.5,1.8,2,2019
450,Chris Silva,23,MIA,PF,44,0,7.9,1.1,1.8,0.615,0,0.1,0,1.1,1.7,0.64,0.615,0.8,1.3,0.673,1.4,1.5,2.9,0.5,0.2,0.5,0.7,1.9,3,,346,17.3,0.651,0.038,0.705,20.2,20.6,20.4,9.9,1.3,6,23.8,17.1,0.7,0.5,1.3,0.178,-3.1,0.8,-2.3,0,2019
451,Ben Simmons,23,PHI,PG,57,57,35.4,6.6,11.4,0.58,0,0.1,0.286,6.5,11.2,0.583,0.581,3.2,5.2,0.621,2,5.8,7.8,8,2.1,0.6,3.5,3.3,16.4,"DPOY-4,AS,NBA3,DEF1",2017,20.4,0.602,0.011,0.461,6.2,18.2,12.2,33.8,2.9,1.4,20.4,20.9,3.8,3.1,6.9,0.165,1.3,2.3,3.6,2.8,2019
452,Anfernee Simons,20,POR,SG,70,4,20.7,3.1,7.7,0.399,1.1,3.2,0.332,2,4.4,0.448,0.469,1.1,1.3,0.826,0.4,1.8,2.2,1.4,0.4,0.1,0.9,1.9,8.3,,1449,9,0.502,0.422,0.172,1.8,9.1,5.5,9.2,0.9,0.6,9.6,18.7,0,0.1,0.2,0.005,-2.6,-1.9,-4.5,-0.9,2019
453,Alen Smailagić,19,GSW,C,14,0,9.9,1.4,2.9,0.5,0.2,0.9,0.231,1.2,1.9,0.63,0.538,1.1,1.4,0.842,0.7,1.2,1.9,0.9,0.2,0.3,0.8,1,4.2,,139,14.5,0.61,0.325,0.475,7.5,13.7,10.5,14.3,1,2.6,18.5,18.2,0.2,0.1,0.2,0.081,-1.5,-0.7,-2.2,0,2019
454,Marcus Smart,25,BOS,SG,60,40,32,4.3,11.4,0.375,2.3,6.6,0.347,2,4.8,0.415,0.476,2.1,2.5,0.836,0.7,3.1,3.8,4.9,1.7,0.5,1.7,2.7,12.9,"DPOY-6,DEF1",1919,13.8,0.518,0.579,0.223,2.4,10.1,6.3,21.1,2.5,1.4,12.1,18.9,1.7,2.8,4.5,0.112,0,1.4,1.4,1.6,2019
455,Dennis Smith Jr.,22,NYK,PG,34,3,15.8,2.1,6.2,0.341,0.5,1.6,0.296,1.6,4.6,0.357,0.379,0.8,1.6,0.509,0.6,1.7,2.3,2.9,0.8,0.2,1.7,1.9,5.5,,537,7.4,0.399,0.256,0.251,4.1,11.7,7.7,26.4,2.5,1.4,19.8,23.1,-1.4,0.5,-0.9,-0.079,-5.2,-0.9,-6.1,-0.6,2019
456,Ish Smith,31,WAS,PG,68,23,26.3,4.5,10.1,0.447,0.9,2.5,0.367,3.6,7.6,0.473,0.492,0.9,1.3,0.721,0.4,2.8,3.2,4.9,0.9,0.4,1.4,1.6,10.9,,1787,13.9,0.509,0.245,0.125,1.8,12,6.7,27.1,1.5,1.5,11.6,19.1,1.3,0.6,1.9,0.051,-0.3,-1,-1.3,0.3,2019
457,J.R. Smith,34,LAL,SG,6,0,13.2,1.2,3.7,0.318,0.2,1.8,0.091,1,1.8,0.545,0.341,0.3,0.3,1,0,0.8,0.8,0.5,0.2,0,0.7,0.8,2.8,,79,0,0.372,0.5,0.091,0,6.9,3.5,4.8,0.6,0,14.9,14.3,-0.2,0.1,-0.1,-0.077,-7.8,-2,-9.8,-0.2,2019
458,Zhaire Smith,20,PHI,SF,7,0,4.6,0.4,1.6,0.273,0,0.4,0,0.4,1.1,0.375,0.273,0.3,0.6,0.5,0,0.3,0.3,0.3,0.4,0,0.3,0.6,1.1,,32,1.1,0.313,0.273,0.364,0,6.9,3.5,8.2,4.5,0,13.6,19.9,-0.1,0.1,-0.1,-0.12,-10.2,0.4,-9.8,-0.1,2019
459,Tony Snell,28,DET,SF,59,57,27.8,2.9,6.5,0.445,1.7,4.3,0.402,1.2,2.2,0.531,0.579,0.5,0.5,1,0.2,1.7,1.9,2.2,0.5,0.3,0.5,1.7,8,,1641,9.7,0.598,0.665,0.084,0.6,7.1,3.8,10.9,1,0.8,7.3,11.4,2.1,0.5,2.6,0.076,-1.2,-0.6,-1.8,0.1,2019
460,Omari Spellman,22,GSW,C,49,3,18.1,2.6,6,0.431,0.9,2.2,0.391,1.7,3.8,0.454,0.503,1.5,1.9,0.793,1.6,2.9,4.5,1,0.7,0.5,1.1,1.3,7.6,,886,14.4,0.551,0.373,0.312,9.1,18,13.4,8.1,1.8,2.4,13.9,18.8,0.5,0.7,1.2,0.066,-0.8,-1,-1.8,0.1,2019
461,Max Strus,23,CHI,SF,2,0,3,1,1.5,0.667,0,0.5,0,1,1,1,0.667,0.5,0.5,1,0.5,0,0.5,0,0,0,0,0.5,2.5,,6,30.7,0.727,0.333,0.333,17.5,0,9.2,0,0,0,0,24.4,0,0,0,0.316,5.7,-1.7,3.9,0,2019
462,Edmond Sumner,24,IND,SG,31,3,14.4,2,4.6,0.43,0.5,1.7,0.264,1.5,2.9,0.528,0.479,0.5,0.9,0.552,0.4,1.1,1.5,1.8,0.5,0.3,0.7,1.4,4.9,,447,10.1,0.491,0.373,0.204,2.7,8.5,5.6,16.7,1.6,1.8,12.4,17.3,-0.1,0.5,0.4,0.047,-3.1,0.2,-2.9,-0.1,2019
463,Caleb Swanigan,22,2TM,PF,27,1,10.7,1,1.7,0.596,0,0.1,0,1,1.7,0.622,0.596,0.3,0.6,0.529,1,2.7,3.7,1.1,0.1,0.3,1.4,2.3,2.4,,288,7.6,0.597,0.043,0.362,9.9,26.4,18.3,13.9,0.5,2.2,40.4,13.5,-0.2,0.2,0,0.004,-6.3,0.2,-6,-0.3,2019
464,Jayson Tatum,21,BOS,PF,66,66,34.3,8.4,18.6,0.45,2.9,7.1,0.403,5.5,11.5,0.48,0.527,3.8,4.7,0.812,1,6,7,3,1.4,0.9,2.3,2.1,23.4,"MVP-12,AS,NBA3",2265,20.4,0.567,0.383,0.255,3.1,18.5,10.9,14.5,2,2.3,10.2,28.6,3.2,3.7,6.9,0.146,3.5,0.6,4,3.4,2019
465,Jeff Teague,31,2TM,PG,59,17,24.8,3.6,8.3,0.436,0.7,2,0.368,2.9,6.3,0.457,0.48,2.9,3.3,0.873,0.5,1.9,2.4,5.2,0.7,0.3,2,1.8,10.9,,1464,14.6,0.557,0.239,0.403,1.9,8.6,5.2,30.7,1.4,1.1,16.8,19.5,1.9,0.6,2.5,0.082,-0.2,-1.3,-1.5,0.2,2019
466,Garrett Temple,33,BRK,SG,62,35,27.9,3.6,9.5,0.378,2,6.2,0.329,1.5,3.2,0.473,0.486,1.1,1.4,0.805,0.5,3,3.5,2.5,0.8,0.5,1,1.7,10.3,,1730,10.5,0.513,0.658,0.148,1.8,11.1,6.5,12.8,1.3,1.4,9,16.6,0.7,1.7,2.4,0.066,-1.4,0.3,-1.1,0.4,2019
467,Daniel Theis,27,BOS,C,65,64,24.1,3.7,6.6,0.566,0.5,1.5,0.333,3.2,5.1,0.633,0.603,1.3,1.8,0.763,2.2,4.4,6.6,1.7,0.6,1.3,0.8,3.4,9.2,,1566,17.9,0.631,0.225,0.268,9.7,19.3,14.6,10.1,1.1,5,10.2,14.4,4,2.6,6.5,0.201,0.6,1.8,2.4,1.7,2019
468,Isaiah Thomas,30,WAS,PG,40,37,23.1,4.4,10.7,0.408,2,4.7,0.413,2.4,5.9,0.405,0.5,1.6,1.9,0.816,0.3,1.4,1.7,3.7,0.3,0.2,1.9,1.9,12.2,,925,11.6,0.531,0.444,0.178,1.2,7,4,23.4,0.7,0.6,14.4,24.1,0.1,-0.1,0,0.002,-0.5,-3.9,-4.4,-0.5,2019
469,Khyri Thomas,23,DET,SG,8,0,7.6,0.6,2.1,0.294,0.6,1.8,0.357,0,0.4,0,0.441,0.3,0.5,0.5,0.1,0,0.1,0.4,0.4,0,0.4,1.1,2.1,,61,3.1,0.453,0.824,0.235,1.8,0,0.9,6.7,2.4,0,13.8,15.6,-0.1,0,0,-0.038,-6.2,-1.7,-7.9,-0.1,2019
470,Lance Thomas,31,BRK,PF,7,4,14,1.1,3.3,0.348,0.6,1.9,0.308,0.6,1.4,0.4,0.435,0.6,0.6,1,0.3,1.6,1.9,0.9,0,0,0.9,1.6,3.4,,98,3,0.485,0.565,0.174,2.2,11.4,6.9,8.2,0,0,19.5,13.1,-0.1,0.1,0,-0.015,-5.7,-2.5,-8.2,-0.2,2019
471,Matt Thomas,25,TOR,SG,41,1,10.7,1.8,3.7,0.487,1.1,2.4,0.475,0.6,1.2,0.51,0.643,0.2,0.3,0.75,0.2,1.3,1.5,0.5,0.2,0,0.4,0.9,4.9,,440,13.3,0.65,0.66,0.08,2.2,12.2,7.3,7.5,1.1,0.2,9.3,16.6,0.7,0.6,1.2,0.133,1,0.1,1.1,0.3,2019
472,Tristan Thompson,28,CLE,C,57,51,30.2,5.1,9.9,0.512,0.2,0.4,0.391,4.9,9.5,0.518,0.52,1.7,2.8,0.615,4,6.2,10.1,2.1,0.6,0.9,1.8,2.2,12,,1721,16.8,0.54,0.041,0.286,14.5,22.9,18.6,10.5,0.9,2.5,14,18.3,2,1.1,3.1,0.085,-0.2,-1.3,-1.5,0.2,2019
473,Sindarius Thornwell,25,NOP,SF,2,0,17.5,3,5.5,0.545,1,2,0.5,2,3.5,0.571,0.636,1,2,0.5,0,2,2,2,0.5,0.5,1,1,8,,35,14.7,0.627,0.364,0.364,0,12.2,6.1,16.1,1.3,2.4,13.6,17.3,0,0,0.1,0.101,0.4,-1.2,-0.8,0,2019
474,Matisse Thybulle,22,PHI,SG,65,14,19.8,1.7,4.1,0.423,0.9,2.4,0.357,0.9,1.7,0.519,0.528,0.4,0.6,0.61,0.7,1,1.6,1.2,1.4,0.7,0.8,2.2,4.7,,1287,10,0.539,0.592,0.155,3.8,5.4,4.6,8,3.5,3.1,15.3,11.2,0.3,2,2.3,0.086,-2.8,3.1,0.3,0.8,2019
475,Anthony Tolliver,34,3TM,PF,55,13,15.9,1.2,3.3,0.357,0.9,2.6,0.338,0.3,0.7,0.432,0.492,0.4,0.5,0.724,0.6,2.2,2.8,0.8,0.3,0.2,0.6,1.3,3.6,,872,7,0.513,0.797,0.159,4.1,14.3,9.3,6,1,1.1,14.9,11.1,0,0.4,0.5,0.026,-2.7,-0.5,-3.2,-0.3,2019
476,Juan Toscano-Anderson,26,GSW,SG,13,6,20.9,2.2,4.8,0.46,0.6,1.8,0.348,1.6,3.1,0.525,0.524,0.2,0.4,0.6,0.7,3.3,4,2,1,0.4,1.2,2.3,5.3,,272,9.4,0.529,0.365,0.079,3.5,17.8,10.4,13.8,2.3,1.7,19.7,12.7,-0.1,0.2,0.2,0.03,-4.1,0.5,-3.6,-0.1,2019
477,Karl-Anthony Towns,24,MIN,C,35,35,33.9,9,17.8,0.508,3.3,7.9,0.412,5.8,9.9,0.586,0.6,5.1,6.5,0.796,2.7,8.1,10.8,4.4,0.9,1.2,3.1,3.3,26.5,,1187,26.5,0.642,0.445,0.363,8.1,26.1,16.8,22.8,1.3,2.9,13.2,28.8,3.7,1.3,5.1,0.204,7,0.8,7.8,2.9,2019
478,Gary Trent Jr.,21,POR,SF,61,8,21.8,3.2,7.2,0.444,1.8,4.4,0.418,1.4,2.8,0.486,0.571,0.6,0.7,0.822,0.4,1.2,1.6,1,0.8,0.3,0.3,1.5,8.9,,1332,12.9,0.587,0.608,0.102,2,5.8,3.9,6.3,1.7,1,4.4,15.3,2.2,0.3,2.5,0.089,0.5,-0.8,-0.3,0.6,2019
479,Allonzo Trier,24,NYK,SG,24,1,12.1,2.1,4.4,0.481,0.8,2.2,0.358,1.3,2.2,0.604,0.571,1.4,1.8,0.791,0.3,1,1.2,1.2,0.1,0.2,0.9,1.2,6.5,,291,14.5,0.62,0.5,0.406,2.1,8.7,5.3,14.8,0.5,1.3,15,21.4,0.5,0.1,0.5,0.087,1,-1.4,-0.4,0.1,2019
480,P.J. Tucker,34,HOU,PF,72,72,34.3,2.5,5.9,0.415,1.5,4.2,0.358,1,1.8,0.551,0.541,0.5,0.7,0.813,1.6,5.1,6.6,1.6,1.1,0.5,1,3.2,6.9,,2467,8.3,0.559,0.702,0.113,4.7,15.6,10.1,6,1.4,1.2,13.9,8.7,1.6,2.4,4,0.078,-2.4,0.6,-1.9,0.1,2019
481,Rayjon Tucker,22,UTA,SG,20,0,8.1,1,2.2,0.465,0.2,0.9,0.176,0.9,1.3,0.654,0.5,1,1.2,0.826,0.2,0.9,1,0.3,0.1,0.1,0.4,0.5,3.1,,161,9.7,0.584,0.395,0.535,2.1,11.2,6.8,4.4,0.3,0.5,13.1,16.6,0.1,0.1,0.2,0.063,-3.8,-2.2,-6.1,-0.2,2019
482,Evan Turner,31,ATL,SG,19,0,13.2,1.3,3.5,0.373,0,0.3,0,1.3,3.3,0.403,0.373,0.6,0.7,0.857,0.4,1.6,2,2,0.5,0.4,1.4,1.1,3.3,,251,6.8,0.424,0.075,0.209,3.4,13,8.2,20.6,1.7,2.7,26.2,16.4,-0.5,0.1,-0.3,-0.064,-4.9,-0.7,-5.5,-0.2,2019
483,Myles Turner,23,IND,C,62,62,29.5,4.3,9.5,0.457,1.4,4,0.344,2.9,5.4,0.54,0.53,2,2.7,0.751,1.4,5.2,6.6,1.2,0.7,2.1,1.4,2.7,12.1,,1826,14.8,0.566,0.426,0.288,5.2,19.1,12.2,5.4,1.2,6.4,11.4,17.9,1.1,3.1,4.2,0.111,-1,1.1,0.1,1,2019
484,Jarrod Uthoff,26,2TM,PF,7,0,7.6,1,2.6,0.389,0.4,1.3,0.333,0.6,1.3,0.444,0.472,0.3,0.3,1,0.3,0.6,0.9,0,0.1,0,0,0.3,2.7,,53,8.8,0.503,0.5,0.111,4,8.6,6.1,0,0.9,0,0,14.8,0,0,0,0.018,-2.2,-2.4,-4.6,0,2019
485,Jonas Valančiūnas,27,MEM,C,70,70,26.4,6.2,10.6,0.585,0.5,1.3,0.352,5.7,9.3,0.617,0.606,2.1,2.9,0.74,3,8.2,11.3,1.9,0.4,1.1,1.8,2.6,14.9,,1845,22.2,0.631,0.123,0.271,12.4,32.2,22.5,10.9,0.8,3.6,13.3,21.5,4.2,2.8,7,0.182,2.1,0.2,2.4,2,2019
486,Denzel Valentine,26,CHI,SF,36,5,13.6,2.7,6.6,0.409,1.3,3.8,0.336,1.4,2.8,0.51,0.506,0.2,0.2,0.75,0.3,1.8,2.1,1.2,0.7,0.2,0.7,1.4,6.8,,488,13,0.511,0.578,0.034,1.9,15.5,8.4,14.2,2.6,1.2,9.8,23.3,-0.1,0.6,0.5,0.048,-0.8,0.2,-0.6,0.2,2019
487,Jarred Vanderbilt,20,2TM,PF,11,0,4.2,0.5,0.7,0.625,0,0.1,0,0.5,0.6,0.714,0.625,0.2,0.2,1,0.3,0.5,0.8,0.2,0.3,0.1,0.6,0.5,1.1,,46,7.6,0.676,0.125,0.25,7.3,14.5,10.9,5.9,3.2,2,44.1,14.9,-0.1,0.1,0,-0.026,-6.8,0.5,-6.3,-0.1,2019
488,Fred VanVleet,25,TOR,SG,54,54,35.7,5.9,14.3,0.413,2.7,6.9,0.39,3.2,7.4,0.434,0.507,3.1,3.7,0.848,0.3,3.4,3.8,6.6,1.9,0.3,2.2,2.4,17.6,,1928,16.3,0.553,0.484,0.256,1,9.9,5.6,27.7,2.5,0.9,12.3,21.7,2.8,3.1,5.8,0.145,1.3,1.4,2.7,2.3,2019
489,Gabe Vincent,23,MIA,PG,9,0,9.2,0.9,4.1,0.216,0.7,3,0.222,0.2,1.1,0.2,0.297,0,0,,0,0.6,0.6,0.7,0.6,0,0.1,0.7,2.4,,83,1.2,0.297,0.73,0,0,6.5,3.4,10.1,2.9,0,2.6,20.2,-0.3,0.1,-0.2,-0.117,-8.5,-1.9,-10.4,-0.2,2019
490,Noah Vonleh,24,2TM,C,36,1,10.5,1.4,2.6,0.565,0.1,0.4,0.2,1.4,2.1,0.636,0.582,0.7,0.9,0.781,1,2.4,3.4,0.8,0.3,0.2,0.6,1.1,3.7,,377,15.5,0.622,0.163,0.348,10.1,25.3,17.4,10.7,1.4,1.3,16.5,13.9,0.6,0.4,1,0.127,-1.2,0.3,-1,0.1,2019
491,Nikola Vučević,29,ORL,C,62,62,32.2,8,16.7,0.477,1.6,4.7,0.339,6.4,12,0.531,0.525,2.1,2.7,0.784,2.3,8.6,10.9,3.6,0.9,0.8,1.4,2.2,19.6,,1998,21.9,0.549,0.28,0.162,7.3,29.7,18.1,19.5,1.3,2.1,7.4,25.8,3.5,2.9,6.4,0.153,3.7,0.5,4.2,3.1,2019
492,Dean Wade,23,CLE,PF,12,0,5.9,0.8,1.1,0.692,0.2,0.3,0.5,0.6,0.8,0.778,0.769,0,0.1,0,0.3,1.3,1.6,0.2,0.2,0.3,0.3,0.7,1.7,,71,13.9,0.744,0.308,0.077,4.6,25.3,14.9,4,1.4,4.8,18.2,9.9,0.1,0.1,0.2,0.105,-1.7,0.5,-1.3,0,2019
493,Moritz Wagner,22,WAS,C,45,5,18.6,3.2,5.9,0.545,0.6,1.8,0.313,2.7,4.1,0.645,0.592,1.7,2.1,0.821,1.2,3.6,4.9,1.2,0.6,0.4,1.5,3.4,8.7,,835,15.1,0.638,0.301,0.357,7,22.2,14.3,9.8,1.6,2,17.7,18.6,1.1,0.6,1.7,0.099,-2,-0.3,-2.3,-0.1,2019
494,Dion Waiters,28,2TM,SG,10,0,20.7,4.1,9.9,0.414,1.5,4.7,0.319,2.6,5.2,0.5,0.49,1.4,1.7,0.824,0.2,2.2,2.4,2,0.4,0.6,1.6,2.1,11.1,,207,11.5,0.521,0.475,0.172,1.1,11.5,6.4,14.4,0.9,2.7,13.1,25.2,-0.1,0.2,0.1,0.03,-0.7,-0.6,-1.2,0,2019
495,Kemba Walker,29,BOS,PG,56,56,31.1,6.8,15.9,0.425,3.2,8.4,0.381,3.5,7.4,0.476,0.526,3.7,4.3,0.864,0.6,3.2,3.9,4.8,0.9,0.5,2.1,1.6,20.4,AS,1742,20,0.575,0.532,0.272,2.2,11,6.7,24.2,1.3,1.5,10.5,27.2,3.9,2,5.9,0.162,4.9,-0.3,4.6,2.9,2019
496,Lonnie Walker IV,21,SAS,SG,61,12,16.2,2.5,5.9,0.426,0.7,1.7,0.406,1.8,4.2,0.434,0.483,0.7,1,0.721,0.4,1.9,2.3,1.1,0.5,0.2,0.7,1.3,6.4,,988,10.5,0.507,0.283,0.171,2.5,12.7,7.6,9.6,1.5,1.2,10.3,18.7,-0.2,0.6,0.3,0.016,-2.5,-1,-3.5,-0.4,2019
497,Tyrone Wallace,25,ATL,SG,14,0,11.4,1,3.1,0.318,0.1,1.1,0.067,0.9,2.1,0.448,0.33,0.8,1.2,0.647,0.2,1.4,1.6,0.9,0.5,0.1,0.7,1.4,2.9,,160,3.9,0.389,0.341,0.386,2,13,7.4,10.9,2,0.5,16.3,16,-0.3,0.1,-0.2,-0.075,-7.8,-1,-8.7,-0.3,2019
498,Derrick Walton,24,2TM,PG,26,1,9.5,0.7,1.5,0.462,0.4,0.9,0.417,0.3,0.6,0.533,0.59,0.3,0.3,0.778,0.1,0.5,0.6,1,0.3,0,0.2,0.8,2,,248,8.7,0.617,0.615,0.231,0.9,5.8,3.4,13.9,1.4,0,10.4,8.1,0.4,0.2,0.6,0.111,-2.2,1.3,-1,0.1,2019
499,Brad Wanamaker,30,BOS,PG,71,1,19.3,2.3,5.1,0.448,0.5,1.4,0.363,1.8,3.7,0.481,0.499,1.8,1.9,0.926,0.3,1.7,2,2.5,0.9,0.2,1.1,1.9,6.9,,1369,12.8,0.577,0.282,0.376,1.7,9.4,5.6,17.8,2.2,0.9,15.3,15.5,1.8,1.8,3.5,0.124,-1.9,1.3,-0.6,0.5,2019
500,T.J. Warren,26,IND,SF,67,67,32.9,8,14.9,0.536,1.4,3.4,0.403,6.6,11.5,0.575,0.581,2.5,3,0.819,1,3.2,4.2,1.5,1.2,0.5,1.3,2.8,19.8,,2202,18.4,0.61,0.227,0.205,3.4,10.5,7,7.1,1.7,1.4,7.2,23.3,4,2.6,6.5,0.143,1.2,0,1.1,1.7,2019
501,P.J. Washington,21,CHO,PF,58,57,30.3,4.6,10.2,0.455,1.5,4,0.374,3.1,6.2,0.507,0.528,1.5,2.3,0.647,1,4.4,5.4,2.1,0.9,0.8,1.6,2.7,12.2,,1759,12.4,0.547,0.39,0.231,3.5,16.6,9.8,11.3,1.5,2.3,12.5,18.6,0.5,1.5,2,0.054,-1.7,0.1,-1.6,0.2,2019
502,Yuta Watanabe,25,MEM,SF,18,0,5.8,0.8,1.9,0.441,0.2,0.4,0.375,0.7,1.4,0.462,0.485,0.2,0.4,0.375,0.4,0.7,1.1,0.3,0.3,0.1,0.1,0.5,2,,105,11.2,0.48,0.235,0.235,7.2,12.8,10,6.4,2.2,0.8,5.1,15.7,0,0.1,0.1,0.065,-2.4,0.7,-1.7,0,2019
503,Tremont Waters,22,BOS,PG,11,1,10.8,1.3,4.5,0.286,0.4,2.2,0.167,0.9,2.3,0.4,0.327,0.7,0.7,1,0,1.1,1.1,1.5,0.9,0.2,1.4,1.2,3.6,,119,4.3,0.381,0.49,0.163,0,10.7,5.4,18.3,4.1,1.6,22.2,24.2,-0.5,0.2,-0.3,-0.103,-8.5,1,-7.5,-0.2,2019
504,Paul Watson,25,2TM,SF,10,0,8.7,1,2.6,0.385,0.4,1.2,0.333,0.6,1.4,0.429,0.462,0.7,0.9,0.778,0.2,1.5,1.7,0.8,0.4,0.1,0.3,0.5,3.1,,87,12.6,0.517,0.462,0.346,2.5,17.9,10.3,12.4,2.2,1.1,9.1,16.1,0,0.1,0.2,0.097,-1.1,0.9,-0.2,0,2019
505,Quinndary Weatherspoon,23,SAS,SG,11,0,7.1,0.5,1.5,0.294,0.1,0.5,0.2,0.4,1.1,0.333,0.324,0.1,0.2,0.5,0.1,0.5,0.6,1,0.3,0.1,0.5,0.7,1.1,,78,3.2,0.336,0.294,0.118,1.4,8.3,4.8,17.5,1.8,1.1,21.9,12.7,-0.2,0,-0.1,-0.071,-6.4,-1,-7.4,-0.1,2019
506,Russell Westbrook,31,HOU,PG,57,57,35.9,10.6,22.5,0.472,1,3.7,0.258,9.6,18.7,0.514,0.493,5.1,6.7,0.763,1.8,6.2,7.9,7,1.6,0.4,4.5,3.5,27.2,"AS,NBA3",2049,21,0.536,0.166,0.297,5.1,18.1,11.5,35.6,2.1,0.8,15,34.4,1.7,2.5,4.2,0.098,1.6,-0.1,1.5,1.8,2019
507,Coby White,19,CHI,PG,65,1,25.8,4.8,12.2,0.394,2,5.8,0.354,2.8,6.4,0.43,0.478,1.6,2,0.791,0.4,3.1,3.5,2.7,0.8,0.1,1.7,1.8,13.2,ROY-5,1674,11.9,0.506,0.475,0.163,1.8,14,7.6,16.5,1.4,0.3,11.4,24.4,-0.5,1.4,0.9,0.026,-1.3,-1.6,-2.9,-0.4,2019
508,Derrick White,25,SAS,SG,68,20,24.7,3.7,8.1,0.458,1.2,3.2,0.366,2.6,4.9,0.518,0.53,2.6,3.1,0.853,0.5,2.8,3.3,3.5,0.6,0.9,1.3,2.2,11.3,,1677,16.4,0.593,0.391,0.382,2.3,12.1,7.2,20,1.3,3.1,12.1,18.9,3.1,1.1,4.2,0.119,1.2,0.1,1.3,1.4,2019
509,Hassan Whiteside,30,POR,C,67,61,30,6.5,10.5,0.621,0.1,0.1,0.571,6.4,10.4,0.622,0.624,2.4,3.6,0.686,3.9,9.7,13.5,1.2,0.4,2.9,1.8,2.9,15.5,DPOY-11,2008,25,0.644,0.01,0.34,13.6,33.3,23.6,5.9,0.6,8.4,12.9,19.6,5.6,3,8.5,0.204,2.5,0.7,3.2,2.6,2019
510,Andrew Wiggins,24,2TM,SF,54,54,34.4,8.1,18.1,0.447,2.1,6.2,0.332,6,11.9,0.506,0.504,3.5,5,0.709,1.2,3.9,5.1,3.7,0.8,1,2.4,2.4,21.8,,1858,16.4,0.536,0.342,0.274,3.6,12.3,7.8,18.1,1.1,2.4,10.7,27.4,0.8,1.1,1.9,0.05,1.1,-1.4,-0.3,0.8,2019
511,Grant Williams,21,BOS,PF,69,5,15.1,1.3,3.1,0.412,0.3,1.4,0.25,0.9,1.7,0.548,0.469,0.6,0.8,0.722,0.9,1.7,2.6,1,0.4,0.5,0.7,2.4,3.4,,1043,7.9,0.505,0.455,0.256,6.1,12.1,9.1,8.5,1.4,3.2,17.6,11.6,0.1,1.4,1.6,0.071,-4.1,1.4,-2.7,-0.2,2019
512,Johnathan Williams,24,WAS,PF,15,6,12,1.3,2.3,0.559,0,0.1,0,1.3,2.1,0.594,0.559,0.5,0.9,0.538,1.6,2.7,4.3,0.5,0.1,0.5,0.3,1.1,3,,180,14,0.566,0.059,0.382,14,25.3,19.4,5.9,0.3,3.9,11.2,10.3,0.3,0.1,0.4,0.109,-0.8,-1.3,-2,0,2019
513,Kenrich Williams,25,NOP,PF,39,18,21.3,1.3,3.8,0.347,0.6,2.5,0.258,0.7,1.3,0.52,0.432,0.2,0.7,0.346,1.3,3.5,4.8,1.5,0.7,0.5,0.6,2.3,3.5,,832,7.5,0.429,0.66,0.177,6.5,17.3,11.9,8.4,1.5,2.1,12.2,8.9,0.1,0.8,0.9,0.05,-3.4,0.9,-2.4,-0.1,2019
514,Lou Williams,33,LAC,PG,65,8,28.7,6,14.4,0.418,1.7,4.8,0.352,4.3,9.6,0.451,0.477,4.5,5.2,0.861,0.5,2.6,3.1,5.6,0.7,0.2,2.8,1.2,18.2,6MOY-3,1864,17.3,0.546,0.337,0.362,1.8,9.2,5.6,30.1,1.1,0.6,14.4,28.4,2.3,1.8,4.1,0.105,2.2,-1.4,0.7,1.3,2019
515,Marvin Williams,33,2TM,PF,58,1,19.5,2.1,4.6,0.446,1,2.7,0.359,1.1,1.9,0.568,0.551,0.8,1,0.86,0.5,2.6,3.2,1,0.6,0.5,0.6,1.8,5.9,,1129,11.2,0.587,0.584,0.213,2.8,14.3,8.5,7.6,1.6,2.4,10.2,12.5,1.1,1.3,2.4,0.102,-1.6,1,-0.6,0.4,2019
516,Robert Williams,22,BOS,C,29,1,13.4,2.2,3,0.727,0,0,,2.2,3,0.727,0.727,0.8,1.2,0.647,1.4,3,4.4,0.9,0.8,1.2,0.7,1.8,5.2,,388,23.1,0.728,0,0.386,11.2,24,17.7,10.1,2.7,8.4,16.9,13.6,1.1,1,2,0.253,0.8,4.3,5.1,0.7,2019
517,Nigel Williams-Goss,25,UTA,PG,10,0,5,0.5,1.6,0.313,0.2,0.7,0.286,0.3,0.9,0.333,0.375,0.2,0.2,1,0.2,0.4,0.6,0.6,0.3,0.1,0.3,0.6,1.4,,50,8.1,0.415,0.438,0.125,4.6,8.5,6.6,16.4,2.9,1.7,15.1,17.4,-0.1,0.1,0,0.017,-5.2,1.3,-3.9,0,2019
518,Zion Williamson,19,NOP,PF,24,24,27.8,8.8,15,0.583,0.3,0.6,0.429,8.5,14.4,0.59,0.592,4.8,7.4,0.64,2.7,3.6,6.3,2.1,0.7,0.4,2.5,1.8,22.5,ROY-3,668,24.1,0.616,0.039,0.494,10.1,13.7,11.9,13.3,1.1,1.1,11.9,30.5,1.5,0.4,2,0.141,3.5,-1.4,2.1,0.7,2019
519,D.J. Wilson,23,MIL,PF,37,1,9.8,1.4,3.6,0.394,0.5,2,0.247,0.9,1.6,0.576,0.462,0.3,0.5,0.611,0.3,2.2,2.5,0.7,0.1,0.1,0.5,0.9,3.6,,363,8.2,0.475,0.553,0.136,3.5,20.5,12.5,9.1,0.4,1.2,12,18.1,-0.3,0.6,0.3,0.046,-4.1,0,-4,-0.2,2019
520,Justise Winslow,23,MIA,SG,11,5,32,4.5,11.7,0.388,0.5,2.5,0.222,4,9.3,0.431,0.411,1.6,2.5,0.667,1.5,5.2,6.6,4,0.6,0.5,2.2,3.5,11.3,,352,8.5,0.44,0.209,0.209,5.3,17.5,11.6,18.7,1,1.4,14.6,20.6,-0.4,0.4,0,-0.004,-3.5,-0.1,-3.6,-0.1,2019
521,Christian Wood,24,DET,PF,62,12,21.4,4.6,8.2,0.567,0.9,2.3,0.386,3.8,5.9,0.636,0.62,2.9,3.9,0.744,1.7,4.6,6.3,1,0.5,0.9,1.4,1.6,13.1,6MOY-4,1325,23.2,0.659,0.276,0.476,8.8,24.8,16.7,7.6,1.3,3.4,12,23,3.6,1.5,5.1,0.183,3.5,-0.3,3.1,1.7,2019
522,Delon Wright,27,DAL,PG,73,5,21.5,2.6,5.6,0.462,0.6,1.7,0.37,2,3.9,0.504,0.519,1.1,1.4,0.77,1,2.9,3.8,3.3,1.2,0.3,1,1.3,6.9,,1570,15.4,0.554,0.309,0.243,4.7,13.8,9.4,21,2.6,1.2,13.8,14.4,2.6,1.8,4.4,0.134,0,1.9,1.9,1.5,2019
523,Justin Wright-Foreman,22,UTA,PG,4,0,11.3,1.8,5,0.35,0.5,2.5,0.2,1.3,2.5,0.5,0.4,0.8,1,0.75,0,1.3,1.3,1.8,0.5,0,0.8,1.3,4.8,,45,8.8,0.437,0.5,0.2,0,11.8,6.1,23,2.2,0,12.1,24.1,-0.1,0.1,0,-0.008,-7,-2,-9,-0.1,2019
524,Thaddeus Young,31,CHI,PF,64,16,24.9,4.2,9.4,0.448,1.2,3.5,0.356,3,5.9,0.501,0.513,0.7,1.1,0.583,1.5,3.5,4.9,1.8,1.4,0.4,1.6,2.1,10.3,,1591,13.3,0.521,0.369,0.12,6.2,16.1,10.9,11.3,2.8,1.4,13.9,19.7,-0.2,2.1,1.9,0.058,-1.4,0.2,-1.2,0.3,2019
525,Trae Young,21,ATL,PG,60,60,35.3,9.1,20.8,0.437,3.4,9.5,0.361,5.7,11.4,0.501,0.519,8,9.3,0.86,0.5,3.7,4.3,9.3,1.1,0.1,4.8,1.7,29.6,AS,2120,23.9,0.595,0.455,0.448,1.6,11.5,6.5,45.6,1.4,0.3,16.2,34.9,5.3,0.6,5.9,0.133,6.2,-2.3,3.9,3.1,2019
526,Cody Zeller,27,CHO,C,58,39,23.1,4.3,8.3,0.524,0.3,1.3,0.24,4,7,0.577,0.543,2.1,3.1,0.682,2.8,4.3,7.1,1.5,0.7,0.4,1.3,2.4,11.1,,1341,18.8,0.576,0.157,0.374,12.6,21.2,16.7,11.3,1.5,1.7,11.9,20.8,2.3,1.3,3.6,0.129,0.2,-0.8,-0.6,0.5,2019
527,Tyler Zeller,30,SAS,C,2,0,2,0.5,2,0.25,0,0,,0.5,2,0.25,0.25,0,0,,1.5,0.5,2,0,0,0,0,0,1,,4,22.4,0.25,0,0,80.9,26.9,53.9,0,0,0,0,43.2,0,0,0,-0.075,-0.3,-22.1,-22.4,0,2019
528,Ante Žižić,23,CLE,C,22,0,10,1.9,3.3,0.569,0,0,,1.9,3.3,0.569,0.569,0.6,0.9,0.737,0.8,2.2,3,0.3,0.3,0.2,0.5,1.2,4.4,,221,16.4,0.597,0,0.264,9,24.4,16.6,4.2,1.5,1.9,11.1,17.5,0.3,0.2,0.5,0.106,-1.7,-1.5,-3.2,-0.1,2019
529,Ivica Zubac,22,LAC,C,72,70,18.4,3.3,5.3,0.613,0,0,0,3.3,5.3,0.616,0.613,1.7,2.3,0.747,2.7,4.8,7.5,1.1,0.2,0.9,0.8,2.3,8.3,,1326,21.7,0.651,0.005,0.431,15.9,26.4,21.3,9.1,0.6,4.4,11.8,16.4,4.4,2.3,6.6,0.241,1.9,0.9,2.8,1.6,2019
