Rk,Player,Age,Team,Pos,G,GS,MPAVG,FG,FGA,FG%,3P,3PA,3P%,2P,2PA,2P%,eFG%,FT,FTA,FT%,ORB,DRB,TRB,AST,STL,BLK,TOV,PF,PTS,Awards,MPTotal,PER,TS%,3PAr,FTr,ORB%,DRB%,TRB%,AST%,STL%,BLK%,TOV%,USG%,OWS,DWS,WS,WS/48,OBPM,DBPM,BPM,VORP,SEASON
1,Precious Achiuwa,21,MIA,PF,61,4,12.1,2,3.7,0.544,0,0,0,2,3.7,0.546,0.544,0.9,1.8,0.509,1.2,2.2,3.4,0.5,0.3,0.5,0.7,1.5,5,,737,14.2,0.55,0.004,0.482,11.5,20.6,16.1,6.1,1.3,4,13.5,19.5,0.3,1,1.3,0.085,-3.6,-0.5,-4.1,-0.4,2020
2,Jaylen Adams,24,MIL,PG,7,0,2.6,0.1,1.1,0.125,0,0.3,0,0.1,0.9,0.167,0.125,0,0,,0,0.4,0.4,0.3,0,0,0,0.1,0.3,,18,-6.5,0.125,0.25,0,0,16.9,8.8,12.7,0,0,0,18.6,-0.1,0,-0.1,-0.252,-15.1,-4.6,-19.8,-0.1,2020
3,Steven Adams,27,NOP,C,58,58,27.7,3.3,5.3,0.614,0,0.1,0,3.3,5.3,0.62,0.614,1,2.3,0.444,3.7,5.2,8.9,1.9,0.9,0.7,1.3,1.9,7.6,,1605,15.1,0.596,0.01,0.438,14.4,20.4,17.4,9.1,1.6,2.2,17.5,11.7,2.3,1.7,4,0.119,-0.4,0.1,-0.3,0.7,2020
4,Bam Adebayo,23,MIA,C,64,64,33.5,7.1,12.5,0.57,0,0.1,0.25,7.1,12.4,0.573,0.571,4.4,5.5,0.799,2.2,6.7,9,5.4,1.2,1,2.6,2.3,18.7,"DPOY-4,DEF2",2143,22.7,0.626,0.01,0.443,7.7,22.6,15.3,26.9,1.7,3.2,15,23.7,5.6,3.2,8.8,0.197,2.9,2,4.9,3.7,2020
5,LaMarcus Aldridge,35,2TM,C,26,23,25.9,5.4,11.4,0.473,1.2,3.1,0.388,4.2,8.3,0.505,0.525,1.6,1.8,0.872,0.7,3.8,4.5,1.9,0.4,1.1,1,1.8,13.5,,674,15.7,0.556,0.27,0.159,3,15.8,9.4,11,0.8,3.7,7.9,22.2,0.5,0.6,1.1,0.08,-0.2,-0.2,-0.3,0.3,2020
6,Ty-Shon Alexander,22,PHO,SG,15,0,3.1,0.2,0.8,0.25,0.1,0.6,0.222,0.1,0.2,0.333,0.333,0.1,0.1,0.5,0.1,0.5,0.7,0.4,0,0.1,0.2,0.1,0.6,,47,4.2,0.349,0.75,0.167,4.9,19,12.1,15.4,0,1.9,18.9,15,-0.1,0,0,-0.048,-4.8,-1.7,-6.5,-0.1,2020
7,Nickeil Alexander-Walker,22,NOP,SG,46,13,21.9,4.2,10,0.419,1.7,4.8,0.347,2.5,5.2,0.485,0.502,1,1.4,0.727,0.3,2.8,3.1,2.2,1,0.5,1.5,1.9,11,,1007,12.5,0.522,0.478,0.144,1.4,14.1,7.8,14.7,2.2,2.1,12.4,23.2,-0.3,1,0.7,0.035,-1.4,0.1,-1.3,0.2,2020
8,Grayson Allen,25,MEM,SG,50,38,25.2,3.5,8.3,0.418,2.1,5.5,0.391,1.3,2.8,0.471,0.547,1.6,1.8,0.868,0.4,2.8,3.2,2.2,0.9,0.2,1,1.4,10.6,,1259,12.8,0.586,0.662,0.22,1.6,12,6.7,11.5,1.7,0.6,9.6,16.8,1.5,1.2,2.7,0.101,-0.2,0.1,-0.2,0.6,2020
9,Jarrett Allen,22,2TM,C,63,45,29.6,4.7,7.7,0.618,0.1,0.3,0.316,4.6,7.3,0.631,0.624,3.2,4.6,0.703,3.1,6.9,10,1.7,0.5,1.4,1.6,1.5,12.8,,1864,20.1,0.661,0.039,0.602,11.6,26.3,18.9,8.7,0.8,4.3,14.1,16.6,4.3,2.1,6.4,0.166,1.3,-0.2,1.1,1.4,2020
10,Al-Farouq Aminu,30,2TM,PF,23,14,18.9,1.7,4.3,0.384,0.3,1.6,0.216,1.3,2.7,0.484,0.424,0.8,1,0.818,1,3.8,4.8,1.3,0.8,0.4,1.2,1.3,4.4,,434,8.9,0.469,0.374,0.222,5.1,21.9,13.3,10.1,2.1,1.9,20.5,13.6,-0.4,0.5,0.1,0.01,-4.9,1.1,-3.8,-0.2,2020
11,Kyle Anderson,27,MEM,PF,69,69,27.3,4.5,9.5,0.468,1.4,3.8,0.36,3.1,5.8,0.539,0.54,2.1,2.7,0.783,0.8,5,5.7,3.6,1.2,0.8,1.2,1.7,12.4,,1887,17.2,0.578,0.397,0.28,2.9,19.5,11.1,18.3,2.1,2.7,10.4,18.5,2.9,2.7,5.6,0.143,1.4,1.9,3.3,2.5,2020
12,Giannis Antetokounmpo,26,MIL,PF,61,61,33,10.3,18,0.569,1.1,3.6,0.303,9.2,14.4,0.636,0.6,6.5,9.5,0.685,1.6,9.4,11,5.9,1.2,1.2,3.4,2.8,28.1,"MVP-4,DPOY-5,AS,NBA1,DEF1",2013,29.2,0.633,0.201,0.528,5.3,28.9,17.5,28.7,1.7,3.2,13.2,32.5,6.9,3.3,10.2,0.244,6.2,2.8,9,5.6,2020
13,Kostas Antetokounmpo,23,LAL,PF,15,0,3.7,0.2,0.7,0.3,0,0,,0.2,0.7,0.3,0.3,0.4,0.9,0.462,0.3,1,1.3,0.1,0.1,0.3,0.7,0.5,0.8,,56,0,0.382,0,1.3,8.1,29.9,19.1,2.3,1.7,6.4,41.2,20.7,-0.3,0.1,-0.2,-0.174,-13.3,0.8,-12.6,-0.1,2020
14,Thanasis Antetokounmpo,28,MIL,SF,57,3,9.7,1.2,2.4,0.489,0.1,0.5,0.241,1.1,1.9,0.556,0.515,0.4,0.9,0.51,0.9,1.2,2.2,0.8,0.4,0.2,0.8,1.3,2.9,,551,10.3,0.523,0.212,0.358,10.7,12.9,11.8,10.3,1.9,1.6,21.3,15.3,0,0.6,0.7,0.057,-3.7,0.2,-3.5,-0.2,2020
15,Carmelo Anthony,36,POR,PF,69,3,24.5,4.7,11.3,0.421,1.9,4.7,0.409,2.8,6.6,0.429,0.506,2,2.2,0.89,0.5,2.6,3.1,1.5,0.7,0.6,0.9,2.1,13.4,6MOY-7,1690,14.6,0.547,0.418,0.198,2,11.8,6.8,9.2,1.3,2,6.7,23.1,1.7,0.8,2.6,0.073,0.2,-1.3,-1.1,0.4,2020
16,Cole Anthony,20,ORL,PG,47,34,27.1,4.7,11.7,0.397,1.2,3.7,0.337,3.4,8.1,0.424,0.449,2.3,2.8,0.832,0.8,3.9,4.7,4.1,0.6,0.4,2.3,2.1,12.9,,1273,12.1,0.496,0.312,0.237,3,15.4,9,24.2,1.1,1.3,14.8,24.3,-0.9,0.9,0,-0.001,-1.9,-1.4,-3.3,-0.4,2020
17,OG Anunoby,23,TOR,SF,43,43,33.3,5.8,12.1,0.48,2.4,6.1,0.398,3.4,6,0.562,0.58,1.9,2.4,0.784,1.3,4.3,5.5,2.2,1.5,0.7,1.7,2.7,15.9,,1433,15.4,0.605,0.503,0.197,4,14.6,9.1,10.1,2.2,2.2,11.7,19.3,1.5,1.6,3.1,0.104,0.8,0.4,1.2,1.2,2020
18,Ryan Arcidiacono,26,CHI,PG,44,0,10.2,1.1,2.7,0.419,0.6,1.5,0.373,0.5,1.1,0.48,0.526,0.3,0.5,0.65,0.1,1.4,1.5,1.3,0.2,0,0.2,1.1,3.1,,450,9.8,0.541,0.573,0.171,1.2,15.1,8.3,16.3,1,0,7.4,13.1,0.5,0.4,0.9,0.093,-2.6,0.3,-2.3,0,2020
19,Trevor Ariza,35,MIA,SF,30,27,28,3.3,8,0.411,1.7,4.8,0.35,1.6,3.3,0.5,0.515,1.1,1.5,0.773,0.9,3.9,4.8,1.8,1,0.6,0.7,1.8,9.4,,841,11.9,0.542,0.593,0.183,3.7,15.6,9.8,9.4,1.8,2.2,7.5,15.1,0.5,1,1.6,0.091,-1.2,0.1,-1.1,0.2,2020
20,D.J. Augustin,33,2TM,PG,57,12,19.8,2.4,6,0.394,1.5,3.8,0.382,0.9,2.2,0.413,0.515,1.5,1.6,0.904,0.4,1.3,1.6,3.3,0.5,0,1.1,1,7.7,,1129,12.1,0.57,0.633,0.274,1.9,7,4.4,22.2,1.2,0.1,14.5,16.8,1.5,0.5,2.1,0.088,-0.6,-1.5,-2.1,0,2020
21,Deni Avdija,20,WAS,SF,54,32,23.3,2.4,5.8,0.417,1,3.1,0.315,1.4,2.7,0.535,0.502,0.5,0.8,0.644,0.4,4.4,4.9,1.2,0.6,0.3,0.6,2.6,6.3,,1257,7.6,0.515,0.538,0.144,1.9,20.2,11,6.3,1.2,1,9,12,0,1.2,1.2,0.046,-3.6,0.4,-3.1,-0.4,2020
22,Deandre Ayton,22,PHO,C,69,69,30.7,6.2,10,0.626,0.1,0.3,0.2,6.2,9.7,0.639,0.629,1.9,2.5,0.769,3.3,7.2,10.5,1.4,0.6,1.2,1.5,2.8,14.4,,2115,20.3,0.653,0.029,0.252,12.4,26.3,19.5,6.8,1,3.4,11.9,18.2,5.3,3.1,8.4,0.191,1.1,0.1,1.2,1.7,2020
23,Udoka Azubuike,21,UTA,C,15,0,3.8,0.3,0.6,0.444,0,0,,0.3,0.6,0.444,0.444,0.5,0.7,0.8,0.3,0.6,0.9,0,0.1,0.3,0.2,0.6,1.1,,57,10.3,0.597,0,1.111,7.8,16,12.1,0,0.9,5.7,18.3,12.4,0,0.1,0.1,0.119,-5.5,1.7,-3.8,0,2020
24,Dwayne Bacon,25,ORL,SG,72,50,25.7,4.1,10.1,0.402,0.8,2.9,0.285,3.2,7.2,0.449,0.443,2,2.4,0.824,0.4,2.7,3.1,1.3,0.6,0.1,0.6,1.4,10.9,,1853,9.9,0.49,0.285,0.242,1.7,11.2,6.3,7.9,1.2,0.2,5.4,19.8,-0.3,0.9,0.5,0.013,-3.7,-1.4,-5.1,-1.5,2020
25,Marvin Bagley III,21,SAC,PF,43,42,25.9,5.7,11.4,0.504,0.9,2.5,0.343,4.9,8.9,0.55,0.542,1.8,3.1,0.575,2.5,4.9,7.4,1,0.5,0.5,1.4,2.3,14.1,,1112,16.3,0.554,0.22,0.273,10.4,21.5,15.9,5.8,0.9,1.6,9.7,23.5,0.9,0.5,1.4,0.059,-0.4,-2.7,-3.1,-0.3,2020
26,LaMelo Ball,19,CHO,PG,51,31,28.8,5.7,13.2,0.436,1.8,5.1,0.352,3.9,8.1,0.489,0.504,2.5,3.2,0.758,1.2,4.7,5.9,6.1,1.6,0.4,2.8,2.7,15.7,ROY-1,1469,17.5,0.539,0.388,0.246,4.6,17.9,11.1,33.9,2.7,1.2,16.3,26.1,1,1.9,2.8,0.093,1.1,0.7,1.8,1.4,2020
27,Lonzo Ball,23,NOP,PG,55,55,31.8,5.3,12.7,0.414,3.1,8.3,0.378,2.1,4.5,0.482,0.537,0.9,1.2,0.781,0.6,4.2,4.8,5.7,1.5,0.6,2.2,1.9,14.6,,1747,15.2,0.551,0.65,0.091,2.1,14.3,8.2,25.4,2.3,1.7,14.5,20.5,1.5,1.7,3.2,0.089,1.4,0.3,1.7,1.6,2020
28,Mo Bamba,22,ORL,C,46,5,15.8,3.1,6.5,0.472,0.8,2.6,0.322,2.3,4,0.568,0.535,1,1.4,0.682,1.7,4.1,5.8,0.8,0.3,1.3,0.8,1.9,8,,725,19.3,0.556,0.392,0.219,10.5,28,19,8.1,0.9,7.3,9.8,21.8,0.7,1.1,1.8,0.117,0.2,0,0.1,0.4,2020
29,Desmond Bane,22,MEM,SG,68,17,22.3,3.4,7.3,0.469,1.7,4,0.432,1.7,3.4,0.513,0.586,0.6,0.7,0.816,0.5,2.6,3.1,1.7,0.6,0.2,0.9,1.8,9.2,,1519,12.2,0.6,0.543,0.098,2.1,12.6,7.3,10.6,1.3,0.9,10.2,16.1,1.6,1.3,2.9,0.093,-0.6,-0.2,-0.8,0.5,2020
30,Harrison Barnes,28,SAC,PF,58,58,36.2,5.5,11.1,0.497,1.7,4.4,0.391,3.8,6.7,0.567,0.575,3.4,4.1,0.83,1.1,5.5,6.6,3.5,0.7,0.2,1.6,1.3,16.1,,2102,15.4,0.626,0.399,0.366,3.3,17.2,10.2,13,1,0.4,11.1,17.2,4,0.5,4.5,0.103,1.5,-1.3,0.2,1.1,2020
31,RJ Barrett,20,NYK,SG,72,72,34.9,6.5,14.7,0.441,1.7,4.3,0.401,4.8,10.4,0.457,0.499,2.9,3.8,0.746,0.9,4.8,5.8,3,0.7,0.3,1.9,2.6,17.6,,2511,13.4,0.535,0.292,0.26,3,14.8,8.9,13.8,1.1,0.8,10.5,23.4,0.9,3.1,4.1,0.078,-0.9,-0.3,-1.2,0.5,2020
32,Will Barton,30,DEN,SF,56,52,31,4.6,10.9,0.426,1.8,4.6,0.381,2.9,6.3,0.459,0.507,1.7,2.2,0.785,0.7,3.3,4,3.2,0.9,0.4,1.7,1.7,12.7,,1736,11.8,0.538,0.423,0.199,2.6,12.2,7.4,14.1,1.4,1.3,12.7,19,0.7,1.5,2.2,0.061,-1,-0.8,-1.9,0.1,2020
33,Keita Bates-Diop,25,SAS,SF,30,0,8.2,1,2.2,0.448,0.2,0.6,0.294,0.8,1.7,0.5,0.485,0.5,0.7,0.667,0.3,1.3,1.6,0.4,0.4,0.2,0.2,0.4,2.6,,245,12,0.518,0.254,0.313,3.8,17.7,10.6,6.6,2.2,1.7,8.4,14.8,0.1,0.3,0.3,0.068,-2.3,0.4,-1.9,0,2020
34,Nicolas Batum,32,LAC,SF,67,38,27.4,2.9,6.1,0.464,1.6,4.1,0.404,1.2,2.1,0.579,0.597,0.7,0.9,0.828,0.7,4,4.7,2.2,1,0.6,0.8,1.5,8.1,,1835,12.9,0.617,0.66,0.141,3.2,15.9,9.7,10.5,1.9,1.8,10.8,11.8,2.7,2.3,5,0.132,0.6,1.5,2.1,1.9,2020
35,Aron Baynes,34,TOR,C,53,31,18.5,2.5,5.7,0.441,0.5,1.9,0.262,2,3.8,0.532,0.485,0.5,0.8,0.707,1.6,3.5,5.2,0.9,0.3,0.4,0.9,2.2,6.1,,980,10.5,0.503,0.339,0.135,9.4,21.7,15.3,7,0.8,2.3,12.5,16.2,0.1,0.9,1,0.049,-3.4,-1.1,-4.5,-0.6,2020
36,Kent Bazemore,31,GSW,SF,67,18,19.9,2.6,5.9,0.449,1.1,2.7,0.408,1.5,3.1,0.486,0.545,0.8,1.2,0.692,0.4,3,3.4,1.6,1,0.5,1.2,2.4,7.2,,1333,10.6,0.564,0.469,0.199,2.1,16,9.1,11.1,2.4,2.2,16.1,16.3,-0.2,2.1,1.8,0.065,-2.9,1.7,-1.2,0.2,2020
37,Darius Bazley,20,OKC,PF,55,55,31.2,5,12.5,0.396,1.5,5.2,0.29,3.5,7.3,0.47,0.456,2.3,3.2,0.702,0.9,6.3,7.2,1.8,0.5,0.5,2.2,1.1,13.7,,1714,9.7,0.491,0.414,0.258,3.1,21.2,12,8.9,0.8,1.3,13.7,22.1,-2.3,1.4,-0.9,-0.026,-3.1,-1.3,-4.4,-1,2020
38,Bradley Beal,27,WAS,SG,60,60,35.8,11.2,23,0.485,2.2,6.2,0.349,9,16.8,0.535,0.532,6.8,7.7,0.889,1.2,3.5,4.7,4.4,1.2,0.4,3.1,2.3,31.3,"AS,NBA3",2147,22.7,0.593,0.27,0.332,3.6,10.4,7,21.3,1.5,0.9,10.6,34.1,4.2,1.7,5.9,0.132,4.8,-1.4,3.4,2.9,2020
39,Malik Beasley,24,MIN,SG,37,36,32.8,7.1,16.2,0.44,3.5,8.7,0.399,3.7,7.5,0.487,0.547,1.8,2.2,0.85,0.8,3.6,4.4,2.4,0.8,0.2,1.6,1.7,19.6,,1214,14.6,0.57,0.535,0.133,2.4,12.4,7.2,11.6,1.2,0.5,8.6,24,0.9,0.4,1.3,0.053,1.6,-1.8,-0.2,0.6,2020
40,Jordan Bell,26,2TM,C,6,1,13.7,1.2,3.7,0.318,0,0.3,0,1.2,3.3,0.35,0.318,0.2,0.3,0.5,1.2,2.8,4,1.2,0.5,0.8,0.7,1.2,2.5,,82,8,0.328,0.091,0.091,9.1,21.9,15.5,10.6,1.7,5.2,14.9,13.6,-0.1,0.1,0,-0.008,-5.9,0.1,-5.8,-0.1,2020
41,DeAndre' Bembry,26,TOR,SF,51,12,19.1,2.3,4.5,0.513,0.3,1,0.264,2,3.4,0.589,0.544,0.9,1.3,0.682,0.6,2.2,2.9,2.1,1,0.4,1.4,1.7,5.7,,972,11.2,0.57,0.232,0.289,3.6,13.3,8.3,15.6,2.6,1.9,21.6,14.6,0.1,1.1,1.2,0.059,-3.2,1.4,-1.9,0,2020
42,Dāvis Bertāns,28,WAS,PF,57,7,25.7,3.4,8.4,0.404,3,7.5,0.395,0.4,0.9,0.48,0.581,1.8,2,0.87,0.3,2.6,2.9,0.9,0.6,0.2,0.6,2.4,11.5,,1464,11.4,0.62,0.895,0.241,1.3,10.8,6.1,4.4,1,0.7,5.9,15.9,2.1,1,3.1,0.101,0.3,-1.1,-0.8,0.4,2020
43,Patrick Beverley,32,LAC,PG,37,34,22.5,2.5,5.9,0.423,1.5,3.8,0.397,1,2.1,0.468,0.55,1,1.2,0.8,0.8,2.4,3.2,2.1,0.8,0.8,0.9,2.9,7.5,,832,12,0.58,0.641,0.205,4,11.8,8,12,1.7,3,12.4,14.6,1,1,2.1,0.119,-0.7,1.4,0.7,0.6,2020
44,Saddiq Bey,21,DET,SF,70,53,27.3,4,9.9,0.404,2.5,6.6,0.38,1.5,3.3,0.45,0.53,1.8,2.1,0.844,0.6,3.9,4.5,1.4,0.7,0.2,0.9,1.6,12.2,ROY-4,1909,12.6,0.567,0.666,0.213,2.5,16.2,9.3,7.6,1.3,0.6,7.4,18.7,1.6,1.7,3.3,0.082,0.3,-0.8,-0.5,0.7,2020
45,Tyler Bey,22,DAL,SF,18,0,3.9,0.4,1.2,0.318,0.1,0.2,0.25,0.3,1,0.333,0.341,0.2,0.3,0.6,0.4,0.6,1.1,0.2,0,0.1,0.2,0.3,1,,71,5.9,0.372,0.182,0.227,12.5,16.9,14.7,5.6,0,1.3,11,16.9,-0.1,0,0,-0.033,-5.5,-3.9,-9.5,-0.1,2020
46,Khem Birch,28,2TM,C,67,22,22.8,2.8,5.7,0.497,0.2,0.8,0.25,2.6,4.9,0.537,0.514,1.4,1.9,0.705,2.6,3.2,5.8,1.3,0.7,0.7,0.7,1.7,7.2,,1529,15.1,0.552,0.137,0.339,11.6,15.3,13.4,8.5,1.5,3.1,9.2,13.6,2.3,1.4,3.8,0.118,-1,0.1,-1,0.4,2020
47,Goga Bitadze,21,IND,C,45,3,12.5,1.8,4.3,0.428,0.4,1.8,0.253,1.4,2.6,0.548,0.479,1,1.4,0.738,1.3,2,3.3,0.8,0.2,1.3,0.4,2.1,5.1,,561,16.3,0.523,0.407,0.314,11.7,17.3,14.5,8.9,0.8,8.7,7.1,18.1,0.7,0.8,1.5,0.129,-2,1,-1,0.1,2020
48,Bismack Biyombo,28,CHO,C,66,36,20.4,2.2,3.7,0.587,0,0,0,2.2,3.7,0.589,0.587,0.7,1.6,0.448,2.1,3.2,5.3,1.2,0.3,1.1,1.1,2.1,5,,1349,11.7,0.574,0.004,0.434,10.8,17.1,13.9,8.3,0.6,5.4,19.8,11.5,0.9,1.4,2.3,0.081,-3.4,0.4,-3,-0.4,2020
49,Nemanja Bjelica,32,2TM,PF,37,3,16.1,2.4,5.3,0.454,0.7,2.3,0.318,1.7,3,0.559,0.523,1,1.4,0.725,0.8,2.6,3.4,1.9,0.4,0.1,0.9,1.8,6.5,,595,12.9,0.554,0.434,0.26,5.4,18.5,11.9,16.2,1.2,0.8,13.1,18.4,0.5,0.3,0.9,0.071,-1.4,-0.8,-2.2,0,2020
50,Eric Bledsoe,31,NOP,SG,71,70,29.7,4.3,10.3,0.421,1.7,5,0.341,2.6,5.3,0.496,0.503,1.9,2.7,0.687,0.4,3,3.4,3.8,0.8,0.3,1.6,1.6,12.2,,2111,11.5,0.533,0.486,0.267,1.5,11.1,6.3,17.3,1.2,1.1,12.3,18.5,1.1,1.3,2.3,0.053,-1.2,-0.9,-2,0,2020
51,Keljin Blevins,25,POR,SF,17,0,4.4,0.3,1.2,0.25,0.1,0.5,0.25,0.2,0.7,0.25,0.3,0,0,,0.2,0.4,0.6,0.2,0.1,0,0.3,0.5,0.7,,75,-0.9,0.3,0.4,0,4.2,10.3,7.1,6.7,1.3,0,20,14.3,-0.2,0,-0.2,-0.137,-8.3,-2.3,-10.7,-0.2,2020
52,Bogdan Bogdanović,28,ATL,SG,44,27,29.7,6.1,12.8,0.473,3.3,7.6,0.438,2.8,5.3,0.522,0.602,0.9,1,0.909,0.5,3.2,3.6,3.3,1.1,0.3,1.2,2.3,16.4,,1305,17.6,0.616,0.589,0.078,1.7,11.5,6.7,17.6,1.8,0.9,8.5,21.3,2.8,1.1,3.9,0.142,3.3,0.3,3.6,1.8,2020
53,Bojan Bogdanović,31,UTA,SF,72,72,30.8,5.6,12.8,0.439,2.5,6.4,0.39,3.1,6.4,0.487,0.536,3.2,3.7,0.879,0.6,3.3,3.9,1.9,0.6,0.1,1.8,1.6,17,,2216,14,0.588,0.498,0.286,2,11.1,6.7,9.1,1,0.1,10.9,22.8,2.7,2.5,5.2,0.113,0.2,-0.7,-0.4,0.9,2020
54,Bol Bol,21,DEN,PF,32,2,5,0.8,1.8,0.431,0.3,0.8,0.375,0.5,1.1,0.471,0.509,0.3,0.5,0.667,0,0.8,0.8,0.2,0.1,0.3,0.4,0.4,2.2,,160,9.4,0.534,0.414,0.259,0,16.9,8.5,6,0.9,6.1,16.8,21.2,-0.2,0.2,0,-0.004,-3.8,-0.3,-4.1,-0.1,2020
55,Marques Bolden,22,CLE,C,6,0,4.8,0.2,0.5,0.333,0,0,,0.2,0.5,0.333,0.333,0.8,1.3,0.625,0.5,0.5,1,0,0.3,0.3,0.3,0,1.2,,29,13.3,0.537,0,2.667,11.3,11.9,11.6,0,3.4,6.1,23.5,12.8,0,0,0,0.063,-3.8,0.8,-3,0,2020
56,Jordan Bone,23,ORL,PG,14,0,14,1.6,3.9,0.426,0.7,2.3,0.313,0.9,1.6,0.591,0.519,0,0,,0.3,1.4,1.7,1.3,0.1,0,0.2,0.8,4,,196,8.9,0.519,0.593,0,2,11,6.4,13.6,0.5,0,5.3,12.6,0.1,0.1,0.2,0.045,-3,-1.2,-4.2,-0.1,2020
57,Isaac Bonga,21,WAS,SF,40,8,10.8,0.8,2,0.37,0.3,1.2,0.277,0.4,0.9,0.5,0.451,0.1,0.2,0.625,0.5,1.2,1.7,0.6,0.3,0.2,0.6,1.6,2,,432,4,0.461,0.58,0.099,4.4,11.7,8.1,6.5,1.2,1.7,20.7,10.2,-0.4,0.4,0,-0.001,-5.8,0,-5.8,-0.4,2020
58,Devin Booker,24,PHO,SG,67,67,33.9,9.3,19.2,0.484,1.9,5.5,0.34,7.4,13.7,0.543,0.533,5.1,5.9,0.867,0.5,3.7,4.2,4.3,0.8,0.2,3.1,2.7,25.6,AS,2270,19.2,0.587,0.288,0.305,1.7,12.1,7,20.6,1.2,0.6,12.4,32.7,2.9,2,4.9,0.104,1.7,-1.4,0.3,1.3,2020
59,Chris Boucher,28,TOR,C,60,14,24.2,4.8,9.3,0.514,1.5,3.9,0.383,3.3,5.4,0.609,0.595,2.5,3.2,0.788,2,4.8,6.7,1.1,0.6,1.9,0.8,2.8,13.6,6MOY-8,1453,21.9,0.634,0.42,0.345,8.5,22.5,15.3,6.9,1.2,7.6,6.7,20.5,4,2.1,6.1,0.201,2.7,0.6,3.3,2,2020
60,Brian Bowen,22,IND,SF,6,0,2.5,0.2,0.7,0.25,0,0.2,0,0.2,0.5,0.333,0.25,0.2,0.2,1,0,0.5,0.5,0,0,0,0,0.2,0.5,,15,1,0.338,0.25,0.25,0,21.6,10.8,0,0,0,0,12.6,0,0,0,-0.063,-8.1,-2.9,-11,0,2020
61,Avery Bradley,30,2TM,SG,27,6,22.3,2.4,6.3,0.374,1.2,3.7,0.327,1.1,2.6,0.443,0.471,0.4,0.6,0.8,0.3,1.8,2.1,1.7,0.8,0.1,1,2,6.4,,602,6.3,0.487,0.591,0.088,1.4,9.1,5.2,10.8,1.7,0.5,13.6,14.9,-0.5,0.4,-0.1,-0.008,-4.9,-0.5,-5.4,-0.5,2020
62,Tony Bradley,23,2TM,C,42,8,16.3,3.1,4.7,0.665,0,0.1,0,3.1,4.6,0.675,0.665,0.9,1.3,0.691,2,3.7,5.7,0.9,0.4,0.7,0.8,1.5,7.1,,684,20.7,0.678,0.015,0.279,13.3,24,18.6,8.5,1,3.9,13,15.8,1.8,1,2.7,0.192,1.2,0.1,1.3,0.6,2020
63,Jarrell Brantley,24,UTA,PF,28,0,4.9,0.9,1.9,0.481,0.4,1,0.429,0.5,0.9,0.542,0.596,0.1,0.1,1,0.3,0.6,1,0.5,0.3,0.1,0.3,0.6,2.3,,138,16.6,0.605,0.538,0.038,7.2,13.3,10.4,16.1,2.5,1.2,13.1,19,0.3,0.2,0.5,0.172,0.6,1.6,2.2,0.1,2020
64,Ignas Brazdeikis,22,3TM,SF,13,0,19.2,2.7,6.4,0.422,0.8,2.2,0.393,1.8,4.2,0.436,0.488,0.8,1.1,0.714,0.8,2.6,3.5,1.3,0.3,0.2,0.9,1.7,7,,249,9.5,0.51,0.337,0.169,4.5,14.7,9.4,10.5,0.8,1.1,11.9,17.6,-0.1,0.1,0.1,0.016,-3.2,-2.1,-5.3,-0.2,2020
65,Mikal Bridges,24,PHO,SF,72,72,32.6,5,9.3,0.543,1.9,4.4,0.425,3.2,4.9,0.647,0.643,1.5,1.8,0.84,1.1,3.2,4.3,2.1,1.1,0.9,0.8,1.6,13.5,,2348,16.4,0.667,0.471,0.196,3.7,11.1,7.5,8.8,1.6,2.4,7.3,14.9,5.4,2.6,8,0.164,2.4,0.9,3.3,3.1,2020
66,Miles Bridges,22,CHO,PF,66,19,29.3,4.7,9.4,0.503,1.8,4.4,0.4,3,5,0.593,0.596,1.5,1.7,0.867,1.2,4.8,6,2.2,0.7,0.8,1.6,2.2,12.7,6MOY-12,1932,14.7,0.625,0.466,0.182,4.5,18,11.1,11.4,1.1,2.7,13.6,17.3,2.4,1.9,4.2,0.105,0.2,0.1,0.2,1.1,2020
67,Amida Brimah,26,IND,C,5,0,5.8,1,1.6,0.625,0,0,,1,1.6,0.625,0.625,0.6,0.6,1,0.4,1.2,1.6,0.2,0,1,0.8,0.8,2.6,,29,16.6,0.697,0,0.375,7.5,22.3,15,4.8,0,14,30,19.6,0,0.1,0,0.073,-6.2,1.4,-4.8,0,2020
68,Oshae Brissett,22,IND,SF,21,16,24.7,3.5,7.2,0.483,1.6,3.7,0.423,1.9,3.5,0.548,0.593,2.4,3.1,0.769,1.4,4.1,5.5,0.9,0.9,1,0.5,1.5,10.9,,519,17.2,0.638,0.517,0.43,6.1,17.9,12,4.6,1.7,3.1,5.3,15.6,1.2,0.6,1.8,0.165,1.1,-0.5,0.6,0.3,2020
69,Malcolm Brogdon,28,IND,PG,56,56,34.5,7.9,17.5,0.453,2.6,6.7,0.388,5.3,10.8,0.493,0.527,2.7,3.2,0.864,1,4.2,5.3,5.9,0.9,0.3,2.1,2,21.2,,1930,17.9,0.561,0.382,0.181,3.3,13.2,8.3,25.7,1.2,0.6,9.8,25.9,2.9,1.3,4.2,0.105,3,-0.9,2.1,2,2020
70,Armoni Brooks,22,HOU,SG,20,5,26,3.9,9.6,0.406,3,7.9,0.382,0.9,1.8,0.514,0.563,0.4,0.6,0.583,0.5,2.9,3.4,1.5,0.6,0.3,1.1,1.7,11.2,,520,10.4,0.565,0.818,0.063,2,12.4,7,8.7,1.1,0.9,10,17.9,0.1,0.2,0.3,0.03,-1.1,-2.1,-3.2,-0.2,2020
71,Dillon Brooks,25,MEM,SF,67,67,29.8,6.4,15.4,0.419,1.9,5.6,0.344,4.5,9.8,0.461,0.481,2.4,2.9,0.815,0.8,2.1,2.9,2.3,1.2,0.4,1.8,3.5,17.2,,1997,12.1,0.515,0.361,0.189,2.8,7.7,5.2,11.7,1.9,1.2,9.6,26.1,-0.5,1.8,1.4,0.033,-2.6,-1.1,-3.7,-0.9,2020
72,Bruce Brown,24,BRK,PG,65,37,22.3,3.6,6.5,0.556,0.3,0.9,0.288,3.4,5.6,0.599,0.576,1.3,1.8,0.735,1.7,3.7,5.4,1.6,0.9,0.4,0.8,2.2,8.8,,1451,16.1,0.604,0.139,0.277,8.9,17.2,13.3,9.8,1.9,1.7,10.2,15.9,2.8,1.5,4.4,0.144,-0.4,0.2,-0.1,0.7,2020
73,Charlie Brown Jr.,23,OKC,SG,9,1,16.9,1.4,4.8,0.302,0.6,2.3,0.238,0.9,2.4,0.364,0.36,1,1.1,0.9,0.3,1.6,1.9,1,0.4,0.2,0.7,2.1,4.4,,152,4.1,0.422,0.488,0.233,2,9.7,5.8,8.2,1.3,1.2,11.2,14.9,-0.2,0.1,-0.1,-0.032,-7.4,-1.3,-8.7,-0.3,2020
74,Jaylen Brown,24,BOS,SG,58,58,34.5,9.3,19.2,0.484,2.8,7.1,0.397,6.5,12.1,0.536,0.558,3.3,4.3,0.764,1.2,4.8,6,3.4,1.2,0.6,2.7,2.9,24.7,AS,1999,19.9,0.586,0.37,0.225,3.9,15.5,9.7,16.5,1.8,1.5,11.5,29.7,2.8,2,4.8,0.115,3.2,-0.7,2.5,2.3,2020
75,Moses Brown,21,OKC,C,43,32,21.4,3.4,6.2,0.545,0,0,,3.4,6.2,0.545,0.545,1.8,2.9,0.619,3.6,5.3,8.9,0.2,0.7,1.1,1,2.2,8.6,,920,18.8,0.572,0,0.47,17.2,26.2,21.6,1.7,1.6,4.5,11.7,16.9,1.3,1.3,2.6,0.138,-1.3,-1.2,-2.4,-0.1,2020
76,Sterling Brown,25,HOU,SG,51,14,24.1,2.9,6.6,0.448,1.8,4.2,0.423,1.2,2.4,0.492,0.584,0.5,0.6,0.806,0.7,3.6,4.4,1.4,0.7,0.2,0.8,1.9,8.2,,1229,11.1,0.597,0.642,0.093,3.2,16.8,9.7,8.4,1.5,0.9,10.5,13.5,1,0.8,1.8,0.071,-1.6,0,-1.6,0.1,2020
77,Troy Brown Jr.,21,2TM,SF,34,0,15.4,1.8,4.2,0.431,0.6,2.1,0.314,1.2,2.2,0.541,0.507,0.4,0.6,0.714,0.6,2.5,3.1,0.9,0.3,0.2,0.6,1.4,4.7,,524,8.5,0.525,0.486,0.146,4.2,17.4,10.8,7.2,0.9,1,12.1,14,0,0.5,0.5,0.043,-3.3,-0.6,-4,-0.3,2020
78,Jalen Brunson,24,DAL,PG,68,12,25,4.8,9.2,0.523,1.2,2.9,0.405,3.6,6.3,0.578,0.588,1.8,2.2,0.795,0.4,3,3.4,3.5,0.5,0,1.2,1.6,12.6,6MOY-4,1697,17.1,0.618,0.319,0.241,1.8,13.1,7.5,21.3,1,0.1,10.3,20.2,3.9,1.1,5.1,0.143,1.5,-0.6,0.9,1.2,2020
79,Elijah Bryant,25,MIL,SG,1,0,32,6,13,0.462,1,5,0.2,5,8,0.625,0.5,3,3,1,2,4,6,3,0,1,4,4,16,,32,10.6,0.559,0.385,0.231,6.8,12.7,9.9,12.6,0,2.8,21.8,24,0,0,0,0.008,-3.9,-3.4,-7.3,0,2020
80,Thomas Bryant,23,WAS,C,10,10,27.1,5.9,9.1,0.648,0.9,2.1,0.429,5,7,0.714,0.698,1.6,2.4,0.667,1.8,4.3,6.1,1.5,0.4,0.8,1.1,3.1,14.3,,271,18.7,0.704,0.231,0.264,7.1,16.8,11.9,8.2,0.7,2.5,9.8,17.2,0.7,0.2,1,0.171,1.4,-0.6,0.9,0.2,2020
81,Reggie Bullock,29,NYK,SF,65,64,30,3.8,8.6,0.442,2.5,6.1,0.41,1.3,2.5,0.521,0.587,0.8,0.8,0.909,0.2,3.2,3.4,1.5,0.8,0.2,0.7,2.2,10.9,,1949,11.1,0.606,0.709,0.098,0.9,11.4,6.2,7.4,1.3,0.5,7.1,14.4,2.3,2.3,4.6,0.114,-0.9,0.8,-0.1,0.9,2020
82,Trey Burke,28,DAL,PG,62,1,14.7,2.4,5.7,0.428,0.9,2.6,0.354,1.5,3,0.492,0.51,0.8,0.9,0.895,0.2,0.7,0.9,1.3,0.6,0.1,0.5,1,6.6,,911,12.6,0.544,0.465,0.161,1.2,5.3,3.3,12.9,1.9,0.7,8,20,0.7,0.7,1.4,0.071,-1.4,-0.4,-1.8,0,2020
83,Alec Burks,29,NYK,SG,49,5,25.6,4.3,10.2,0.42,2.1,5,0.415,2.2,5.2,0.425,0.522,2.1,2.4,0.856,0.4,4.2,4.6,2.2,0.6,0.3,1,2.1,12.7,,1255,14.8,0.564,0.492,0.236,1.8,17.6,9.8,13.2,1.2,1.1,8.2,21.3,1.5,1.8,3.3,0.126,0.9,0.6,1.5,1.1,2020
84,Jimmy Butler,31,MIA,SF,52,52,33.6,7,14.2,0.497,0.5,2,0.245,6.6,12.2,0.538,0.514,6.9,8,0.863,1.8,5.1,6.9,7.1,2.1,0.3,2.1,1.4,21.5,"DPOY-10,NBA3,DEF2",1745,26.5,0.607,0.139,0.565,6.3,17.1,11.8,35.1,3.1,1.1,10.6,26.6,6.6,2.7,9.3,0.255,5.4,2.3,7.7,4.3,2020
85,Bruno Caboclo,25,HOU,PF,6,0,6,1.3,2.8,0.471,0,0.8,0,1.3,2,0.667,0.471,0.2,0.3,0.5,0.5,1.8,2.3,0.2,0,0.3,0.7,1,2.8,,36,9,0.475,0.294,0.118,8.5,34,20.7,4.7,0,5,18.3,25.8,-0.1,0,-0.1,-0.088,-8.4,-1.7,-10.1,-0.1,2020
86,Devontae Cacok,24,LAL,PF,20,1,4.9,0.9,1.5,0.586,0,0,,0.9,1.5,0.586,0.586,0.3,0.6,0.455,0.6,1,1.6,0.1,0.3,0.2,0.3,0.4,2,,98,17.2,0.576,0,0.379,13.8,22.8,18.4,1.5,2.5,3.7,12.9,17.2,0.1,0.2,0.3,0.142,-1.5,0.4,-1,0,2020
87,Kentavious Caldwell-Pope,27,LAL,SG,67,67,28.4,3.3,7.6,0.431,1.8,4.4,0.41,1.5,3.2,0.46,0.549,1.4,1.7,0.866,0.4,2.3,2.7,1.9,0.9,0.4,1,1.7,9.7,DPOY-11,1902,10.7,0.588,0.579,0.221,1.6,8.9,5.3,9.2,1.6,1.2,10.6,14.2,1.6,2.6,4.2,0.107,-1.6,1,-0.5,0.7,2020
88,Facundo Campazzo,29,DEN,PG,65,19,21.9,1.8,4.8,0.381,1.2,3.3,0.352,0.7,1.5,0.444,0.502,1.2,1.4,0.879,0.3,1.7,2.1,3.6,1.2,0.2,1.1,2,6.1,6MOY-15,1425,11.6,0.558,0.686,0.289,1.8,8.9,5.3,20.2,2.7,1,17.1,13.1,1.6,1.5,3.1,0.105,-1.7,1.2,-0.6,0.5,2020
89,Vlatko Čančar,23,DEN,PF,41,1,6.9,0.8,1.8,0.458,0.2,0.8,0.273,0.6,1,0.615,0.521,0.2,0.3,0.769,0.3,1,1.2,0.3,0.3,0,0.3,0.4,2.1,,281,9.7,0.547,0.458,0.181,4.5,15.7,10.1,6.4,1.9,0.7,15.3,14.2,0,0.3,0.3,0.053,-2.6,0,-2.6,0,2020
90,Devin Cannady,24,ORL,PG,8,0,9.3,1.4,3.5,0.393,0.8,2,0.375,0.6,1.5,0.417,0.5,0.8,0.9,0.857,0,0.6,0.6,0.1,0.6,0.1,0.3,1.1,4.3,,74,11.2,0.547,0.571,0.25,0,7.3,3.5,2.1,3.3,1.2,6,19.3,0,0.1,0.1,0.057,-4,1,-3.1,0,2020
91,Clint Capela,26,ATL,C,63,63,30.1,6.6,11,0.594,0,0,,6.6,11,0.594,0.594,2.1,3.6,0.573,4.7,9.6,14.3,0.8,0.7,2,1.2,2.3,15.2,DPOY-6,1898,24.3,0.601,0,0.327,17.5,34.3,26.1,4.1,1.1,6,8.4,19.9,4.9,3.3,8.2,0.207,2.7,0,2.7,2.2,2020
92,Vernon Carey Jr.,19,CHO,C,19,4,6.1,0.9,1.9,0.5,0.1,0.4,0.143,0.9,1.5,0.586,0.514,0.5,0.6,0.818,0.3,1.1,1.4,0.1,0.1,0.3,0.3,0.7,2.4,,115,11.7,0.563,0.194,0.306,5.6,20.1,12.7,2.6,0.4,4.3,10.9,17.2,0,0.1,0.2,0.066,-4.4,-1.7,-6.1,-0.1,2020
93,Jevon Carter,25,PHO,PG,60,1,12,1.6,3.7,0.422,0.9,2.5,0.371,0.6,1.2,0.528,0.547,0.1,0.1,0.571,0.3,1.3,1.5,1.2,0.5,0.2,0.3,0.9,4.1,,717,12.2,0.548,0.677,0.031,2.6,11.8,7.3,13,2,1.1,6.6,15,0.7,0.8,1.6,0.104,-0.4,0.9,0.5,0.5,2020
94,Wendell Carter Jr.,21,2TM,C,54,44,25.5,4.3,8.5,0.503,0.3,0.9,0.294,4,7.5,0.53,0.52,2.4,3.3,0.732,2.4,5.8,8.2,1.9,0.6,0.8,1.4,2.7,11.2,,1375,16.7,0.566,0.112,0.392,10.2,24.6,17.4,11.2,1.2,2.7,12.7,19.3,1.7,1.7,3.4,0.118,-1.1,-0.2,-1.3,0.2,2020
95,Michael Carter-Williams,29,ORL,SG,31,25,25.8,3.4,8.7,0.389,0.5,2,0.246,2.9,6.7,0.431,0.417,1.6,2.6,0.613,1.3,3.2,4.5,4.2,0.8,0.5,2.2,2.6,8.8,,800,9.5,0.449,0.226,0.296,4.9,13.4,9,24.3,1.5,1.9,18.4,20.2,-1.1,0.6,-0.5,-0.028,-4.6,-0.2,-4.8,-0.6,2020
96,Alex Caruso,26,LAL,PG,58,6,21,2.3,5.3,0.436,0.9,2.4,0.401,1.3,2.9,0.464,0.526,0.8,1.3,0.645,0.5,2.4,2.9,2.8,1.1,0.3,1.3,1.9,6.4,,1216,11.1,0.547,0.449,0.249,2.9,12.8,7.9,18.1,2.6,1.1,18.3,14.8,0.3,2.1,2.4,0.095,-2.5,2.5,0,0.6,2020
97,Willie Cauley-Stein,27,DAL,C,53,16,17.1,2.2,3.4,0.632,0,0.2,0.091,2.2,3.2,0.667,0.635,0.9,1.5,0.628,1.2,3.2,4.5,0.7,0.4,0.8,0.5,2.4,5.3,,906,14.3,0.647,0.06,0.429,8.1,20.5,14.3,5.3,1.1,4.4,11.8,12,1.6,1.2,2.8,0.147,-2.2,0.9,-1.3,0.2,2020
98,Chris Chiozza,25,BRK,PG,22,1,10.5,1.4,4,0.352,0.6,1.9,0.31,0.8,2.1,0.391,0.426,0.6,0.8,0.765,0.1,1,1.1,3,0.3,0.3,0.7,0.9,4,,232,12.9,0.461,0.477,0.193,1.5,9.5,5.7,36.9,1.5,2.3,14.4,21,0.1,0.2,0.3,0.063,-0.1,-0.6,-0.7,0.1,2020
99,Marquese Chriss,23,GSW,PF,2,0,13.5,2.5,7,0.357,0.5,2.5,0.2,2,4.5,0.444,0.393,1,2,0.5,1.5,5,6.5,1,0,1,1,1.5,6.5,,27,11.8,0.412,0.357,0.286,12,38.9,25.6,11,0,6.5,11.3,28.1,-0.1,0.1,0,-0.03,-2.4,0.3,-2.1,0,2020
100,Gary Clark,26,3TM,SF,39,11,16.8,1,3.4,0.303,0.8,2.8,0.287,0.2,0.6,0.375,0.42,0.2,0.3,0.8,0.8,2.1,2.9,0.8,0.3,0.2,0.4,0.9,3.1,,654,6,0.436,0.818,0.076,5.1,13.5,9.1,6.4,1,1,11.1,10.1,-0.3,0.4,0.1,0.008,-4.2,-0.7,-4.9,-0.5,2020
101,Brandon Clarke,24,MEM,PF,59,16,24,4.3,8.4,0.517,0.3,1.3,0.26,4,7.1,0.565,0.537,1.3,1.9,0.69,1.6,3.9,5.6,1.6,1,0.9,0.6,1.4,10.3,,1415,17.3,0.56,0.156,0.228,7.2,17.5,12.3,9.5,2,3.2,5.7,17.2,2.2,2,4.2,0.142,0.4,1.2,1.5,1.3,2020
102,Jordan Clarkson,28,UTA,SG,68,1,26.7,6.7,15.8,0.425,3.1,8.8,0.347,3.7,7,0.523,0.522,1.9,2.1,0.896,0.7,3.3,4,2.5,0.9,0.1,1.7,1.6,18.4,6MOY-1,1818,17.1,0.549,0.557,0.134,2.9,12.7,8,15.3,1.6,0.4,9.2,29.7,1.7,2.5,4.2,0.111,1.8,-0.4,1.4,1.6,2020
103,Nic Claxton,21,BRK,C,32,1,18.6,2.8,4.5,0.621,0,0.2,0.2,2.8,4.4,0.636,0.624,1,2,0.484,1.3,3.8,5.2,0.9,0.7,1.3,0.6,2.1,6.6,,594,16.9,0.612,0.034,0.441,8.4,21.8,15.4,6.4,1.9,5.9,9.4,14,1,0.9,1.9,0.153,-1,1.4,0.4,0.4,2020
104,Amir Coffey,23,LAC,SG,44,1,9,1,2.3,0.437,0.5,1.3,0.411,0.5,1.1,0.468,0.549,0.6,0.9,0.711,0.2,0.8,1,0.5,0.2,0,0.3,0.7,3.2,,394,10.1,0.585,0.544,0.369,2.9,9.4,6.3,7.4,1.3,0,11.1,15.1,0.4,0.3,0.7,0.085,-1.9,-0.1,-2,0,2020
105,John Collins,23,ATL,PF,63,63,29.3,6.8,12.2,0.556,1.3,3.3,0.399,5.5,8.9,0.615,0.61,2.7,3.2,0.833,1.9,5.5,7.4,1.2,0.5,1,1.3,3.1,17.6,,1848,20.6,0.645,0.27,0.265,7.1,20.3,13.8,6.9,0.9,3,8.9,22.2,4.8,1.9,6.7,0.174,2.5,-0.2,2.3,2,2020
106,Mike Conley,33,UTA,PG,51,51,29.4,5.6,12.5,0.444,2.7,6.6,0.412,2.9,6,0.479,0.552,2.4,2.8,0.852,0.7,2.8,3.5,6,1.4,0.2,1.9,1.9,16.2,AS,1498,19.2,0.589,0.523,0.222,2.7,9.6,6.3,30.6,2.3,0.5,12.4,23.1,4,2.1,6.1,0.197,3.6,1.3,4.9,2.6,2020
107,Pat Connaughton,28,MIL,SG,69,4,22.8,2.4,5.6,0.434,1.5,3.9,0.371,1,1.7,0.583,0.565,0.4,0.6,0.775,0.9,3.9,4.8,1.2,0.7,0.3,0.5,1.4,6.8,,1575,11.3,0.578,0.703,0.103,4.4,17.3,11.1,6.3,1.5,1.3,7.5,11.6,1.8,1.7,3.5,0.108,-0.5,0.5,0,0.8,2020
108,Quinn Cook,27,2TM,PG,23,0,6.8,1.3,3,0.426,0.5,1.1,0.423,0.8,1.8,0.429,0.507,0.3,0.3,0.875,0.1,0.7,0.7,0.8,0.2,0,0.3,0.4,3.3,,157,12.7,0.531,0.382,0.118,1.4,10.9,6.1,18.3,1.3,0.6,8.9,21.8,0.1,0.1,0.2,0.061,-1,-0.2,-1.2,0,2020
109,Tyler Cook,23,2TM,SF,32,1,13.7,2.2,3.2,0.67,0,0.1,0.5,2.1,3.2,0.673,0.675,0.5,1.1,0.486,0.9,2.1,3,0.5,0.3,0.1,0.7,1.1,4.9,,438,12.8,0.659,0.019,0.34,7,17.2,12.1,5.9,0.9,0.4,15.1,13.9,0.5,0.3,0.8,0.09,-2.2,-0.9,-3,-0.1,2020
110,DeMarcus Cousins,30,2TM,C,41,11,17.4,3.2,7.4,0.426,1.1,3.3,0.348,2,4.1,0.488,0.503,1.4,2,0.728,1.3,5.1,6.4,1.9,0.8,0.6,1.6,2.6,8.9,,713,16.4,0.537,0.443,0.266,8,32.7,20,16.3,2.3,3,15.8,24.5,0,1.2,1.2,0.079,-1.2,1.6,0.4,0.4,2020
111,Robert Covington,30,POR,PF,70,70,32,2.9,7.3,0.401,1.9,5.1,0.379,1,2.2,0.451,0.533,0.7,0.9,0.806,0.9,5.8,6.7,1.7,1.4,1.2,0.9,2.8,8.5,,2243,11.2,0.553,0.699,0.122,2.8,19.8,11.1,6.8,2.2,3.4,10.7,11.5,1.4,2.4,3.7,0.08,-1.3,1.5,0.2,1.2,2020
112,Torrey Craig,30,2TM,SF,50,8,16.1,2.2,4.5,0.48,0.8,2.1,0.368,1.4,2.4,0.579,0.566,0.3,0.4,0.773,1.1,2.8,3.9,1,0.6,0.5,0.5,1.7,5.5,,803,14.2,0.579,0.467,0.097,8.1,19.1,13.7,7.9,1.7,2.9,9.6,14.3,1.1,1.1,2.2,0.133,-0.3,0.7,0.4,0.5,2020
113,Jae Crowder,30,PHO,PF,60,42,27.5,3.3,8.2,0.404,2.5,6.3,0.389,0.9,1.9,0.455,0.555,1,1.3,0.76,0.5,4.2,4.7,2.1,0.8,0.5,0.9,2.1,10.1,,1648,11.8,0.574,0.772,0.152,2.2,16.9,9.7,10,1.4,1.5,9.5,15.7,1.4,1.9,3.3,0.097,0.3,0.8,1.1,1.3,2020
114,Jarrett Culver,21,MIN,SG,34,7,14.7,2,4.9,0.411,0.4,1.6,0.245,1.6,3.4,0.487,0.449,0.9,1.4,0.604,1,2.1,3.1,0.7,0.5,0.3,0.8,1.7,5.3,,499,8.8,0.476,0.315,0.286,7.1,15.8,11.3,6.8,1.6,1.6,12.9,18.2,-0.4,0.3,-0.1,-0.006,-4.5,-1.1,-5.6,-0.5,2020
115,Seth Curry,30,PHI,SG,57,57,28.7,4.5,9.7,0.467,2.2,4.9,0.45,2.3,4.8,0.485,0.582,1.2,1.4,0.896,0.2,2.2,2.4,2.7,0.8,0.1,1.1,1.7,12.5,,1638,12.9,0.607,0.507,0.139,0.7,8.3,4.6,13.6,1.3,0.4,10,17.1,2.3,1.7,4,0.118,0.1,-0.4,-0.3,0.7,2020
116,Stephen Curry,32,GSW,PG,63,63,34.2,10.4,21.7,0.482,5.3,12.7,0.421,5.1,9,0.569,0.605,5.7,6.3,0.916,0.5,5,5.5,5.8,1.2,0.1,3.4,1.9,32,"MVP-3,AS,NBA1",2152,26.3,0.655,0.587,0.289,1.5,15.4,8.5,30.5,1.7,0.3,12.2,34.8,6.5,2.5,9,0.201,8.3,0.4,8.7,5.8,2020
117,Nate Darling,22,CHO,SG,7,0,3.7,0.3,1,0.286,0.3,1,0.286,0,0,,0.429,0.4,0.4,1,0.1,0,0.1,0.1,0,0.1,0.1,0.1,1.3,,26,8.2,0.541,1,0.429,4.1,0,2.1,5.1,0,3.8,10.7,15.4,0,0,0,0.038,-1.5,-2.5,-4,0,2020
118,Anthony Davis,27,LAL,PF,36,36,32.3,8.4,17,0.491,0.7,2.8,0.26,7.6,14.3,0.536,0.512,4.4,5.9,0.738,1.7,6.2,7.9,3.1,1.3,1.6,2.1,1.7,21.8,AS,1162,22.1,0.556,0.163,0.349,6,21.5,13.8,16.4,1.9,4.5,9.5,29.2,1.3,2.4,3.7,0.152,2.6,2.2,4.8,2,2020
119,Ed Davis,31,MIN,C,23,7,13,0.8,1.9,0.432,0,0,,0.8,1.9,0.432,0.432,0.4,0.5,0.833,2,3,5,0.9,0.6,0.6,0.3,2.4,2.1,,299,13.1,0.487,0,0.273,16.1,26,20.8,9,2.1,3.8,12.4,7.9,0.5,0.4,0.8,0.135,-3.3,1.1,-2.2,0,2020
120,Terence Davis,23,2TM,SG,61,4,17.6,3.2,7.5,0.428,1.6,4.4,0.367,1.6,3.1,0.513,0.535,0.7,0.9,0.818,0.3,2.2,2.5,1.4,0.7,0.2,1,1.6,8.7,,1074,12.7,0.555,0.586,0.121,2,14.1,7.9,11.4,2,1.2,11.6,21.8,0.1,0.8,0.8,0.038,-0.9,-0.9,-1.7,0.1,2020
121,Gabriel Deck,25,OKC,PF,10,0,21.2,3.2,6.7,0.478,0.2,1.5,0.133,3,5.2,0.577,0.493,1.8,2.2,0.818,1.6,2.4,4,2.4,0.8,0,0.6,0.9,8.4,,212,16.1,0.548,0.224,0.328,7.8,11.9,9.8,17.3,1.8,0,7.3,16.6,0.4,0.1,0.5,0.12,0,-0.4,-0.4,0.1,2020
122,Dewayne Dedmon,31,MIA,C,16,0,13.1,2.9,4.1,0.708,0.1,0.3,0.2,2.8,3.8,0.75,0.715,1.3,1.7,0.741,1.8,3.6,5.4,0.8,0.6,0.4,0.8,2.3,7.1,,210,24.5,0.735,0.077,0.415,15.5,31,23.4,9.6,2.1,3,14.5,19.3,0.7,0.4,1.1,0.256,1.2,0.5,1.7,0.2,2020
123,Matthew Dellavedova,30,CLE,PG,13,1,17.2,1.1,4.3,0.25,0.3,1.9,0.16,0.8,2.4,0.323,0.286,0.3,0.3,1,0.5,1.4,1.8,4.5,0.3,0.1,0.5,1.6,2.8,,224,7.3,0.312,0.446,0.071,2.9,9.2,6,35.3,0.9,0.4,9.4,12.4,-0.1,0.1,0,0.005,-4.5,-1.9,-6.4,-0.3,2020
124,DeMar DeRozan,31,SAS,PF,61,61,33.7,7.5,15.1,0.495,0.3,1.2,0.257,7.1,13.9,0.515,0.505,6.3,7.2,0.88,0.7,3.6,4.2,6.9,0.9,0.2,2,2.1,21.6,,2056,22,0.591,0.08,0.478,2,11.6,6.7,32,1.3,0.6,9.7,26.1,5.9,1.5,7.4,0.172,3.2,-0.1,3.1,2.6,2020
125,Mamadi Diakite,24,MIL,PF,14,1,10.1,1.1,2.9,0.4,0.1,0.6,0.125,1.1,2.3,0.469,0.413,0.8,1,0.786,0.6,1.9,2.4,0.6,0.5,0.4,0.2,1.1,3.1,,141,12.3,0.477,0.2,0.35,6.2,18.7,12.7,7,2.3,3.8,6.1,14.6,0.1,0.2,0.3,0.102,-3.3,0.9,-2.4,0,2020
126,Hamidou Diallo,22,2TM,SF,52,9,23.6,4.3,9,0.477,0.5,1.6,0.341,3.8,7.5,0.505,0.506,2.5,3.8,0.64,1.1,4.1,5.2,1.9,0.8,0.5,1.5,2.6,11.6,,1226,14.3,0.541,0.174,0.426,5.1,18.8,11.9,13.3,1.6,1.7,12,22.2,0.3,1.3,1.6,0.063,-2.2,0.1,-2.1,0,2020
127,Gorgui Dieng,31,2TM,C,38,1,14.5,2.2,4.3,0.521,0.8,1.8,0.429,1.4,2.4,0.591,0.613,1.5,1.8,0.866,1.1,2.6,3.7,1.3,0.7,0.4,0.8,1.5,6.8,,552,19.2,0.67,0.429,0.411,7.6,19.5,13.5,12,2.3,2.6,14.3,17.4,1.3,0.8,2.1,0.185,1.8,1.5,3.4,0.7,2020
128,Spencer Dinwiddie,27,BRK,SG,3,3,21.3,2,5.3,0.375,0.7,2.3,0.286,1.3,3,0.444,0.438,2,2,1,0,4.3,4.3,3,0.7,0.3,1.7,1.3,6.7,,64,10.1,0.536,0.438,0.375,0,21.3,11.2,17.6,1.5,1.4,21.2,16.1,0,0.1,0.1,0.045,-2.4,2.6,0.2,0,2020
129,Donte DiVincenzo,24,MIL,SG,66,66,27.5,3.8,9.1,0.42,2,5.2,0.379,1.8,3.9,0.475,0.528,0.8,1.1,0.718,1.2,4.5,5.8,3.1,1.1,0.2,1.4,1.7,10.4,,1814,13,0.542,0.574,0.118,4.9,16.7,11,14.2,1.9,0.7,12.5,16.7,1.5,2.1,3.6,0.095,-0.2,0.4,0.2,1,2020
130,Luka Dončić,21,DAL,PG,66,66,34.3,9.8,20.5,0.479,2.9,8.3,0.35,6.9,12.2,0.567,0.55,5.2,7.1,0.73,0.8,7.2,8,8.6,1,0.5,4.3,2.3,27.7,"MVP-6,AS,NBA1",2262,25.3,0.587,0.406,0.349,2.7,22.9,12.8,44.1,1.4,1.5,15.3,36,5.1,2.6,7.7,0.163,6.1,0.7,6.8,5.1,2020
131,Luguentz Dort,21,OKC,SG,52,52,29.7,4.8,12.3,0.387,2.2,6.3,0.343,2.6,6,0.432,0.475,2.3,3.2,0.744,0.7,2.9,3.6,1.7,0.9,0.4,1.5,2.6,14,,1543,10.1,0.513,0.515,0.257,2.5,10.3,6.4,8.8,1.4,1.1,10,21.7,-0.6,1,0.3,0.011,-2.6,-0.9,-3.5,-0.6,2020
132,Damyean Dotson,26,CLE,SG,46,7,19.7,2.6,6.4,0.406,1,3.5,0.289,1.6,2.9,0.545,0.485,0.5,0.8,0.667,0.1,1.9,2,2,0.3,0.1,0.9,0.9,6.7,,907,8.1,0.499,0.543,0.123,0.6,11.1,5.7,15.1,0.9,0.4,12,16.9,-0.4,0.3,0,-0.002,-3.4,-1.4,-4.8,-0.6,2020
133,Devon Dotson,21,CHI,PG,11,0,4.5,1,1.9,0.524,0.1,0.6,0.143,0.9,1.3,0.714,0.548,0,0,,0.2,0.3,0.5,0.6,0.4,0,0,0.3,2.1,,50,19.3,0.548,0.333,0,4.5,6.6,5.5,21.4,3.9,0,0,18.2,0.1,0.1,0.2,0.177,-0.1,2.2,2.1,0.1,2020
134,Sekou Doumbouya,20,DET,PF,56,11,15.5,1.9,5,0.379,0.5,2.1,0.226,1.4,3,0.485,0.426,0.8,1.1,0.703,0.7,1.9,2.6,0.8,0.4,0.2,0.8,1.7,5.1,,869,6.9,0.459,0.408,0.227,4.9,13.5,9.2,8,1.4,0.9,12.4,17.8,-0.9,0.7,-0.2,-0.012,-5.4,-1.3,-6.7,-1,2020
135,PJ Dozier,24,DEN,SG,50,6,21.8,3,7.1,0.417,0.9,3,0.315,2,4.1,0.49,0.483,0.8,1.3,0.636,0.7,2.9,3.6,1.8,0.6,0.4,0.9,1.7,7.7,,1088,10.4,0.501,0.42,0.186,3.7,15.3,9.5,11.2,1.4,2,10.7,17.2,0.1,1.1,1.1,0.051,-2.3,-0.4,-2.6,-0.2,2020
136,Goran Dragić,34,MIA,PG,50,11,26.7,4.8,11.1,0.432,1.8,4.9,0.373,3,6.2,0.479,0.514,2,2.4,0.828,0.5,2.9,3.4,4.4,0.7,0.2,2.4,2.3,13.4,,1337,13,0.552,0.44,0.22,2.2,12.1,7.2,25.9,1.2,0.6,16.2,24.5,0.2,1.2,1.3,0.048,-1.1,-1.3,-2.3,-0.1,2020
137,Andre Drummond,27,2TM,C,46,46,27,6.1,12.4,0.493,0,0.2,0,6.1,12.3,0.5,0.493,2.7,4.5,0.6,3.6,8.4,12,2,1.4,1.1,2.7,3.2,14.9,,1242,19.4,0.519,0.014,0.358,14.8,35.2,24.9,13.2,2.5,3.5,15.8,27.6,-0.6,2.5,2,0.077,-1.7,0.5,-1.2,0.3,2020
138,Jared Dudley,35,LAL,PF,12,0,6.8,0.2,0.8,0.222,0.2,0.5,0.333,0,0.3,0,0.333,0,0,,0.3,1.4,1.8,0.4,0.1,0.1,0.2,0.6,0.5,,81,4.4,0.333,0.667,0,5.6,23.5,14.6,7.6,0.6,1.1,18.2,5.9,0,0.1,0.1,0.053,-4.4,0.9,-3.5,0,2020
139,Kris Dunn,26,ATL,PG,4,0,11.3,0.3,3,0.083,0,0.5,0,0.3,2.5,0.1,0.083,0.8,1,0.75,0,1.5,1.5,0.5,0.5,0.5,0.8,2.5,1.3,,45,-5.7,0.182,0.167,0.333,0,14.3,7.3,5.4,2.2,3.9,17.9,16.2,-0.2,0.1,-0.2,-0.202,-13.7,-0.1,-13.7,-0.1,2020
140,Kevin Durant,32,BRK,PF,35,32,33.1,9.3,17.2,0.537,2.4,5.4,0.45,6.8,11.8,0.577,0.608,6,6.8,0.882,0.4,6.7,7.1,5.6,0.7,1.3,3.4,2,26.9,AS,1157,26.4,0.666,0.313,0.395,1.3,21.3,11.8,27.5,1,3.4,14.5,31.2,3.7,1.2,5,0.206,6.4,0.8,7.2,2.7,2020
141,Anthony Edwards,19,MIN,SG,72,55,32.1,7,16.8,0.417,2.4,7.2,0.329,4.6,9.6,0.483,0.488,2.9,3.8,0.776,0.8,3.8,4.7,2.9,1.1,0.5,2.2,1.8,19.3,ROY-2,2314,13.9,0.523,0.429,0.225,2.7,13.5,7.9,14.6,1.7,1.3,10.7,27,-0.6,1.4,0.8,0.017,-0.4,-1.7,-2.1,-0.1,2020
142,Carsen Edwards,22,BOS,SG,31,1,8.9,1.5,3.6,0.423,0.6,2,0.286,0.9,1.5,0.604,0.505,0.4,0.4,0.846,0.1,0.7,0.8,0.5,0.2,0,0.2,0.8,4,,276,10.2,0.527,0.568,0.117,1.2,9.4,5.2,7.4,1.2,0.3,5.7,19.3,0.1,0.2,0.3,0.051,-3.2,-1.3,-4.5,-0.2,2020
143,CJ Elleby,20,POR,SF,30,0,6.4,0.8,2.2,0.379,0.2,1.1,0.206,0.6,1.1,0.563,0.432,0.4,0.5,0.733,0.4,0.7,1.1,0.3,0.2,0.1,0.2,0.9,2.3,,192,9.4,0.468,0.515,0.227,6,12,8.9,7.1,1.5,1.4,6.4,17.4,0,0.1,0.1,0.032,-4,-0.9,-4.9,-0.1,2020
144,Henry Ellenson,24,TOR,PF,2,0,19,2.5,7,0.357,1,4.5,0.222,1.5,2.5,0.6,0.429,1.5,2,0.75,1.5,4.5,6,2.5,0,0,0,3.5,7.5,,38,12.8,0.476,0.643,0.286,8.4,27,17.4,18.9,0,0,0,17.9,0.1,0,0.1,0.127,-1.7,-0.1,-1.8,0,2020
145,Wayne Ellington,33,DET,SG,46,31,22,3.2,7.3,0.441,2.5,6,0.422,0.7,1.4,0.524,0.612,0.6,0.8,0.8,0.3,1.6,1.8,1.5,0.4,0.2,0.7,1.3,9.6,,1012,12.2,0.625,0.814,0.104,1.3,8.1,4.7,10.2,0.9,0.8,8.5,16.7,1.3,0.5,1.9,0.088,1.1,-1.3,-0.2,0.5,2020
146,Joel Embiid,26,PHI,C,51,51,31.1,9,17.6,0.513,1.1,3,0.377,7.9,14.6,0.541,0.545,9.2,10.7,0.859,2.2,8.4,10.6,2.8,1,1.4,3.1,2.4,28.5,"MVP-2,DPOY-7,AS,NBA2,DEF2",1585,30.3,0.636,0.171,0.61,8,29.1,18.7,16.2,1.5,3.9,12.2,35.3,5.6,3.2,8.8,0.266,6.3,1.2,7.5,3.8,2020
147,James Ennis III,30,ORL,SF,41,37,24,2.8,5.9,0.473,1.1,2.5,0.433,1.7,3.4,0.504,0.566,1.7,2.1,0.805,1,3,4,1.5,0.8,0.2,0.9,2,8.4,,986,12.5,0.613,0.428,0.358,4.4,13.4,8.7,9.3,1.6,0.6,11.3,13.9,1.3,0.7,2,0.097,-1.9,-0.3,-2.2,-0.1,2020
148,Drew Eubanks,23,SAS,C,54,3,14,2.1,3.8,0.566,0,0,1,2.1,3.8,0.562,0.571,1.4,2,0.726,1.4,3.1,4.5,0.8,0.3,0.9,0.8,1.6,5.8,,755,17.9,0.618,0.01,0.517,10.2,24,17,7.9,1.2,5.5,15.2,17.1,1.2,1.1,2.3,0.145,-1,1,0,0.4,2020
149,Danté Exum,25,CLE,SG,6,3,19.3,1.7,4.3,0.385,0.3,1.8,0.182,1.3,2.5,0.533,0.423,0.2,0.3,0.5,0.3,2.5,2.8,2.2,0.7,0.3,1.2,1.5,3.8,,116,5.9,0.428,0.423,0.077,1.9,14.8,8.2,15.8,1.7,1.5,20.7,12.7,-0.2,0.1,-0.1,-0.025,-5.4,1.6,-3.8,-0.1,2020
150,Tacko Fall,25,BOS,C,19,0,7.2,1.1,1.5,0.724,0,0,,1.1,1.5,0.724,0.724,0.3,0.8,0.333,0.8,1.9,2.7,0.2,0.1,1.1,0.3,1.2,2.5,,136,19.6,0.66,0,0.517,13,29.7,21.3,3.1,0.4,13.7,14.4,13.2,0.2,0.3,0.5,0.177,-1.7,2.9,1.2,0.1,2020
151,Derrick Favors,29,UTA,C,68,0,15.3,2.3,3.6,0.638,0,0,0,2.3,3.5,0.643,0.638,0.9,1.2,0.738,2,3.5,5.5,0.6,0.5,1,0.5,2.1,5.4,,1039,19.7,0.663,0.008,0.329,14.7,23.3,19.2,6,1.5,5.3,11.5,13,2.9,2.2,5.1,0.237,0.3,2.4,2.6,1.2,2020
152,Cristiano Felício,28,CHI,C,18,0,4.7,0.4,0.7,0.538,0,0.1,0,0.4,0.6,0.636,0.538,0.5,0.9,0.563,0.6,0.9,1.4,0.5,0.2,0,0.2,0.6,1.3,,84,14.7,0.574,0.154,1.231,13.3,20.9,17.2,13.6,2.3,0,16.6,12.4,0.2,0.1,0.3,0.151,-1.1,1.2,0.1,0,2020
153,Terrance Ferguson,22,PHI,SG,13,0,3.8,0.1,0.5,0.143,0,0.4,0,0.1,0.2,0.5,0.143,0,0,,0,0.1,0.1,0.2,0.1,0,0.3,0.5,0.2,,49,-7.1,0.143,0.714,0,0,2.2,1.1,4.9,1,0,36.4,9.7,-0.2,0,-0.2,-0.161,-12.1,-2.2,-14.3,-0.2,2020
154,Bruno Fernando,22,ATL,C,33,0,6.8,0.5,1.3,0.409,0,0.1,0,0.5,1.3,0.429,0.409,0.5,0.7,0.682,0.5,1.9,2.4,0.3,0.1,0.1,0.6,0.7,1.5,,226,6.2,0.475,0.045,0.5,7.9,29.4,18.9,5.8,0.9,1.2,28.1,14.4,-0.3,0.3,-0.1,-0.019,-6.1,-0.4,-6.5,-0.3,2020
155,Yogi Ferrell,27,2TM,PG,10,0,13.6,2,5.7,0.351,0.9,2.8,0.321,1.1,2.9,0.379,0.43,0.7,0.9,0.778,0.5,1.4,1.9,2.2,0.7,0.3,0.3,1.1,5.6,,136,14.4,0.459,0.491,0.158,4.1,11.4,7.8,22.9,2.5,2,4.7,20.7,0.1,0.2,0.3,0.099,-0.5,0.8,0.2,0.1,2020
156,Dorian Finney-Smith,27,DAL,PF,60,60,32,3.7,7.8,0.472,2,5,0.394,1.7,2.7,0.616,0.6,0.5,0.7,0.756,1.6,3.8,5.4,1.7,0.9,0.4,0.8,2.3,9.8,,1921,12,0.609,0.648,0.088,5.7,13,9.3,7.2,1.3,1.2,9,12.2,2.8,1.6,4.4,0.11,0.2,0,0.1,1,2020
157,Malik Fitts,23,LAC,PF,3,0,3.7,0.3,1,0.333,0.3,0.7,0.5,0,0.3,0,0.5,0,0,,0,1,1,0,0,0,0,1,1,,11,2.9,0.5,0.667,0,0,29.8,15.3,0,0,0,0,12.1,0,0,0,0.049,-7,-2.1,-9.1,0,2020
158,Malachi Flynn,22,TOR,PG,47,14,19.7,2.7,7.2,0.374,1.1,3.6,0.321,1.6,3.7,0.424,0.453,1,1.2,0.804,0.2,2.3,2.5,2.9,0.8,0.1,0.9,1.4,7.5,,928,10.9,0.484,0.494,0.165,1.1,13,6.9,21.4,2,0.8,10.5,19,0,0.8,0.8,0.041,-2.5,-0.2,-2.6,-0.1,2020
159,Bryn Forbes,27,MIL,SG,70,10,19.3,3.6,7.6,0.473,2.2,4.9,0.452,1.4,2.7,0.511,0.618,0.7,0.9,0.77,0.2,1.4,1.6,0.6,0.3,0,0.6,1.1,10,,1354,12.8,0.631,0.645,0.115,0.9,7.6,4.3,4.5,0.8,0.1,7.3,18.5,2,0.7,2.7,0.096,0.4,-1.7,-1.3,0.2,2020
160,Trent Forrest,22,UTA,PG,30,0,10.1,1.1,2.4,0.451,0.2,0.9,0.192,0.9,1.5,0.6,0.486,0.6,0.6,1,0.4,1.1,1.5,1.5,0.3,0.1,0.7,0.7,2.9,,302,11.2,0.554,0.366,0.268,4,11.1,7.7,19.9,1.5,1.1,20.9,14.3,0.3,0.4,0.7,0.106,-2.5,1.2,-1.3,0.1,2020
161,Evan Fournier,28,2TM,SF,42,36,30,5.9,12.9,0.457,2.8,6.7,0.413,3.1,6.1,0.504,0.565,2.6,3.3,0.788,0.2,2.8,3,3.4,1.1,0.5,1.7,2.3,17.1,,1259,16.7,0.598,0.523,0.253,0.8,10.2,5.4,18.6,1.8,1.4,10.8,23.1,1.8,1,2.8,0.107,1.5,-0.4,1.1,1,2020
162,De'Aaron Fox,23,SAC,PG,58,58,35.1,9.1,19.1,0.477,1.8,5.5,0.322,7.3,13.6,0.539,0.523,5.2,7.2,0.719,0.6,2.9,3.5,7.2,1.5,0.5,3,2.9,25.2,,2036,20.7,0.565,0.288,0.376,1.8,9.4,5.5,32.7,2.1,1.1,11.9,31,3.4,0.8,4.2,0.098,3.1,-1.3,1.8,2,2020
163,Robert Franks,24,ORL,PF,7,0,14.4,1.9,4,0.464,0.7,2.1,0.333,1.1,1.9,0.615,0.554,1.7,1.9,0.923,0.9,1.1,2,0.7,0.4,0.4,0.3,1.1,6.1,,101,16.5,0.638,0.536,0.464,6,8.5,7.2,7.4,1.4,2.7,5.6,15.3,0.3,0.1,0.3,0.158,0.7,-0.8,-0.2,0,2020
164,Tim Frazier,30,MEM,PG,5,0,12.4,0.6,4,0.15,0,1.6,0,0.6,2.4,0.25,0.15,0.4,1.2,0.333,0,1.6,1.6,3.2,0.4,0.2,0.8,1.4,1.6,,62,-0.5,0.177,0.4,0.3,0,13.8,6.8,30.8,1.5,1.5,15,18.1,-0.3,0.1,-0.2,-0.169,-10.7,-1.2,-11.9,-0.2,2020
165,Enes Freedom,28,POR,C,72,35,24.4,4.7,7.8,0.604,0,0.1,0.25,4.7,7.7,0.607,0.605,1.8,2.3,0.774,3.9,7.1,11,1.2,0.5,0.7,1.1,2.3,11.2,6MOY-10,1758,22.4,0.636,0.007,0.292,16.8,31.9,24.2,7.2,0.9,2.4,11,17.4,5.7,1.7,7.5,0.204,2.1,-1.4,0.6,1.2,2020
166,Markelle Fultz,22,ORL,PG,8,8,26.9,5.1,13,0.394,0.5,2,0.25,4.6,11,0.42,0.413,2.1,2.4,0.895,0.6,2.5,3.1,5.4,1,0.3,2.3,2.3,12.9,,215,12,0.458,0.154,0.183,2.3,10,6,33.1,1.8,0.8,13.8,26.2,-0.3,0.1,-0.1,-0.024,-3.6,-0.9,-4.4,-0.1,2020
167,Wenyen Gabriel,23,NOP,PF,21,0,11.5,1.1,2.9,0.4,0.6,1.5,0.406,0.5,1.3,0.393,0.508,0.5,0.8,0.647,1,1.6,2.6,0.5,0.4,0.4,0.7,1.5,3.4,,241,9.8,0.533,0.533,0.283,9,15.3,12.2,5.9,1.8,3.1,18.2,14.4,0,0.3,0.3,0.052,-3.2,-0.1,-3.3,-0.1,2020
168,Daniel Gafford,22,2TM,C,54,11,14.6,2.9,4.2,0.684,0,0,,2.9,4.2,0.684,0.684,1.3,2,0.667,1.7,2.5,4.3,0.5,0.5,1.4,0.8,1.8,7,,791,22.2,0.697,0,0.48,12.9,18.6,15.8,5.3,1.5,8.1,13.1,16.7,2.1,1.3,3.5,0.209,0.6,1.6,2.2,0.8,2020
169,Danilo Gallinari,32,ATL,PF,51,4,24,4,9.3,0.434,2,5,0.406,2,4.3,0.466,0.542,3.2,3.4,0.925,0.3,3.8,4.1,1.5,0.6,0.2,0.8,2.1,13.3,,1222,16.3,0.613,0.535,0.366,1.6,17,9.5,9.2,1.2,0.7,7.2,21.2,2.7,1,3.7,0.146,1.7,-0.6,1.1,1,2020
170,Langston Galloway,29,PHO,SG,40,0,11,1.7,3.7,0.449,0.9,2.1,0.424,0.8,1.6,0.484,0.571,0.6,0.6,0.957,0.2,0.9,1.1,0.7,0.2,0,0.3,0.6,4.8,,438,12.1,0.605,0.578,0.156,1.8,8.9,5.4,8,0.9,0,7.6,17.3,0.6,0.3,0.9,0.096,-0.1,-0.8,-0.9,0.1,2020
171,Darius Garland,21,CLE,PG,54,50,33.1,6.7,14.9,0.451,1.9,4.9,0.395,4.8,9.9,0.479,0.517,2.1,2.4,0.848,0.4,2,2.4,6.1,1.2,0.1,3,2,17.4,,1790,14.2,0.547,0.332,0.165,1.4,6.8,4,30.9,1.8,0.3,16,24.9,0.3,0.9,1.2,0.033,0,-2.1,-2.1,-0.1,2020
172,Marc Gasol,36,LAL,C,52,42,19.1,1.7,3.7,0.454,1,2.3,0.41,0.7,1.4,0.528,0.582,0.7,1,0.72,0.7,3.4,4.1,2.1,0.5,1.1,1,2.2,5,,993,12.2,0.606,0.629,0.258,4.3,19.9,12.2,14.7,1.3,5.2,19.7,11.8,0.8,1.9,2.8,0.133,-1.4,3.7,2.3,1.1,2020
173,Rudy Gay,34,SAS,PF,63,1,21.6,4.2,10,0.42,1.7,4.4,0.381,2.5,5.6,0.451,0.505,1.3,1.6,0.804,0.7,4.1,4.8,1.4,0.7,0.6,1,1.8,11.4,,1358,14.7,0.532,0.443,0.162,3.2,20.9,11.9,9.7,1.6,2.5,8.8,23.6,0,1.7,1.7,0.059,-0.1,0,-0.1,0.6,2020
174,Paul George,30,LAC,SF,54,54,33.7,8.2,17.6,0.467,3.2,7.7,0.411,5.1,9.9,0.51,0.557,3.7,4.2,0.868,0.8,5.8,6.6,5.2,1.1,0.4,3.3,2.4,23.3,"AS,NBA3",1821,20.5,0.598,0.437,0.239,2.9,18.9,11.1,24.6,1.7,1.2,14.5,30,3,2.3,5.3,0.139,3.9,0.3,4.2,2.9,2020
175,Taj Gibson,35,NYK,C,45,3,20.8,2.2,3.5,0.627,0.1,0.3,0.2,2.1,3.2,0.671,0.636,0.9,1.2,0.727,2.2,3.4,5.6,0.8,0.7,1.1,0.5,2.2,5.4,,936,16,0.661,0.095,0.348,11.6,17.3,14.5,5.4,1.7,5,10.8,9.7,2.1,1.7,3.8,0.195,-0.7,2.1,1.3,0.8,2020
176,Harry Giles,22,POR,C,38,0,9.2,1.1,2.6,0.433,0.2,0.6,0.348,0.9,1.9,0.459,0.474,0.4,0.7,0.593,0.8,2.7,3.5,0.8,0.2,0.3,0.5,1.4,2.8,,348,12.4,0.496,0.237,0.278,9.3,32.2,20.4,11.3,1.1,3.3,15.5,15.9,0.1,0.4,0.5,0.069,-3.2,0.2,-2.9,-0.1,2020
177,Shai Gilgeous-Alexander,22,OKC,SG,35,35,33.7,8.2,16.1,0.508,2,4.9,0.418,6.2,11.3,0.547,0.571,5.3,6.5,0.808,0.5,4.2,4.7,5.9,0.8,0.7,3,2,23.7,,1180,21.6,0.623,0.301,0.405,1.7,13.1,7.3,31.2,1.1,1.7,13.7,27.8,2.7,0.8,3.5,0.143,3.9,0.2,4.1,1.8,2020
178,Anthony Gill,28,WAS,PF,26,4,8.4,1.2,2.3,0.5,0.3,0.9,0.292,0.9,1.4,0.639,0.558,0.5,0.6,0.813,0.6,1.3,2,0.4,0.4,0.2,0.3,1,3.1,,218,13.7,0.597,0.4,0.267,7.8,17,12.4,6.7,2.1,1.5,10.7,14.2,0.3,0.3,0.6,0.123,-1.6,0.3,-1.3,0,2020
179,Freddie Gillespie,23,TOR,PF,20,2,19.6,2.2,4.2,0.524,0,0,,2.2,4.2,0.524,0.524,1.2,1.7,0.697,2.1,2.8,4.9,0.5,0.7,1,0.6,2.2,5.6,,392,13.4,0.563,0,0.393,11.4,16,13.6,3.2,1.6,5.1,10.9,12.2,0.5,0.5,0.9,0.116,-3.1,-0.1,-3.2,-0.1,2020
180,Rudy Gobert,28,UTA,C,71,71,30.8,5.5,8.2,0.675,0,0.1,0,5.5,8.1,0.68,0.675,3.3,5.3,0.623,3.4,10.1,13.5,1.3,0.6,2.7,1.7,2.3,14.3,"MVP-10,DPOY-1,AS,NBA3,DEF1",2187,23.5,0.683,0.007,0.646,12.2,33.5,23.3,6,0.9,7,13.7,17,6.1,5.2,11.3,0.248,2.1,2.8,4.9,3.8,2020
181,Brandon Goodwin,25,ATL,PG,47,5,13.2,1.8,4.7,0.377,0.7,2.2,0.311,1.1,2.6,0.433,0.448,0.6,0.9,0.651,0.2,1.3,1.5,2,0.4,0,0.8,0.9,4.9,,620,9.2,0.471,0.462,0.193,1.4,10.6,6.1,21.6,1.3,0,13,19.5,-0.2,0.4,0.2,0.013,-2.5,-0.6,-3.1,-0.2,2020
182,Aaron Gordon,25,2TM,PF,50,50,27.7,4.6,10,0.463,1.2,3.5,0.335,3.4,6.5,0.533,0.522,1.9,3,0.651,1.5,4.1,5.7,3.2,0.7,0.7,1.9,1.8,12.4,,1384,14.5,0.547,0.353,0.299,6,16.4,11.1,17.8,1.2,2.3,14.7,20.7,0.7,1.2,1.9,0.066,0.2,-0.1,0.1,0.7,2020
183,Eric Gordon,32,HOU,SG,27,13,29.2,5.9,13.6,0.433,2.6,7.8,0.329,3.3,5.8,0.573,0.527,3.5,4.2,0.825,0.3,1.9,2.1,2.6,0.5,0.5,1.9,1.6,17.8,,789,14.4,0.577,0.572,0.311,1,7.1,3.9,14.6,0.8,1.5,10.9,25.2,0.6,0.2,0.8,0.048,0.7,-1.7,-1,0.2,2020
184,Devonte' Graham,25,CHO,PG,55,44,30.2,4.6,12.2,0.377,3.3,8.7,0.375,1.3,3.5,0.38,0.51,2.4,2.9,0.842,0.4,2.3,2.7,5.4,0.9,0.1,1.5,1.4,14.8,,1659,14.6,0.552,0.713,0.236,1.4,8.4,4.8,26.3,1.4,0.4,10.2,21.4,2.5,0.9,3.4,0.099,1.8,-1.1,0.7,1.1,2020
185,Jerami Grant,26,DET,SF,54,54,33.9,7.4,17.3,0.429,2.1,6.1,0.35,5.3,11.2,0.473,0.491,5.4,6.4,0.845,0.6,4,4.6,2.8,0.6,1.1,2,2.3,22.3,,1829,16.9,0.556,0.353,0.368,2.1,13.2,7.6,14.3,0.9,2.8,9.1,28.5,1.6,1.6,3.2,0.083,1.9,-0.8,1.1,1.4,2020
186,Danny Green,33,PHI,SF,69,69,28,3.2,7.9,0.412,2.5,6.3,0.405,0.7,1.6,0.438,0.573,0.4,0.6,0.775,0.8,3,3.8,1.7,1.3,0.8,1,1.8,9.5,,1934,12.1,0.582,0.794,0.074,3.2,11.5,7.4,8.3,2.3,2.6,10.7,14,1.6,3.1,4.6,0.115,0.4,1.5,1.9,1.9,2020
187,Draymond Green,30,GSW,PF,63,63,31.5,2.7,6,0.447,0.5,2,0.27,2.2,4,0.535,0.492,1.1,1.4,0.795,0.9,6.2,7.1,8.9,1.7,0.8,3,3.1,7,"DPOY-3,DEF1",1982,13.3,0.53,0.332,0.232,3,20.8,12,36.4,2.5,2.3,31,13.1,1.2,3.4,4.6,0.112,-1.6,3.3,1.7,1.9,2020
188,JaMychal Green,30,DEN,PF,58,5,19.3,3,6.4,0.463,1.4,3.4,0.399,1.6,3,0.534,0.568,0.8,1,0.807,1.5,3.3,4.8,0.9,0.4,0.4,0.9,2.5,8.1,,1120,13.6,0.59,0.529,0.152,8.6,19.4,14,6.4,1.1,1.9,11.7,17.6,1.4,1.2,2.6,0.11,-0.5,-1,-1.5,0.1,2020
189,Javonte Green,27,2TM,SF,41,2,11.5,1.3,2.5,0.52,0.2,0.7,0.333,1,1.8,0.597,0.569,0.7,1,0.75,0.6,1.1,1.7,0.4,0.7,0.1,0.5,1.1,3.6,,473,12.1,0.61,0.294,0.392,6.1,10.6,8.3,4.8,2.9,1.1,13.7,12.6,0.5,0.6,1.1,0.107,-2.2,1.7,-0.5,0.2,2020
190,Jeff Green,34,BRK,PF,68,38,27,3.8,7.8,0.492,1.5,3.7,0.412,2.3,4.1,0.564,0.59,1.8,2.4,0.776,0.5,3.4,3.9,1.6,0.5,0.4,0.8,1.8,11,,1835,13,0.624,0.472,0.304,2.2,13.1,7.9,7.8,0.9,1.3,8.2,15.6,2.9,1.2,4.1,0.107,0,-0.9,-0.8,0.5,2020
191,Josh Green,20,DAL,SG,39,5,11.4,1.1,2.4,0.452,0.1,0.6,0.16,1,1.7,0.559,0.473,0.3,0.6,0.565,0.7,1.3,2,0.7,0.4,0.1,0.4,0.9,2.6,,445,8.8,0.49,0.269,0.247,7,12.3,9.7,8.3,1.8,0.6,14.2,11.9,0.1,0.4,0.5,0.05,-3.7,0.1,-3.6,-0.2,2020
192,Blake Griffin,31,2TM,PF,46,30,25.8,3.8,8.9,0.423,1.5,4.5,0.341,2.3,4.5,0.505,0.509,1.9,2.5,0.744,0.8,4.1,4.9,3,0.7,0.3,1.3,2.4,11,,1186,12.9,0.546,0.499,0.285,3.4,17.4,10.5,17,1.3,1.1,11.8,19.3,0.9,1.1,2,0.081,-0.8,0,-0.8,0.3,2020
193,Kyle Guy,23,SAC,PG,31,0,7.6,0.9,2.8,0.33,0.4,1.5,0.283,0.5,1.4,0.381,0.403,0.5,0.6,0.8,0.2,1,1.1,1,0.2,0,0.4,0.6,2.8,,235,8.5,0.449,0.523,0.227,2.3,14.4,8.3,17.9,1.2,0,10.2,19.7,-0.1,0.1,-0.1,-0.015,-3.7,-2.1,-5.8,-0.2,2020
194,Rui Hachimura,22,WAS,PF,57,57,31.5,5.4,11.4,0.478,0.8,2.4,0.328,4.6,9,0.519,0.513,2.2,2.8,0.77,0.9,4.6,5.5,1.4,0.8,0.1,1.2,2.1,13.8,,1797,11.4,0.549,0.211,0.248,2.9,15.5,9.2,6.3,1.1,0.3,8.6,18.1,0.7,1.4,2.1,0.056,-2.2,-1,-3.1,-0.5,2020
195,Ashton Hagans,21,MIN,PG,2,0,2,0,0,,0,0,,0,0,,,0,0,,0,0,0,0,0,0,0.5,0,0,,4,-12.4,,,,0,0,0,0,0,0,100,10.5,0,0,0,-0.353,-13.7,-7.4,-21.1,0,2020
196,Tyrese Haliburton,20,SAC,PG,58,20,30.1,5,10.7,0.472,2.1,5.1,0.409,2.9,5.6,0.529,0.569,0.8,1,0.857,0.7,2.3,3,5.3,1.3,0.5,1.6,1.4,13,ROY-3,1746,16.2,0.585,0.478,0.09,2.4,8.6,5.5,24.6,2.1,1.4,12.5,18.1,2.8,0.7,3.5,0.096,1.9,-0.5,1.4,1.5,2020
197,Donta Hall,23,ORL,PF,13,0,13.8,1.9,2.7,0.714,0,0,,1.9,2.7,0.714,0.714,1.8,2.6,0.676,1.8,2.9,4.8,0.8,0.4,0.8,0.6,1.4,5.6,,179,22.3,0.731,0,0.971,13.5,22.8,18,9.4,1.4,5.1,13.8,14,0.6,0.2,0.8,0.223,0.9,0.6,1.6,0.2,2020
198,Josh Hall,20,OKC,SF,21,1,16,1.4,4.7,0.303,0.2,1.8,0.108,1.2,3,0.419,0.323,1,2.1,0.5,0.3,2.5,2.8,1.3,0.2,0,1.2,1.8,4.1,,336,1,0.363,0.374,0.444,1.8,16.6,9.1,11.6,0.6,0.3,17.4,18.1,-1.1,0.2,-0.9,-0.126,-9.7,-2.2,-11.9,-0.8,2020
199,R.J. Hampton,19,2TM,SG,51,1,17.4,2.7,6.1,0.435,0.5,1.7,0.31,2.1,4.4,0.482,0.478,1.1,1.6,0.671,0.6,2.9,3.5,1.7,0.4,0.2,1,1.2,6.9,,888,11.1,0.507,0.278,0.262,3.4,18.4,10.7,15.2,1.2,1,13.2,19.6,-0.3,0.7,0.4,0.021,-2.6,-1.2,-3.8,-0.4,2020
200,Tim Hardaway Jr.,28,DAL,SG,70,31,28.4,5.8,13,0.447,3,7.6,0.391,2.9,5.5,0.524,0.56,2,2.5,0.816,0.3,3,3.3,1.8,0.4,0.2,0.9,1.6,16.6,6MOY-5,1985,15.7,0.589,0.581,0.191,1.1,11.5,6.4,9.8,0.8,0.5,6.1,23.4,3.2,1.2,4.3,0.105,2,-1.7,0.4,1.2,2020
201,James Harden,31,2TM,PG,44,43,36.6,7.8,16.7,0.466,2.8,7.6,0.362,5,9.1,0.553,0.548,6.3,7.3,0.861,0.8,7.1,7.9,10.8,1.2,0.8,4,2.3,24.6,"MVP-13,AS",1609,24.5,0.618,0.455,0.44,2.5,20.6,11.9,44.4,1.6,1.8,16.8,28.4,5.3,1.7,7,0.208,6.2,1,7.2,3.7,2020
202,Maurice Harkless,27,2TM,SF,37,23,20.9,1.9,4.5,0.418,0.6,2.3,0.274,1.2,2.2,0.568,0.488,0.9,1.2,0.767,0.4,2.1,2.4,1.2,0.8,0.5,0.6,2.3,5.2,,772,8.1,0.527,0.509,0.261,1.9,11.1,6.4,7.3,1.9,2.3,10.7,11.5,0.2,0.4,0.6,0.038,-3.8,0.1,-3.7,-0.3,2020
203,Jared Harper,23,NYK,PG,8,0,2,0,0.5,0,0,0.1,0,0,0.4,0,0,0.4,0.5,0.75,0,0.3,0.3,0.1,0,0,0.4,0.1,0.4,,16,-10.8,0.26,0.25,1,0,13.4,6.8,7.7,0,0,34.2,24.4,-0.1,0,-0.1,-0.365,-16.6,-5.5,-22.1,-0.1,2020
204,Montrezl Harrell,27,LAL,C,69,1,22.9,5.4,8.7,0.622,0,0.1,0,5.4,8.6,0.632,0.622,2.6,3.7,0.707,2.3,3.9,6.2,1.1,0.7,0.7,1.1,1.9,13.5,6MOY-6,1580,22.7,0.65,0.017,0.425,11.3,19.1,15.2,7.7,1.4,2.8,9.4,21.7,4.5,2.7,7.3,0.221,2.3,0.7,3,2,2020
205,Gary Harris,26,2TM,SG,39,38,27.7,3.5,8.8,0.4,1.2,3.6,0.34,2.3,5.2,0.441,0.47,1.6,2,0.821,0.5,1.5,2,2,0.7,0.3,0.9,1.8,9.9,,1080,9.1,0.511,0.409,0.226,2.1,5.9,4,10.3,1.3,1,8.9,16.7,0.2,0.6,0.7,0.033,-2.8,-1.3,-4.2,-0.6,2020
206,Jalen Harris,22,TOR,SG,13,2,13.2,2.8,5.5,0.5,1.3,2.8,0.472,1.5,2.8,0.528,0.618,0.5,0.7,0.778,0.2,1.2,1.4,1.3,0.6,0,1.1,1.2,7.4,,172,15.2,0.632,0.5,0.125,1.9,9.9,5.8,16,2.3,0,15.6,22.6,0.1,0.1,0.3,0.079,0.5,-0.3,0.3,0.1,2020
207,Joe Harris,29,BRK,SF,69,65,31,5.2,10.2,0.505,3.1,6.4,0.475,2.1,3.8,0.555,0.654,0.7,0.9,0.778,0.6,3,3.6,1.9,0.7,0.2,0.9,2,14.1,,2141,14.1,0.663,0.628,0.089,2.3,10.1,6.4,8.4,1,0.6,7.8,16.2,4.1,1.1,5.2,0.117,1.6,-1.2,0.4,1.3,2020
208,Tobias Harris,28,PHI,PF,62,62,32.5,7.6,14.9,0.512,1.3,3.4,0.394,6.3,11.5,0.546,0.556,2.9,3.3,0.892,1,5.8,6.8,3.5,0.9,0.8,1.7,1.9,19.5,,2014,20,0.597,0.225,0.221,3.5,19.2,11.4,17.6,1.3,2.3,9.5,23.9,4.1,3.1,7.1,0.17,2.9,0.8,3.7,2.9,2020
209,Shaquille Harrison,27,2TM,SG,34,0,9.8,0.8,2.3,0.333,0.1,0.5,0.188,0.7,1.8,0.371,0.353,0.5,0.6,0.818,0.2,1.2,1.4,0.7,0.5,0.1,0.3,1,2.1,,333,6.8,0.416,0.205,0.282,2.4,13.7,8.1,9.5,2.5,1.5,11.1,12.9,-0.2,0.4,0.2,0.03,-5.5,1.5,-4.1,-0.2,2020
210,Josh Hart,25,NOP,SF,47,4,28.7,3.2,7.3,0.439,1.3,4.1,0.326,1.9,3.2,0.583,0.531,1.5,1.9,0.775,1.1,6.9,8,2.3,0.8,0.3,1,2.4,9.2,,1349,12.2,0.566,0.561,0.259,4.3,26.1,15.2,10.6,1.4,0.8,11.3,13.5,1.4,1.3,2.7,0.097,-1.1,0.3,-0.8,0.4,2020
211,Isaiah Hartenstein,22,2TM,C,46,2,12.2,2,3.7,0.55,0,0.1,0.333,2,3.6,0.558,0.556,1,1.5,0.648,1.4,2.5,3.9,1.2,0.4,0.8,1,2.3,5.1,,559,17.9,0.583,0.035,0.415,13,23.7,18.2,15.3,1.7,6.5,17.9,19.2,0.7,0.9,1.6,0.134,-2.4,1.5,-0.9,0.2,2020
212,Udonis Haslem,40,MIA,C,1,0,3,2,2,1,0,0,,2,2,1,1,0,0,,0,1,1,0,0,0,0,0,4,,3,54.6,1,0,0,0,37.5,19.1,0,0,0,0,30.1,0,0,0,0.475,24.1,7,31.1,0,2020
213,Jaxson Hayes,20,NOP,C,60,3,16.1,2.9,4.7,0.625,0.1,0.2,0.429,2.8,4.4,0.635,0.636,1.6,2,0.775,1.5,2.8,4.3,0.6,0.4,0.6,0.7,1.7,7.5,,964,19.1,0.675,0.05,0.429,10.4,18.6,14.5,5.2,1.2,3.7,10.5,16.2,2.6,1,3.5,0.176,0.6,0,0.6,0.6,2020
214,Killian Hayes,19,DET,PG,26,18,25.8,2.7,7.7,0.353,0.8,2.8,0.278,2,5,0.395,0.403,0.5,0.7,0.824,0.2,2.4,2.7,5.3,1,0.4,3.2,2.2,6.8,,670,5.3,0.422,0.358,0.085,1,10.6,5.7,29.7,2,1.3,28.5,19,-1.8,0.6,-1.1,-0.081,-6.3,-0.9,-7.2,-0.9,2020
215,Gordon Hayward,30,CHO,SF,44,44,34,7.1,15,0.473,1.9,4.7,0.415,5.1,10.3,0.499,0.537,3.5,4.2,0.843,0.8,5,5.9,4.1,1.2,0.3,2.1,1.7,19.6,,1496,17.6,0.584,0.312,0.281,2.6,16.3,9.3,19.5,1.7,0.9,11,23.9,2.2,1.4,3.5,0.114,1.6,-0.1,1.6,1.4,2020
216,Juancho Hernangómez,25,MIN,PF,52,6,17.3,2.5,5.8,0.435,1.1,3.2,0.327,1.4,2.5,0.573,0.527,1.2,1.9,0.619,0.9,3.1,3.9,0.7,0.4,0.1,0.5,1,7.2,,900,12.1,0.549,0.562,0.324,5.2,20,12.3,5.6,1,0.7,7.3,17.2,0.6,0.5,1.1,0.06,-1.1,-1.8,-2.9,-0.2,2020
217,Willy Hernangómez,26,NOP,C,47,12,18,3.2,5.7,0.563,0,0.2,0.1,3.2,5.5,0.581,0.565,1.3,2,0.667,2.5,4.6,7.1,1.1,0.5,0.5,0.7,1.4,7.8,,846,19.6,0.591,0.037,0.347,15,27.8,21.4,8.5,1.2,2.6,9.9,17,1.9,1,2.9,0.163,1,-1,0,0.4,2020
218,Tyler Herro,21,MIA,SG,54,15,30.3,5.7,12.9,0.439,2,5.5,0.36,3.7,7.4,0.498,0.516,1.7,2.2,0.803,0.5,4.5,5,3.4,0.6,0.3,1.9,1.3,15.1,,1635,13.3,0.543,0.425,0.167,1.8,16.7,9.4,18,1.1,1.1,11.9,23.5,0.1,1.6,1.7,0.049,-0.3,-1,-1.3,0.3,2020
219,Buddy Hield,28,SAC,SG,71,71,34.3,5.7,14,0.406,4,10.2,0.391,1.7,3.8,0.446,0.548,1.2,1.5,0.846,0.4,4.3,4.7,3.6,0.9,0.4,1.8,2.5,16.6,,2433,12.8,0.567,0.727,0.105,1.3,14.1,7.6,14.7,1.2,1,11.1,20.7,1.5,0.7,2.2,0.044,1,-1.6,-0.6,0.9,2020
220,George Hill,34,2TM,PG,30,17,22.4,3.2,6.6,0.482,1,2.7,0.388,2.1,3.9,0.547,0.561,1.3,1.7,0.8,0.5,1.5,2,2.4,0.8,0.2,1,1,8.7,,672,13.1,0.596,0.406,0.254,2.6,7.2,4.9,16,1.6,0.7,12.4,15.9,0.9,0.6,1.4,0.1,-1,-0.2,-1.2,0.1,2020
221,Solomon Hill,29,ATL,PF,71,16,21.3,1.5,4.2,0.359,1,3,0.321,0.5,1.2,0.453,0.473,0.5,0.6,0.761,0.6,2.4,3,1.1,0.7,0.2,0.6,1.6,4.5,,1513,6.7,0.498,0.711,0.154,3.1,12.2,7.7,6.4,1.6,0.6,11.7,10.4,0.1,1.2,1.3,0.04,-3,0.5,-2.5,-0.2,2020
222,Nate Hinton,21,DAL,SG,21,0,4.4,0.7,2,0.357,0.2,0.9,0.211,0.5,1.1,0.478,0.405,0.3,0.5,0.7,0,0.4,0.4,0.4,0.3,0.1,0.2,0.4,2,,93,10.4,0.442,0.452,0.238,1.2,9.4,5.3,12.4,3.7,2,9.7,24.4,-0.2,0.1,0,-0.015,-4.5,1,-3.4,0,2020
223,Jaylen Hoard,21,OKC,SF,19,0,16.8,2.3,4.6,0.5,0,0.6,0,2.3,4.1,0.571,0.5,1.5,2.2,0.683,1.1,2.3,3.4,1.3,0.7,0.3,0.9,1,6.1,,320,13.4,0.547,0.125,0.466,6.7,14.5,10.6,11.2,1.9,1.4,13.8,16.3,0.2,0.3,0.5,0.07,-2.2,-0.3,-2.5,0,2020
224,Aaron Holiday,24,IND,PG,66,8,17.8,2.6,6.6,0.39,1,2.8,0.368,1.6,3.8,0.406,0.467,1,1.3,0.819,0.2,1.1,1.3,1.9,0.7,0.2,1,1.4,7.2,,1176,9.2,0.503,0.417,0.19,1.4,6.8,4.1,14,1.8,0.9,12.3,19.5,-0.6,0.8,0.2,0.009,-3.3,-0.9,-4.2,-0.7,2020
225,Jrue Holiday,30,MIL,PG,59,56,32.3,7,13.9,0.503,1.9,4.8,0.392,5.1,9.2,0.561,0.57,1.8,2.3,0.787,1.2,3.3,4.5,6.1,1.6,0.6,2.2,1.7,17.7,"DPOY-8,DEF1",1907,20,0.592,0.344,0.165,4.2,10.4,7.4,26.3,2.4,1.7,12.6,22.2,4.3,2.2,6.6,0.165,2.8,0.6,3.4,2.6,2020
226,Justin Holiday,31,IND,SG,72,52,30.3,3.6,8.7,0.413,2.4,6.3,0.382,1.2,2.4,0.494,0.551,0.9,1.2,0.788,0.4,3.1,3.6,1.7,1,0.6,0.8,1.9,10.5,,2183,10.4,0.571,0.725,0.136,1.6,11.1,6.4,7,1.6,1.5,7.5,14,1.4,1.8,3.1,0.069,-0.9,-0.1,-1,0.6,2020
227,Rondae Hollis-Jefferson,26,POR,PF,11,1,9.7,0.8,1.6,0.5,0,0.1,0,0.8,1.5,0.529,0.5,0.8,1.5,0.563,1,1.4,2.4,1.2,0.2,0.4,0.2,1.4,2.5,,107,14.4,0.539,0.056,0.889,10.7,15.4,13,15.7,0.9,3.4,7.4,10.9,0.3,0.1,0.3,0.147,-1.1,1.2,0.1,0.1,2020
228,Richaun Holmes,27,SAC,C,61,61,29.2,6,9.4,0.637,0,0.2,0.182,6,9.2,0.645,0.638,2.2,2.8,0.794,2.4,5.9,8.3,1.7,0.6,1.6,1.2,3.5,14.2,,1782,20.2,0.669,0.019,0.296,8.8,22.7,15.7,8.3,1.1,4.6,10.3,17.5,4.7,1.4,6.1,0.165,0.6,0,0.6,1.2,2020
229,Rodney Hood,28,2TM,SF,55,5,17.1,1.7,4.7,0.362,0.6,2.1,0.301,1.1,2.7,0.408,0.427,0.4,0.5,0.857,0.4,1.5,1.9,1,0.4,0.1,0.7,1.3,4.5,,942,5.6,0.452,0.435,0.108,2.6,9.4,5.9,7.5,1.2,0.7,11.7,14.1,-0.7,0.3,-0.4,-0.019,-4.9,-1.4,-6.4,-1,2020
230,Al Horford,34,OKC,C,28,28,27.9,5.8,12.9,0.45,2,5.4,0.368,3.8,7.4,0.51,0.528,0.6,0.8,0.818,1,5.7,6.7,3.4,0.9,0.9,1,1.7,14.2,,782,17.4,0.538,0.422,0.061,3.8,21.4,12.5,20.1,1.5,2.9,7.3,21.6,0.8,0.9,1.6,0.101,2,1.4,3.4,1.1,2020
231,Talen Horton-Tucker,20,LAL,SG,65,4,20.1,3.4,7.5,0.458,0.6,2,0.282,2.9,5.5,0.522,0.496,1.5,2,0.775,0.4,2.2,2.6,2.8,1,0.3,1.6,2,9,,1304,12.9,0.536,0.268,0.264,2.2,12.3,7.3,20.8,2.4,1.4,16.1,21.7,-0.1,2.2,2.1,0.078,-2.6,1.5,-1.2,0.3,2020
232,Danuel House Jr.,27,HOU,SF,36,23,25.9,3.1,7.6,0.404,1.5,4.3,0.346,1.6,3.2,0.483,0.504,1.1,1.8,0.651,0.5,3.2,3.7,1.9,0.6,0.4,1,1.9,8.8,,932,9.1,0.525,0.574,0.232,2,13.6,7.5,10.6,1,1.5,10.7,15.3,0,0.5,0.5,0.026,-2.8,-0.7,-3.5,-0.3,2020
233,Dwight Howard,35,PHI,C,69,6,17.3,2.6,4.4,0.587,0.1,0.3,0.25,2.5,4.1,0.611,0.596,1.8,3,0.576,2.8,5.7,8.4,0.9,0.4,0.9,1.6,2.9,7,,1196,17.8,0.61,0.066,0.693,17.8,35.3,26.7,7.2,1.2,4.7,22.1,18.2,1.3,2.6,4,0.159,-2.1,0.6,-1.5,0.1,2020
234,Markus Howard,21,DEN,SG,37,1,5.5,1.1,2.9,0.377,0.5,1.8,0.277,0.6,1.1,0.537,0.462,0.2,0.2,0.778,0,0.5,0.6,0.5,0.1,0,0.5,0.6,2.8,,205,6.4,0.477,0.613,0.085,0.6,11,5.8,12.6,1,0.5,14.1,27.2,-0.4,0.1,-0.3,-0.068,-5.5,-3.2,-8.7,-0.3,2020
235,Kevin Huerter,22,ATL,SG,69,49,30.8,4.6,10.6,0.432,2,5.6,0.363,2.6,5,0.51,0.528,0.7,0.9,0.781,0.6,2.8,3.3,3.5,1.2,0.3,1.1,2.4,11.9,,2126,12.2,0.541,0.528,0.088,2,9.7,6,16.3,1.9,0.7,9.4,17.2,1.9,1.7,3.6,0.08,-0.6,0.4,-0.3,1,2020
236,Elijah Hughes,22,UTA,SF,18,0,3.6,0.6,1.7,0.333,0.4,1.3,0.348,0.1,0.4,0.286,0.467,0.2,0.2,0.75,0.1,0.4,0.5,0.3,0.1,0.1,0.3,0.1,1.7,,64,8.4,0.488,0.767,0.133,1.7,12.7,7.5,13.4,0.8,1.3,15.9,25.4,-0.1,0.1,0,-0.013,-1.4,-1.3,-2.8,0,2020
237,De'Andre Hunter,23,ATL,SF,23,19,29.5,5.2,10.8,0.484,1.3,4.1,0.326,3.9,6.7,0.582,0.546,3.2,3.7,0.859,0.7,4,4.8,1.9,0.8,0.5,1.3,2.6,15,,678,15.7,0.603,0.383,0.343,2.8,14.7,8.9,9.7,1.4,1.6,9.2,20.2,1.2,0.6,1.7,0.123,0.6,0.6,1.2,0.5,2020
238,Chandler Hutchison,24,2TM,SF,25,1,13.8,1.6,4.1,0.379,0.3,0.9,0.364,1.2,3.2,0.383,0.417,0.8,1,0.84,0.2,2.9,3.1,0.7,0.5,0.2,0.8,1.3,4.3,,346,6.8,0.469,0.214,0.243,1.9,22.2,12.1,6.3,1.6,1.2,14.9,16.2,-0.5,0.4,-0.1,-0.007,-5.7,0.2,-5.6,-0.3,2020
239,Serge Ibaka,31,LAC,C,41,39,23.3,4.5,8.9,0.51,1,2.8,0.339,3.6,6.1,0.588,0.563,1,1.3,0.811,1.8,4.9,6.7,1.8,0.2,1.1,1.1,1.9,11.1,,955,18.2,0.585,0.315,0.145,8.9,23.1,16.2,11.5,0.5,4.4,10.2,20.1,1.7,1.3,3,0.15,1.2,0.2,1.4,0.8,2020
240,Andre Iguodala,37,MIA,SF,63,5,21.3,1.5,3.9,0.383,1,2.9,0.33,0.6,1,0.53,0.504,0.4,0.6,0.658,0.6,2.9,3.5,2.3,0.9,0.6,1.1,1.4,4.4,,1339,9.2,0.519,0.734,0.153,3.3,15.4,9.4,14.3,2.1,2.7,20.2,11.2,-0.1,1.8,1.7,0.062,-2.2,1.8,-0.4,0.5,2020
241,Ersan İlyasova,33,UTA,PF,17,1,8.7,1.2,3.2,0.389,1.1,2.4,0.439,0.2,0.8,0.231,0.556,0.3,0.3,1,0.4,1.3,1.7,0.2,0.6,0.2,0.5,1.7,3.8,,148,12.1,0.578,0.759,0.093,5.3,15.1,10.4,3.8,3.3,1.6,12.5,18.7,0.1,0.3,0.4,0.122,-2.5,1.7,-0.9,0,2020
242,Joe Ingles,33,UTA,SF,67,30,27.9,4.1,8.4,0.489,2.7,6.1,0.451,1.4,2.3,0.59,0.652,1.1,1.3,0.844,0.4,3.2,3.6,4.7,0.7,0.2,1.7,1.8,12.1,6MOY-2,1867,15.9,0.672,0.722,0.16,1.6,11.8,6.9,24,1.2,0.5,16.3,16.6,4.7,2.3,7,0.18,2.6,0.9,3.5,2.6,2020
243,Brandon Ingram,23,NOP,SF,61,61,34.3,8.4,18,0.466,2.3,6.1,0.381,6.1,11.9,0.51,0.531,4.6,5.2,0.878,0.6,4.3,4.9,4.9,0.7,0.6,2.5,2,23.8,,2093,19.2,0.584,0.341,0.291,1.8,13.7,7.8,22.4,1,1.6,11,28,3.9,1.3,5.3,0.12,3.3,-1.1,2.2,2.2,2020
244,Kyrie Irving,28,BRK,PG,54,54,34.9,10.2,20.1,0.506,2.8,7,0.402,7.4,13.1,0.561,0.576,3.7,4,0.922,1,3.8,4.8,6,1.4,0.7,2.4,2.6,26.9,"AS,NBA3",1886,24.4,0.614,0.348,0.201,3.2,11.4,7.5,28.6,1.9,1.7,9.9,30.4,5.8,1.6,7.4,0.189,5.7,-0.2,5.5,3.6,2020
245,Wes Iwundu,26,2TM,SF,41,4,13.1,0.8,2.5,0.333,0.1,1,0.122,0.7,1.5,0.475,0.358,0.6,0.8,0.839,0.4,1.8,2.2,0.4,0.4,0.1,0.5,1.2,2.4,,539,4.3,0.428,0.402,0.304,3,15.2,9.1,4.2,1.4,0.7,14.1,10.8,-0.5,0.4,0,-0.003,-6.1,-0.3,-6.3,-0.6,2020
246,Frank Jackson,22,DET,PG,40,6,18.5,3.4,7.3,0.457,1.5,3.8,0.407,1.8,3.6,0.51,0.561,1.5,1.9,0.813,0.4,1.8,2.2,0.9,0.4,0,0.9,1.3,9.8,,738,13.2,0.598,0.512,0.256,2.2,10.8,6.5,7.9,1,0.1,9.4,21.3,0.7,0.4,1.2,0.076,-0.1,-1.6,-1.7,0.1,2020
247,Jaren Jackson Jr.,21,MEM,C,11,4,23.5,4.8,11.4,0.424,1.5,5.5,0.283,3.3,5.9,0.554,0.492,3.2,3.8,0.833,1.5,4.1,5.6,1.1,1.1,1.6,1.4,3.8,14.4,,258,18,0.551,0.48,0.336,6.9,18.7,12.7,6.8,2.2,6.3,9.5,25.9,0.2,0.5,0.7,0.123,-0.7,0.7,0.1,0.1,2020
248,Josh Jackson,23,DET,SG,62,25,25.2,4.8,11.4,0.419,1.2,4.1,0.3,3.5,7.3,0.487,0.473,2.6,3.5,0.729,0.9,3.2,4.1,2.3,0.9,0.8,2.3,2.9,13.4,,1560,12,0.516,0.364,0.308,4,14.2,9.1,15.1,1.7,2.6,15,26.5,-1.6,1.7,0.1,0.004,-2.5,-0.5,-3,-0.4,2020
249,Justin Jackson,25,2TM,SF,34,3,17,2.6,6.5,0.403,1.1,3.4,0.308,1.6,3.1,0.51,0.484,0.9,1.1,0.838,0.5,1.8,2.3,1.5,0.4,0.1,0.9,0.9,7.2,,577,10.4,0.516,0.529,0.167,2.9,11.1,6.9,13.9,1.2,0.3,11.9,19.8,-0.1,0.3,0.2,0.018,-2.3,-1.2,-3.5,-0.2,2020
250,Reggie Jackson,30,LAC,SG,67,43,23,3.9,8.7,0.45,1.8,4.2,0.433,2.1,4.5,0.465,0.554,1,1.2,0.817,0.4,2.5,2.9,3.1,0.6,0.1,1.1,1.9,10.7,,1544,14.2,0.576,0.482,0.14,1.8,11.9,7,19,1.3,0.4,10.6,19.9,2.3,1.4,3.7,0.115,0.6,-0.2,0.4,0.9,2020
251,Justin James,24,SAC,SF,36,0,8.6,1.4,3.1,0.468,0.4,1.1,0.368,1.1,2,0.521,0.532,0.6,1,0.583,0.3,0.6,0.8,0.6,0.2,0.1,0.4,0.6,3.9,,310,11.3,0.548,0.342,0.324,3.2,7.6,5.4,9.9,1.2,0.8,10.6,19.7,0.1,0,0.1,0.02,-2,-2.3,-4.3,-0.2,2020
252,LeBron James,36,LAL,PG,45,45,33.4,9.4,18.3,0.513,2.3,6.3,0.365,7.1,12,0.591,0.576,4,5.7,0.698,0.6,7,7.7,7.8,1.1,0.6,3.7,1.6,25,"MVP-13,AS,NBA2",1504,24.2,0.602,0.346,0.31,2.2,23.6,12.9,41.8,1.6,1.5,15.2,31.9,3,2.6,5.6,0.179,5.9,2.3,8.1,3.8,2020
253,Mike James,30,BRK,PG,13,1,18.2,2.6,7.1,0.37,0.8,2.4,0.355,1.8,4.7,0.377,0.429,1.6,2.1,0.778,0.2,2.2,2.5,4.2,0.5,0.1,1.5,0.8,7.7,,236,11.9,0.481,0.337,0.293,1.5,12.9,7.5,30.6,1.2,0.4,16.1,22.9,0,0.1,0.1,0.028,-2.1,-2.3,-4.4,-0.1,2020
254,DaQuan Jeffries,23,2TM,SG,31,5,15.9,1.6,3.9,0.417,0.6,2.2,0.299,1,1.7,0.566,0.5,0.2,0.3,0.875,0.6,1.7,2.3,0.7,0.5,0.3,0.5,1.5,4.1,,493,7.9,0.514,0.558,0.067,4.1,11.8,7.8,6.1,1.4,1.8,10.2,11.9,0,0.2,0.3,0.027,-3.6,-1.1,-4.7,-0.3,2020
255,Ty Jerome,23,OKC,SG,33,1,23.9,3.9,8.7,0.446,2.2,5.1,0.423,1.7,3.6,0.479,0.57,0.8,1,0.765,0.3,2.5,2.8,3.6,0.6,0.2,1.4,1.8,10.7,,788,13.4,0.585,0.585,0.118,1.3,10.8,6,23.7,1.2,0.7,13.5,18.8,0.9,0.4,1.3,0.079,0.1,-0.8,-0.7,0.3,2020
256,Isaiah Joe,21,PHI,SG,41,1,9.3,1.2,3.2,0.361,1,2.6,0.368,0.2,0.7,0.333,0.508,0.4,0.6,0.75,0.1,0.7,0.9,0.5,0.3,0.1,0.3,0.8,3.7,,383,9.5,0.533,0.797,0.18,1.8,8.5,5.2,7.2,1.5,0.9,7.1,17.4,0.2,0.4,0.6,0.078,-2,-1,-3,-0.1,2020
257,Alize Johnson,24,BRK,PF,18,0,10.5,2.2,3.8,0.588,0.1,0.3,0.167,2.2,3.4,0.629,0.596,0.7,0.7,1,1.5,3.5,5,0.8,0.3,0.3,0.5,0.9,5.2,,189,23.5,0.638,0.088,0.191,16.6,35,26.3,10.9,1.3,2.3,10.9,19.1,0.6,0.3,0.9,0.227,2.7,0,2.7,0.2,2020
258,Cameron Johnson,24,PHO,PF,60,11,24,3.4,8.1,0.42,2,5.6,0.349,1.4,2.5,0.581,0.541,0.8,1,0.847,0.6,2.8,3.3,1.4,0.6,0.3,0.7,1.4,9.6,,1437,11.8,0.563,0.694,0.122,2.6,12.9,7.9,8,1.3,1,7.3,17,1.2,1.4,2.6,0.086,0,-0.2,-0.2,0.7,2020
259,James Johnson,33,2TM,PF,51,12,20.5,2.9,6.4,0.446,0.6,2.4,0.258,2.3,4.1,0.556,0.494,0.9,1.5,0.592,0.6,2.8,3.5,1.9,0.8,0.8,1.1,2.4,7.2,,1043,11.4,0.51,0.367,0.232,3.4,15.1,9.3,12.9,2,3.8,13.2,17.1,-0.1,1.3,1.2,0.055,-2.7,1.5,-1.2,0.2,2020
260,Keldon Johnson,21,SAS,SF,69,67,28.5,4.9,10.2,0.479,0.9,2.6,0.331,4,7.6,0.531,0.522,2.1,2.8,0.74,1.3,4.6,6,1.8,0.6,0.3,1.1,2.1,12.8,,1968,13.8,0.557,0.257,0.278,4.9,17.6,11.1,8.9,1,1,9,19.2,1.6,1.7,3.3,0.079,-0.9,-0.7,-1.6,0.2,2020
261,Stanley Johnson,24,TOR,PF,61,13,16.5,1.5,3.8,0.382,0.7,2.2,0.328,0.7,1.6,0.458,0.479,0.7,0.9,0.8,0.5,2,2.5,1.5,0.9,0.3,0.9,1.9,4.4,,1006,8.8,0.519,0.588,0.236,3.1,14.1,8.4,12,2.5,1.8,17.4,13.4,-0.1,1.1,1,0.048,-3.8,1.2,-2.5,-0.1,2020
262,Tyler Johnson,28,BRK,SG,39,3,17.5,1.8,4.7,0.393,1.2,3.4,0.364,0.6,1.3,0.471,0.525,0.5,0.5,0.857,0.2,1.8,2,1.2,0.4,0,0.4,1.1,5.4,,684,8.2,0.546,0.721,0.115,1,10.9,6.2,8.7,1,0,8.1,13.3,0.4,0.3,0.7,0.049,-2.4,-1,-3.4,-0.2,2020
263,Nikola Jokić,25,DEN,C,72,72,34.6,10.2,18,0.566,1.3,3.3,0.388,8.9,14.7,0.606,0.602,4.8,5.5,0.868,2.8,8,10.8,8.3,1.3,0.7,3.1,2.7,26.4,"MVP-1,AS,NBA1",2488,31.3,0.647,0.183,0.305,9.4,26.1,17.8,40.4,1.9,1.9,13.1,29.6,12.2,3.4,15.6,0.301,9.1,3,12.1,8.8,2020
264,Damian Jones,25,3TM,C,39,10,14,1.8,2.6,0.68,0,0.1,0.2,1.8,2.5,0.704,0.684,1.1,1.5,0.724,0.9,2.2,3.1,0.7,0.3,0.7,0.7,2,4.7,,547,14.6,0.712,0.049,0.563,7.3,17.4,12.3,7,1,4.6,16.8,12.3,1,0.5,1.6,0.138,-2.2,0.8,-1.4,0.1,2020
265,Derrick Jones Jr.,23,POR,SF,58,43,22.7,2.5,5.2,0.484,0.7,2.3,0.316,1.8,2.9,0.619,0.554,1,1.6,0.648,1.3,2.2,3.5,0.8,0.6,0.9,0.6,2.2,6.8,,1318,11.9,0.576,0.447,0.299,6.1,10.7,8.3,4.8,1.4,3.7,8.5,12.3,1.6,0.8,2.4,0.089,-1.4,0,-1.4,0.2,2020
266,Mason Jones,22,2TM,SG,32,1,10.4,1.6,3.8,0.423,0.8,2.1,0.364,0.9,1.8,0.491,0.52,1.3,2,0.625,0.2,1.5,1.7,1.3,0.2,0,0.9,0.8,5.3,,334,12.1,0.556,0.537,0.52,2.2,16,8.8,18.9,1,0.3,16.1,23,0,0.2,0.2,0.028,-1.4,-1.2,-2.7,-0.1,2020
267,Tre Jones,21,SAS,PG,37,1,7.3,1,2.1,0.474,0.1,0.1,0.6,0.9,2,0.466,0.494,0.5,0.5,0.895,0.2,0.4,0.6,1.1,0.2,0,0.4,0.4,2.5,,269,12.1,0.544,0.064,0.244,3.1,5.2,4.2,20,1.4,0,13.1,16.1,0.2,0.1,0.4,0.066,-2.2,-1.3,-3.5,-0.1,2020
268,Tyus Jones,24,MEM,PG,70,9,17.5,2.5,5.9,0.431,0.6,2,0.321,1.9,3.9,0.487,0.485,0.6,0.6,0.911,0.3,1.7,2,3.7,0.9,0.1,0.7,0.4,6.3,,1222,15,0.511,0.339,0.109,1.8,10.4,6.1,28.6,2.5,0.4,10,16.6,1.5,1.3,2.8,0.11,-0.1,0.9,0.8,0.9,2020
269,DeAndre Jordan,32,BRK,C,57,43,21.9,3.3,4.4,0.763,0,0,0,3.3,4.4,0.766,0.763,0.8,1.6,0.5,2.1,5.4,7.5,1.6,0.3,1.1,1.5,2,7.5,,1246,17.1,0.736,0.004,0.369,10.9,26.1,18.9,10.1,0.7,4.6,22.7,13.1,2.4,1.5,3.9,0.152,0.1,1,1,0.9,2020
270,Cory Joseph,29,2TM,PG,63,13,23,3.2,6.8,0.469,0.7,2.1,0.341,2.5,4.7,0.527,0.522,1.1,1.4,0.818,0.6,2,2.5,3.4,1,0.3,1.3,2.2,8.2,,1446,12.5,0.556,0.31,0.207,2.7,9.7,6.1,21.4,2,1.1,14.5,16.3,1.3,0.8,2.1,0.069,-1.8,0,-1.8,0.1,2020
271,Mfiondu Kabengele,23,2TM,PF,39,0,7.2,0.8,2.3,0.371,0.3,1.3,0.26,0.5,1,0.513,0.444,0.4,0.5,0.8,0.3,1.2,1.5,0.4,0.2,0.3,0.4,0.9,2.4,,280,9.5,0.486,0.562,0.225,4.7,19.4,12,8.7,1.4,4.1,13.3,17.7,-0.2,0.3,0.2,0.026,-4.3,0.1,-4.3,-0.2,2020
272,Frank Kaminsky,27,PHO,C,47,13,15.2,2.6,5.5,0.471,0.7,1.8,0.365,1.9,3.7,0.523,0.531,0.8,1.3,0.617,0.8,3.2,4,1.7,0.3,0.4,0.5,1.5,6.6,,715,15.8,0.547,0.331,0.233,5.8,23.7,14.9,15.3,1,2.1,7.2,19,1.1,0.9,2,0.133,0.4,0.8,1.3,0.6,2020
273,Luke Kennard,24,LAC,SG,63,17,19.6,3.1,6.6,0.476,1.6,3.6,0.446,1.5,3,0.511,0.597,0.4,0.5,0.839,0.2,2.3,2.6,1.7,0.4,0.1,0.8,1.4,8.3,,1232,12.7,0.608,0.541,0.075,1.4,13,7.3,11.9,0.9,0.7,10.1,17.1,1.6,1.1,2.7,0.105,0.3,-0.5,-0.2,0.6,2020
274,Louis King,21,SAC,SF,6,1,14.2,2.8,5.7,0.5,0.7,1.8,0.364,2.2,3.8,0.565,0.559,1,1,1,0.8,2.2,3,1.5,1.2,0.5,0.7,1.5,7.3,,85,21.2,0.6,0.324,0.176,6.4,17.2,11.8,15.4,4,3,9.8,20.6,0.2,0.1,0.3,0.16,2.3,2.5,4.9,0.1,2020
275,Maxi Kleber,29,DAL,PF,50,40,26.8,2.3,5.5,0.422,1.7,4.2,0.41,0.6,1.3,0.46,0.58,0.7,0.7,0.919,0.9,4.3,5.2,1.4,0.5,0.7,0.6,2.1,7.1,,1341,10.6,0.606,0.771,0.135,3.9,17.4,10.7,6.6,0.9,2.4,9.3,10.6,1.6,1.3,2.9,0.103,-0.5,0.5,0,0.7,2020
276,Nathan Knight,23,ATL,PF,33,0,8.5,1.1,3,0.37,0.2,1,0.182,0.9,2,0.463,0.4,1.3,1.7,0.8,0.8,1.4,2.2,0.2,0.3,0.3,0.5,0.7,3.8,,279,13.9,0.499,0.33,0.55,10.8,17.3,14.1,4,1.6,3.2,10.8,21.7,0.1,0.3,0.4,0.07,-2.6,-1,-3.7,-0.1,2020
277,Kevin Knox,21,NYK,SF,42,0,11,1.3,3.4,0.392,0.8,2.1,0.393,0.5,1.3,0.389,0.514,0.4,0.5,0.8,0.2,1.2,1.5,0.5,0.3,0.1,0.4,0.9,3.9,,464,9.1,0.537,0.622,0.14,2.4,11.8,7.1,5.9,1.3,1.2,10.1,16.2,0,0.6,0.6,0.065,-1.7,0.4,-1.4,0.1,2020
278,John Konchar,24,MEM,SG,43,0,13.4,1.6,3.2,0.5,0.5,1.3,0.375,1.1,1.9,0.585,0.576,0.6,0.7,0.833,0.8,2.2,3,1.1,0.7,0.2,0.4,0.9,4.3,,575,14.8,0.608,0.406,0.217,6.4,17.3,11.8,10.7,2.5,1.4,10.6,12.4,0.9,0.8,1.7,0.145,-0.2,1.4,1.2,0.5,2020
279,Furkan Korkmaz,23,PHI,SG,55,11,19.3,3.1,7.7,0.401,1.8,4.9,0.375,1.3,2.8,0.445,0.52,1.1,1.5,0.732,0.3,1.7,2.1,1.5,0.9,0.2,0.8,1.2,9.1,,1062,12.8,0.544,0.634,0.193,1.8,9.8,5.9,11.1,2.2,0.8,9.1,20.5,0.6,1.5,2,0.092,-0.3,0.2,-0.1,0.5,2020
280,Luke Kornet,25,2TM,C,31,2,11.2,1.4,3.3,0.436,0.5,1.9,0.254,0.9,1.4,0.69,0.51,0.1,0.2,0.5,0.5,1.7,2.2,0.8,0.1,1,0.2,0.6,3.4,,348,13.3,0.511,0.584,0.059,4.4,17,10.7,9.5,0.6,8.5,6.3,13.7,0.2,0.5,0.7,0.095,-0.8,1.6,0.8,0.3,2020
281,Rodions Kurucs,22,3TM,PF,21,0,6,0.5,1.5,0.344,0.3,1,0.286,0.2,0.5,0.455,0.438,0.1,0.2,0.75,0.2,0.9,1.1,0.5,0.4,0.2,0.6,0.8,1.5,,125,6.3,0.459,0.656,0.125,4.3,15.4,9.8,10.3,3.4,2.9,27.8,15.9,-0.3,0.2,-0.1,-0.041,-6.4,1.8,-4.6,-0.1,2020
282,Kyle Kuzma,25,LAL,SF,68,32,28.7,4.9,11.1,0.443,2,5.6,0.361,2.9,5.5,0.525,0.533,1,1.4,0.691,1.6,4.5,6.1,1.9,0.5,0.6,1.7,1.8,12.9,,1954,12.7,0.546,0.502,0.128,6.3,17.7,12,9.8,0.9,1.9,12.4,20.3,0.4,2.9,3.3,0.08,-0.4,-0.1,-0.4,0.8,2020
283,Anthony Lamb,23,HOU,SF,24,3,17.3,1.9,4.9,0.39,1,3,0.324,1,2,0.489,0.487,0.8,0.9,0.857,1.1,1.8,2.9,1,0.3,0.2,0.8,1.4,5.5,,415,8.7,0.523,0.602,0.178,6.7,11.5,9,7.9,0.7,1.1,13,15,0.1,0.1,0.2,0.023,-3.4,-2.7,-6.1,-0.4,2020
284,Jeremy Lamb,28,IND,SG,36,8,21.3,3.3,7.7,0.435,1.4,3.6,0.406,1.9,4.1,0.459,0.529,2,2.1,0.947,0.7,2.9,3.6,1.5,0.9,0.6,0.6,2,10.1,,765,15.8,0.587,0.464,0.272,3.6,14.9,9.3,9.4,2.1,2.4,6.6,18.4,1.2,0.9,2.1,0.132,0.7,0.7,1.4,0.7,2020
285,Romeo Langford,21,BOS,SG,18,4,15.7,1.2,3.3,0.356,0.3,1,0.278,0.9,2.3,0.39,0.398,0.5,0.7,0.75,0.7,1.3,1.9,0.7,0.3,0.3,0.6,1.3,3.1,,283,5.1,0.436,0.305,0.203,4.7,9.1,6.9,5.9,1,1.7,13.5,11.3,-0.2,0.2,0,0.003,-4.9,0.2,-4.6,-0.2,2020
286,Zach LaVine,25,CHI,SG,58,58,35.1,9.8,19.4,0.507,3.4,8.2,0.419,6.4,11.1,0.571,0.596,4.4,5.1,0.849,0.6,4.4,5,4.9,0.8,0.5,3.5,2.4,27.4,AS,2034,21.5,0.634,0.425,0.265,2,13.6,7.9,23.4,1.1,1.2,13.9,31,4,1.8,5.9,0.138,4.9,-0.8,4,3.1,2020
287,Jake Layman,26,MIN,SF,45,11,13.9,2,4.1,0.495,0.5,1.7,0.295,1.5,2.4,0.642,0.557,0.6,0.8,0.703,0.3,1.2,1.5,0.6,0.6,0.4,0.6,1,5.1,,627,11.4,0.577,0.424,0.201,2.2,9.7,5.8,6.4,2.2,2.6,11.5,15.1,0.2,0.5,0.7,0.051,-2.2,0.2,-2.1,0,2020
288,T.J. Leaf,23,POR,PF,7,0,5,0.7,1.4,0.5,0,0,,0.7,1.4,0.5,0.5,0.3,0.3,1,0,0.7,0.7,0.1,0.3,0.1,0.3,0.1,1.7,,35,11.2,0.551,0,0.2,0,15.7,7.6,4,2.8,2.6,15.5,15.8,0,0,0,0.022,-3.9,0.9,-3,0,2020
289,Jalen Lecque,20,IND,PG,4,0,3,0.3,2.3,0.111,0,0.3,0,0.3,2,0.125,0.111,0.8,0.8,1,0.5,0.8,1.3,0.5,0,0,0,0,1.3,,12,4.7,0.242,0.111,0.333,18.2,27,22.6,20.6,0,0,0,36.6,-0.1,0,-0.1,-0.232,-6.6,-6.3,-13,0,2020
290,Damion Lee,28,GSW,SG,57,1,18.9,2.2,4.8,0.467,1.4,3.4,0.397,0.9,1.4,0.638,0.608,0.7,0.8,0.909,0.4,2.8,3.2,1.3,0.7,0.1,0.5,1.6,6.5,,1079,11.8,0.636,0.708,0.161,2.2,15.4,8.9,9.1,1.7,0.7,9.3,12.8,1.4,1.3,2.7,0.119,-0.7,0.9,0.2,0.6,2020
291,Saben Lee,21,DET,PG,48,7,16.3,2.1,4.4,0.471,0.2,0.5,0.348,1.9,3.9,0.487,0.49,1.3,1.9,0.685,0.4,1.6,2,3.6,0.7,0.3,1.1,1.6,5.6,,781,13.8,0.536,0.11,0.424,2.8,11.1,6.9,33.2,2,1.5,18.1,17,0.7,0.8,1.5,0.091,-2.1,0.2,-2,0,2020
292,Alex Len,27,2TM,C,64,42,15.3,2.7,4.3,0.615,0.1,0.4,0.32,2.5,4,0.644,0.629,1.1,1.8,0.629,1.2,2.8,4.1,0.8,0.3,1,0.9,2,6.6,,979,16.4,0.643,0.09,0.417,8.5,19.7,14.1,7,0.9,5.6,14.3,16.3,1.5,1.3,2.7,0.133,-1.2,1,-0.1,0.5,2020
293,Kawhi Leonard,29,LAC,SF,52,52,34.1,8.9,17.5,0.512,1.9,4.9,0.398,7,12.6,0.557,0.568,5,5.7,0.885,1.1,5.4,6.5,5.2,1.6,0.4,2,1.6,24.8,"MVP-13,AS,NBA1,DEF2",1773,26,0.622,0.28,0.325,3.6,17.4,10.7,24.9,2.3,1.1,9.2,28.6,6.4,2.4,8.8,0.238,6,1.3,7.3,4.2,2020
294,Meyers Leonard,28,MIA,C,3,2,9.7,1,2.3,0.429,1,2.3,0.429,0,0,,0.643,0.3,0.7,0.5,0,2.3,2.3,0.7,0,0,0.7,1.7,3.3,,29,6.6,0.635,1,0.286,0,27.1,13.8,9.7,0,0,20.2,15.4,0,0,0,0.038,-3.3,-0.4,-3.7,0,2020
295,Caris LeVert,26,2TM,SG,47,39,31.6,7.6,17.3,0.441,1.8,5.5,0.326,5.9,11.8,0.495,0.493,3.1,3.8,0.811,0.7,3.9,4.6,5.2,1.4,0.6,2.2,2.2,20.2,,1486,17.8,0.531,0.317,0.221,2.5,13.1,7.8,25.4,2.1,1.7,10.2,28.7,0.9,1.5,2.4,0.077,0.9,-0.5,0.4,0.9,2020
296,Kira Lewis Jr.,19,NOP,PG,54,0,16.7,2.4,6.2,0.386,0.7,2.2,0.333,1.7,4,0.415,0.445,0.8,0.9,0.843,0.2,1.1,1.3,2.3,0.7,0.2,0.6,1.6,6.4,,904,10.3,0.477,0.356,0.151,1.4,7.1,4.3,18.7,2,1,8.6,18.3,0.2,0.6,0.9,0.045,-3.2,-0.2,-3.4,-0.3,2020
297,Damian Lillard,30,POR,PG,67,67,35.8,9,19.9,0.451,4.1,10.5,0.391,4.9,9.4,0.519,0.554,6.7,7.2,0.928,0.5,3.7,4.2,7.5,0.9,0.3,3,1.5,28.8,"MVP-7,AS,NBA2",2398,25.6,0.623,0.528,0.363,1.4,11.5,6.3,34.6,1.3,0.6,11.6,31.4,9.6,0.8,10.4,0.209,7.5,-1.3,6.3,5,2020
298,Nassir Little,20,POR,PF,48,2,13.3,1.6,3.5,0.467,0.6,1.7,0.35,1,1.8,0.575,0.551,0.8,0.9,0.8,0.7,2,2.7,0.5,0.1,0.3,0.4,1.1,4.6,,640,11.6,0.589,0.479,0.269,5.2,16.5,10.7,4.9,0.4,1.8,8.8,13.8,0.9,0.2,1.1,0.082,-1.1,-1.6,-2.7,-0.1,2020
299,Kevon Looney,24,GSW,C,61,34,19,1.8,3.2,0.548,0.1,0.3,0.235,1.7,3,0.578,0.558,0.5,0.8,0.646,1.9,3.4,5.3,2,0.3,0.4,0.6,2.2,4.1,,1161,11.9,0.575,0.086,0.244,10.9,18.6,14.8,13.4,0.8,1.7,14.5,9.4,2,1.4,3.4,0.139,-1.8,1,-0.9,0.3,2020
300,Brook Lopez,32,MIL,C,70,70,27.2,4.6,9.1,0.503,1.4,4,0.338,3.2,5.1,0.632,0.577,1.7,2,0.845,1.5,3.5,5,0.7,0.6,1.5,0.9,2.1,12.3,,1902,15.4,0.611,0.439,0.222,6,13,9.6,3.5,1,4.8,8.3,16.9,3.1,2.2,5.3,0.133,0,0,0,0.9,2020
301,Robin Lopez,32,WAS,C,71,9,19.1,3.8,6,0.633,0.1,0.3,0.278,3.7,5.7,0.649,0.639,1.4,1.9,0.723,2,1.8,3.8,0.8,0.2,0.6,1.1,1.5,9,,1354,16.7,0.661,0.042,0.322,11.1,10.2,10.6,5.9,0.5,2.7,13.4,17.1,2.8,0.9,3.7,0.131,0.2,-1.2,-1,0.4,2020
302,Didi Louzada,21,NOP,SF,3,0,18.7,1,4.3,0.231,0.7,2.7,0.25,0.3,1.7,0.2,0.308,0,0,,0.3,0.7,1,1,0.7,0,1,1.7,2.7,,56,-0.9,0.308,0.615,0,1.9,3.9,2.9,6.5,1.7,0,18.8,12,-0.1,0,-0.1,-0.099,-7.8,-1.8,-9.6,-0.1,2020
303,Kevin Love,32,CLE,PF,25,25,24.9,4.1,10.1,0.409,2.3,6.2,0.365,1.8,3.8,0.479,0.522,1.7,2,0.824,0.7,6.8,7.4,2.5,0.6,0.1,1.5,1,12.2,,622,15.1,0.556,0.619,0.202,3,31.2,16.7,16,1.3,0.3,12.2,21.9,0.3,0.6,0.9,0.073,0.9,-0.9,-0.1,0.3,2020
304,Kyle Lowry,34,TOR,PG,46,46,34.8,5.7,13,0.436,2.8,7.2,0.396,2.8,5.8,0.487,0.546,3,3.5,0.875,0.8,4.6,5.4,7.3,1,0.3,2.7,3.1,17.2,,1601,16.5,0.593,0.555,0.268,2.3,15.1,8.5,31.8,1.4,0.9,15.9,21.4,2.9,1.3,4.1,0.124,2,-0.4,1.6,1.5,2020
305,Timothé Luwawu-Cabarrot,25,BRK,SF,58,7,18.1,2.2,6.1,0.365,1.3,4.1,0.314,0.9,2,0.47,0.471,0.6,0.7,0.814,0.5,1.7,2.2,1.2,0.6,0.1,0.7,1.7,6.4,,1050,7.8,0.493,0.671,0.121,3.1,10.1,6.8,8.6,1.5,0.5,10.3,17.4,-0.3,0.7,0.3,0.015,-3.2,-1.2,-4.4,-0.6,2020
306,Trey Lyles,25,SAS,PF,23,9,15.6,1.9,3.9,0.478,0.6,1.7,0.35,1.3,2.2,0.58,0.556,0.7,1,0.652,0.4,3.3,3.7,0.6,0.3,0,0.3,0.6,5,,358,11.4,0.574,0.444,0.256,2.6,23.3,12.8,5.3,0.8,0.2,5.7,12.9,0.3,0.3,0.6,0.085,-1.3,-0.5,-1.8,0,2020
307,Will Magnay,22,NOP,C,1,0,3,0,1,0,0,1,0,0,0,,0,0,0,,0,0,0,0,0,0,1,1,0,,3,-35.1,0,1,0,0,0,0,0,0,0,50,28,0,0,0,-0.787,-30.7,-8.6,-39.3,0,2020
308,Thon Maker,23,CLE,C,8,0,9.5,1.3,2.3,0.556,0,0.3,0,1.3,2,0.625,0.556,1.3,1.4,0.909,1,1.3,2.3,0.5,0.3,0.5,0.4,0.9,3.8,,76,18.6,0.657,0.111,0.611,11.5,15.1,13.3,7.9,1.3,4.7,11.6,14.8,0.2,0.1,0.3,0.174,-0.3,1.1,0.7,0.1,2020
309,Théo Maledon,19,OKC,PG,65,49,27.4,3.5,9.4,0.368,1.6,4.8,0.335,1.9,4.6,0.402,0.454,1.6,2.1,0.748,0.4,2.9,3.2,3.5,0.9,0.2,2.2,1.9,10.1,,1778,8.2,0.489,0.51,0.22,1.4,11,6.2,18.8,1.5,0.5,17.3,19.4,-1.9,1.1,-0.8,-0.021,-4,-1,-5,-1.3,2020
310,Karim Mané,20,ORL,PG,10,0,8.8,0.3,1.3,0.231,0.1,0.2,0.5,0.2,1.1,0.182,0.269,0.4,0.5,0.8,0.1,1.3,1.4,0.4,0,0.2,0.3,1,1.1,,88,1.3,0.362,0.154,0.385,1.1,15.9,8.3,6,0,2.1,16.5,8.9,-0.1,0,-0.1,-0.045,-9.1,-0.8,-9.9,-0.2,2020
311,Terance Mann,24,LAC,SG,67,10,18.9,2.7,5.2,0.509,0.6,1.4,0.418,2.1,3.9,0.541,0.563,1.2,1.4,0.83,0.8,2.8,3.6,1.6,0.4,0.2,0.6,1.9,7,,1263,13.8,0.603,0.26,0.269,5.1,16.1,10.8,11.3,1.1,0.9,9.3,15.1,2.4,1.3,3.7,0.141,-0.5,0.3,-0.2,0.6,2020
312,Nico Mannion,19,GSW,PG,30,1,12.1,1.3,3.8,0.342,0.7,2,0.367,0.6,1.8,0.315,0.439,0.8,0.9,0.821,0.2,1.3,1.5,2.3,0.5,0,1,1,4.1,,364,9.3,0.487,0.526,0.246,1.8,11.5,6.7,25.6,2.1,0.2,19.7,18.5,-0.2,0.4,0.2,0.029,-3.4,-0.5,-3.9,-0.2,2020
313,Boban Marjanović,32,DAL,C,33,3,8.2,1.9,3.7,0.508,0,0.2,0.125,1.8,3.5,0.535,0.512,0.9,1.2,0.816,1.4,2.5,3.9,0.3,0.1,0.2,0.4,0.9,4.7,,271,22.6,0.562,0.066,0.311,19.3,32.7,26,5.9,0.4,2.1,8,24.6,0.7,0.3,1,0.183,1.9,-2.6,-0.8,0.1,2020
314,Lauri Markkanen,23,CHI,PF,51,26,25.8,4.9,10.2,0.48,2.3,5.8,0.402,2.6,4.4,0.582,0.594,1.5,1.8,0.826,0.7,4.6,5.3,0.9,0.5,0.3,1,1.5,13.6,,1317,15.2,0.619,0.568,0.177,3,19.4,11.3,5,1,1,8.5,20.2,1.7,1.3,3,0.109,1,-0.9,0.1,0.7,2020
315,Naji Marshall,23,NOP,SF,32,10,21.9,2.6,6.5,0.392,0.9,2.6,0.349,1.7,3.9,0.421,0.462,1.7,2.3,0.707,0.5,4.2,4.6,2.8,0.8,0.3,1.2,1.8,7.7,,700,11.4,0.508,0.397,0.359,2.3,20.6,11.5,16.5,1.8,1.4,13.6,16.8,0.2,0.7,0.9,0.061,-2.1,0.8,-1.3,0.1,2020
316,Caleb Martin,25,CHO,SF,53,3,15.4,1.8,4.8,0.375,0.6,2.4,0.248,1.2,2.5,0.496,0.436,0.8,1.2,0.641,0.6,2.1,2.7,1.3,0.7,0.2,0.6,1.2,5,,818,9.5,0.465,0.488,0.25,4,14.8,9.3,11.5,2.2,1.5,10.4,16.7,-0.4,0.9,0.5,0.03,-3.6,0.2,-3.4,-0.3,2020
317,Cody Martin,25,CHO,SF,52,10,16.3,1.6,3.6,0.441,0.3,1.1,0.276,1.3,2.5,0.515,0.484,0.5,0.8,0.581,1,2.1,3.1,1.7,0.7,0.2,0.8,1,4,,849,10.6,0.5,0.309,0.229,6.5,14.1,10.3,13.9,2.1,1.4,16.2,12.5,0.2,0.9,1.1,0.061,-2.7,0.7,-2,0,2020
318,Jeremiah Martin,24,CLE,PG,9,0,8.3,1,3.7,0.273,0.3,1.3,0.25,0.7,2.3,0.286,0.318,0.1,0.6,0.2,0.2,0.6,0.8,0.4,0.6,0.2,0.7,0.1,2.4,,75,1.4,0.313,0.364,0.152,2.9,7.6,5.2,7.9,3.3,2.4,14.6,23.9,-0.4,0.1,-0.3,-0.207,-8.3,-1.1,-9.5,-0.1,2020
319,Kelan Martin,25,IND,SF,35,0,9.2,1.8,3.9,0.449,0.7,1.7,0.4,1.1,2.2,0.487,0.536,0.3,0.3,0.9,0.5,1.7,2.2,0.5,0.3,0.3,0.5,1,4.5,,322,13.9,0.551,0.435,0.072,6.1,20.1,13.1,7.5,1.5,2.5,10.1,20.9,0.1,0.4,0.4,0.066,-1.1,-1.3,-2.4,0,2020
320,KJ Martin,20,HOU,SF,45,8,23.7,3.6,7.1,0.509,0.8,2.1,0.365,2.8,4.9,0.572,0.564,1.3,1.9,0.714,1.6,3.8,5.4,1.1,0.7,0.9,0.8,2,9.3,,1068,14.6,0.59,0.302,0.264,7,17.6,12.1,6.8,1.3,3.4,9.7,15.6,1.3,0.9,2.2,0.099,-1.4,-0.4,-1.8,0,2020
321,Frank Mason III,26,ORL,PG,4,1,19.8,2.3,6,0.375,0.5,1.3,0.4,1.8,4.8,0.368,0.417,1.3,1.8,0.714,0.8,2.3,3,3,0,0,1.3,1.8,6.3,,79,7.5,0.462,0.208,0.292,3.8,12.2,7.9,22.3,0,0,15.6,17.5,0,0,0,-0.018,-5.2,-2.4,-7.7,-0.1,2020
322,Garrison Mathews,24,WAS,SG,64,24,16.2,1.5,3.7,0.409,1.2,3.1,0.384,0.3,0.6,0.538,0.57,1.3,1.5,0.884,0.3,1.1,1.4,0.4,0.5,0.1,0.2,1.7,5.5,,1038,9.7,0.635,0.835,0.401,1.6,7.2,4.4,3.1,1.3,0.6,3.5,11.5,1.7,0.6,2.3,0.108,-1.7,-0.1,-1.8,0.1,2020
323,Dakota Mathias,25,PHI,SG,8,2,15.4,2.4,6,0.396,1,3.3,0.308,1.4,2.8,0.5,0.479,0.3,0.8,0.333,0.1,0.8,0.9,1.6,0.1,0.4,0.1,0.9,6,,123,9.8,0.474,0.542,0.125,0.9,5.3,3.1,15.1,0.4,2.2,1.9,18.1,0,0.1,0.2,0.061,-1.5,-1,-2.6,0,2020
324,Wesley Matthews,34,LAL,SG,58,10,19.5,1.5,4.3,0.353,1.1,3.4,0.335,0.4,0.9,0.418,0.484,0.6,0.7,0.854,0.3,1.3,1.6,0.9,0.7,0.3,0.4,1.4,4.8,,1130,7.2,0.517,0.782,0.163,2,7.2,4.6,6.3,1.6,1.3,8.8,11.4,0.2,1.5,1.7,0.073,-3.1,1.4,-1.7,0.1,2020
325,Tyrese Maxey,20,PHI,SG,61,8,15.3,3.2,7,0.462,0.5,1.7,0.301,2.7,5.3,0.512,0.498,1,1.1,0.871,0.2,1.5,1.7,2,0.4,0.2,0.7,1.3,8,,935,14.5,0.531,0.24,0.163,1.3,10.8,6.1,19.9,1.3,1.2,8.2,23,0.8,1.1,1.9,0.099,-1,-0.5,-1.5,0.1,2020
326,Skylar Mays,23,ATL,SG,33,0,8.2,1.3,3,0.449,0.4,1.2,0.35,0.9,1.8,0.517,0.52,0.7,0.8,0.88,0.3,0.8,1.1,0.9,0.4,0.1,0.3,0.5,3.8,,269,16.8,0.569,0.408,0.255,4.2,10,7.1,16.4,2.6,0.7,7.6,19.1,0.5,0.3,0.8,0.14,1.2,0.7,1.9,0.3,2020
327,Patrick McCaw,25,TOR,SF,5,0,6.6,0.2,0.2,1,0,0,,0.2,0.2,1,1,0.6,0.6,1,0.2,0.4,0.6,0.8,0.4,0,0,1.2,1,,33,12,1.078,0,3,3.2,6.9,5,15.2,2.9,0,0,3,0.1,0,0.1,0.209,-2.7,3.6,0.9,0,2020
328,CJ McCollum,29,POR,SG,47,47,34,8.6,18.8,0.458,3.6,8.9,0.402,5,9.9,0.509,0.554,2.3,2.8,0.812,0.6,3.3,3.9,4.7,0.9,0.4,1.4,1.9,23.1,,1600,20.8,0.577,0.475,0.15,2,10.6,6.2,23,1.3,1.2,6.5,27.1,4.1,0.6,4.7,0.141,5,-1.1,3.9,2.4,2020
329,T.J. McConnell,28,IND,PG,69,3,26,4,7.1,0.559,0.2,0.7,0.313,3.8,6.4,0.586,0.574,0.5,0.7,0.688,0.8,2.9,3.7,6.6,1.9,0.3,2,1.6,8.6,6MOY-11,1796,16.9,0.583,0.098,0.098,3.3,12.1,7.7,34.3,3.4,1,20.9,15.3,2.6,2.2,4.8,0.128,-0.2,1.7,1.4,1.5,2020
330,Jaden McDaniels,20,MIN,PF,63,27,24,2.6,5.8,0.447,1.1,3.1,0.364,1.5,2.7,0.544,0.545,0.4,0.7,0.6,0.8,2.9,3.7,1.1,0.6,1,0.7,2.7,6.8,,1511,8.9,0.552,0.54,0.123,3.6,13.4,8.3,6.4,1.1,3.4,10.8,12,0.5,0.9,1.4,0.046,-3.3,-0.2,-3.5,-0.6,2020
331,Jalen McDaniels,23,CHO,SF,47,18,19.2,2.8,6,0.468,0.7,2.2,0.333,2.1,3.8,0.547,0.53,1,1.4,0.703,1,2.6,3.6,1.1,0.6,0.4,1,2,7.4,,904,11.4,0.554,0.37,0.225,5.3,15.1,10.1,8.6,1.5,2.1,12.6,17,0.3,0.9,1.2,0.062,-2.8,-0.4,-3.2,-0.3,2020
332,Doug McDermott,29,IND,PF,66,29,24.5,5.4,10.1,0.532,1.7,4.3,0.388,3.7,5.7,0.641,0.616,1.2,1.5,0.816,0.9,2.4,3.3,1.3,0.3,0.1,0.8,1.8,13.6,,1619,15.6,0.635,0.43,0.147,4,10.7,7.4,7.8,0.6,0.3,7,20,3.1,0.7,3.8,0.112,1.4,-2,-0.6,0.6,2020
333,Sean McDermott,24,MEM,SF,18,0,8.8,0.7,1.8,0.394,0.3,1.2,0.227,0.4,0.6,0.727,0.47,0.4,0.4,1,0.3,0.7,1.1,0.2,0.1,0.2,0.2,0.4,2.2,,158,7.2,0.534,0.667,0.242,4,8.8,6.4,3.1,0.6,1.7,9.9,10.8,0.1,0.1,0.2,0.05,-3.1,-1.2,-4.3,-0.1,2020
334,JaVale McGee,33,2TM,C,46,2,14.7,3.1,6.1,0.511,0.1,0.5,0.208,3,5.6,0.539,0.52,1,1.5,0.657,1.7,3.5,5.2,0.8,0.4,1.2,1.3,2.6,7.3,,678,17,0.541,0.085,0.238,12.6,27.3,19.8,9.7,1.4,7.3,16.2,23.9,-0.1,1.1,1,0.068,-3.3,0.8,-2.5,-0.1,2020
335,Rodney McGruder,29,DET,SG,16,2,12.1,2.3,4.4,0.529,0.7,1.5,0.458,1.6,2.9,0.565,0.607,0.4,0.5,0.75,0.5,0.9,1.4,1,0.5,0.1,0.4,0.8,5.7,,194,16.1,0.619,0.343,0.114,4.5,8.1,6.3,13.6,2,0.4,8.7,18.1,0.3,0.2,0.5,0.121,0.7,0,0.7,0.1,2020
336,Alfonzo McKinnie,28,LAL,SF,39,0,6.6,1.2,2.4,0.516,0.4,1,0.41,0.8,1.4,0.593,0.602,0.3,0.5,0.556,0.6,0.8,1.4,0.2,0.2,0,0.1,0.7,3.1,,258,15.5,0.604,0.419,0.194,9.6,13.9,11.8,3.6,1.3,0,4.7,17.8,0.5,0.3,0.8,0.156,0.3,-0.8,-0.4,0.1,2020
337,Jordan McLaughlin,24,MIN,PG,51,2,18.4,2,4.7,0.413,0.6,1.8,0.359,1.3,2.9,0.447,0.481,0.5,0.6,0.767,0.4,1.7,2.1,3.8,1,0.1,1,0.9,5,,938,12,0.502,0.38,0.124,2.3,10.4,6.2,28,2.6,0.6,16.7,13.7,0.6,0.6,1.2,0.062,-2,0.2,-1.7,0.1,2020
338,Ben McLemore,27,2TM,SG,53,5,17.1,2.5,6.9,0.37,1.8,5.3,0.346,0.7,1.6,0.447,0.503,0.7,1,0.736,0.3,1.6,1.9,0.7,0.4,0.2,0.8,1.7,7.7,,905,8.5,0.523,0.767,0.145,1.7,10.5,6,6.4,1.2,0.9,9.8,20.4,-0.5,0.7,0.2,0.013,-2.7,-1.2,-3.9,-0.4,2020
339,Nicolò Melli,30,2TM,PF,45,4,12.6,1,3.1,0.326,0.5,1.9,0.271,0.5,1.2,0.411,0.408,0.4,0.6,0.76,0.6,2.1,2.7,1,0.3,0.1,0.3,1.3,3,,566,7.9,0.441,0.603,0.177,5.6,17.9,11.8,9.8,1.2,0.5,7.3,12.5,0.1,0.5,0.6,0.048,-3.5,0,-3.5,-0.2,2020
340,De'Anthony Melton,22,MEM,PG,52,1,20.1,3.3,7.6,0.438,1.7,4.1,0.412,1.6,3.5,0.467,0.548,0.8,1,0.804,0.6,2.5,3.1,2.5,1.2,0.6,1.3,1.6,9.1,,1045,15.2,0.568,0.537,0.13,3,13.4,8.2,17.5,2.7,2.7,13.7,19.5,0.7,1.5,2.2,0.103,0.6,1.7,2.3,1.1,2020
341,Sam Merrill,24,MIL,SG,30,2,7.8,1.1,2.4,0.444,0.7,1.6,0.447,0.4,0.8,0.44,0.59,0.1,0.1,1,0.2,0.8,1,0.7,0.3,0,0.3,0.6,3,,233,11.9,0.603,0.653,0.056,2.8,10.4,6.8,11.4,1.6,0.4,11.9,15,0.3,0.2,0.5,0.102,-0.7,-0.3,-1,0.1,2020
342,Chimezie Metu,23,SAC,C,36,6,13.6,2.5,5,0.508,0.4,1,0.351,2.2,3.9,0.549,0.545,0.9,1.2,0.721,0.9,2.3,3.1,0.8,0.4,0.5,0.8,1.6,6.3,,488,14.5,0.571,0.207,0.24,7,18.7,12.7,8.2,1.4,3.1,12.8,20,0.3,0.3,0.6,0.061,-2.2,-1.3,-3.6,-0.2,2020
343,Khris Middleton,29,MIL,SF,68,68,33.4,7.5,15.8,0.476,2.2,5.4,0.414,5.3,10.4,0.508,0.546,3.1,3.5,0.898,0.8,5.2,6,5.4,1.1,0.1,2.6,2.4,20.4,,2269,18.2,0.588,0.34,0.22,2.6,15.7,9.4,23.2,1.5,0.4,13.1,25,4.1,2.2,6.4,0.135,1.7,-0.3,1.3,1.9,2020
344,Darius Miller,30,OKC,SF,18,0,10.9,1.2,2.7,0.458,0.9,2.3,0.405,0.3,0.3,0.833,0.635,0.7,0.7,1,0.1,1.2,1.3,1.2,0.7,0.3,0.4,0.7,4.1,,197,15.9,0.685,0.875,0.25,1,11.8,6.3,15.4,3.1,2.3,13.1,13.2,0.4,0.2,0.6,0.156,0.8,2.7,3.6,0.3,2020
345,Patty Mills,32,SAS,PG,68,1,24.8,3.7,9,0.412,2.4,6.3,0.375,1.3,2.7,0.5,0.544,1,1.1,0.91,0.3,1.4,1.7,2.4,0.6,0,1,1.2,10.8,,1685,11.8,0.57,0.702,0.128,1.1,6.3,3.7,13.5,1.2,0.2,9.3,18.4,1.3,0.8,2.2,0.062,0,-1.2,-1.2,0.4,2020
346,Paul Millsap,35,DEN,PF,56,36,20.8,3.4,7.2,0.476,0.9,2.6,0.343,2.5,4.6,0.55,0.537,1.3,1.8,0.724,1.4,3.3,4.7,1.8,0.9,0.6,0.9,2,9,,1162,16.4,0.565,0.357,0.244,7.4,18.1,12.8,11.6,2.2,3,10.3,18.6,1.7,1.6,3.2,0.133,0.3,0.7,1,0.9,2020
347,Shake Milton,24,PHI,SG,63,4,23.2,4.8,10.6,0.45,1.1,3.2,0.35,3.6,7.4,0.494,0.503,2.3,2.8,0.83,0.5,1.8,2.3,3.1,0.6,0.3,1.6,2.1,13,6MOY-12,1461,14.6,0.549,0.304,0.264,2.5,8.5,5.6,20.3,1.3,1.1,12.2,24.9,1.1,1.6,2.8,0.091,-0.7,-1,-1.6,0.1,2020
348,Donovan Mitchell,24,UTA,PG,53,53,33.4,9,20.6,0.438,3.4,8.7,0.386,5.7,11.9,0.476,0.52,5,6,0.845,0.9,3.5,4.4,5.2,1,0.3,2.8,2.2,26.4,AS,1771,21.3,0.569,0.423,0.29,3.1,10.6,7,26.7,1.4,0.7,10.7,33.5,3.9,2.2,6.2,0.167,4.6,-0.2,4.3,2.8,2020
349,Adam Mokoka,22,CHI,SG,14,0,4,0.5,1.4,0.368,0.1,0.7,0.1,0.4,0.6,0.667,0.395,0,0.1,0,0.1,0.3,0.4,0.4,0.1,0.1,0.4,0.4,1.1,,56,2.2,0.386,0.526,0.053,2,7.8,4.9,11.9,1.7,1.6,20.5,18.9,-0.2,0.1,-0.1,-0.112,-7.7,-1.6,-9.3,-0.1,2020
350,Malik Monk,22,CHO,SG,42,0,20.9,4.1,9.5,0.434,2,5,0.401,2.1,4.5,0.471,0.54,1.4,1.7,0.819,0.3,2.1,2.4,2.1,0.5,0.1,1.3,1.1,11.7,,878,13.6,0.569,0.531,0.18,1.7,10.9,6.2,15.7,1.1,0.5,11.3,23.8,0.5,0.5,1,0.054,0.2,-2,-1.8,0,2020
351,E'Twaun Moore,31,PHO,SG,27,1,14.4,2,4.5,0.455,0.4,1.3,0.314,1.6,3.2,0.512,0.5,0.4,0.5,0.857,0.5,1.1,1.7,1.5,0.6,0.2,0.9,1.2,4.9,,389,10.4,0.523,0.289,0.116,4.2,8.9,6.6,13.7,1.9,1.2,15.3,17.2,0,0.4,0.4,0.049,-3.1,0.2,-2.9,-0.1,2020
352,Ja Morant,21,MEM,PG,63,63,32.6,6.8,15.2,0.449,1.2,3.8,0.303,5.7,11.4,0.499,0.487,4.3,5.9,0.728,0.9,3.1,4,7.4,0.9,0.2,3.2,1.4,19.1,,2053,16.7,0.537,0.252,0.389,3,10.1,6.5,33.5,1.3,0.6,15.3,27.2,1.6,1.6,3.2,0.074,1.3,-1.6,-0.4,0.8,2020
353,Juwan Morgan,23,UTA,PF,29,0,5.1,0.5,1,0.467,0.1,0.4,0.308,0.3,0.6,0.588,0.533,0.1,0.2,0.429,0.3,0.7,1,0.3,0.1,0,0.1,0.7,1.2,,147,8.5,0.529,0.433,0.233,6.8,13.1,10.1,8,1.3,0.6,10.8,10.9,0.1,0.2,0.3,0.105,-3.5,1.2,-2.3,0,2020
354,Marcus Morris,31,LAC,PF,57,29,26.4,4.8,10.2,0.473,2.5,5.2,0.473,2.4,5.1,0.472,0.592,1.3,1.6,0.82,0.6,3.5,4.1,1,0.6,0.3,1,2.1,13.4,,1502,14.5,0.614,0.507,0.152,2.7,14.5,8.8,5.6,1.1,0.9,8.4,20.1,2.1,1.5,3.6,0.115,0.9,-0.8,0,0.8,2020
355,Markieff Morris,31,LAL,PF,61,27,19.7,2.5,6.2,0.405,1.1,3.4,0.311,1.4,2.8,0.521,0.491,0.6,0.8,0.72,0.8,3.6,4.4,1.2,0.4,0.3,0.9,1.7,6.7,,1200,9.3,0.509,0.553,0.132,4.5,20.3,12.5,8.6,0.9,1.4,11.9,16.4,-0.2,1.8,1.6,0.062,-2.9,0.3,-2.6,-0.2,2020
356,Monte Morris,25,DEN,PG,47,13,25.4,4,8.2,0.481,1.1,2.9,0.381,2.9,5.4,0.534,0.547,1.2,1.6,0.795,0.2,1.8,2,3.2,0.7,0.3,0.7,1,10.2,,1196,14,0.574,0.346,0.189,1,8,4.6,17.1,1.4,1.1,7.5,16.5,2,0.8,2.9,0.115,0.1,-0.5,-0.3,0.5,2020
357,Mychal Mulder,26,GSW,PG,60,6,12.8,2,4.4,0.449,1.4,3.6,0.397,0.6,0.9,0.667,0.609,0.2,0.4,0.636,0.1,0.9,1,0.4,0.2,0.2,0.3,0.9,5.6,,766,10.8,0.613,0.808,0.083,1.1,7.1,4.2,4.8,0.7,1.4,5.5,16.2,0.6,0.6,1.2,0.075,-0.6,-1.2,-1.8,0,2020
358,Dejounte Murray,24,SAS,PG,67,67,31.9,6.6,14.5,0.453,0.9,3,0.317,5.6,11.6,0.488,0.485,1.6,2,0.791,0.9,6.2,7.1,5.4,1.5,0.1,1.7,2,15.7,,2139,16.5,0.509,0.204,0.138,2.8,21.1,11.8,25.9,2.3,0.3,10.2,23.4,0.7,2.6,3.3,0.074,-0.2,1,0.8,1.5,2020
359,Jamal Murray,23,DEN,PG,48,48,35.5,7.9,16.5,0.477,2.7,6.6,0.408,5.2,9.9,0.523,0.559,2.8,3.2,0.869,0.8,3.3,4,4.8,1.3,0.3,2.3,2,21.2,,1704,18.3,0.592,0.399,0.193,2.5,10.4,6.5,20.3,1.9,0.7,11.2,24.8,3.1,1.5,4.6,0.129,2.7,-0.7,2,1.7,2020
360,Mike Muscala,29,OKC,C,35,0,18.4,3.4,7.6,0.446,1.9,5.3,0.37,1.5,2.4,0.614,0.573,0.9,1,0.917,0.5,3.2,3.8,0.8,0.2,0.3,0.6,1.5,9.7,,645,14.7,0.599,0.689,0.135,3,18.4,10.6,7,0.6,1.5,6.9,20,0.9,0.4,1.3,0.096,0.9,-1,-0.1,0.3,2020
361,Svi Mykhailiuk,23,2TM,SF,66,14,20.1,3.2,7.7,0.411,1.6,4.8,0.334,1.6,2.9,0.536,0.515,0.6,0.8,0.76,0.4,2.1,2.5,1.7,0.8,0.2,1.3,1,8.5,,1324,10.4,0.529,0.621,0.099,1.9,11.4,6.6,12.9,1.9,0.8,14.3,20,-0.8,1.1,0.3,0.01,-1.9,-0.7,-2.6,-0.2,2020
362,Abdel Nader,27,PHO,SF,24,0,14.8,2.4,4.8,0.491,0.8,1.8,0.419,1.6,3,0.534,0.569,1.2,1.5,0.757,0.3,2.3,2.6,0.8,0.4,0.4,0.8,1.4,6.7,,355,13.4,0.605,0.371,0.319,2.3,17.3,9.9,7.3,1.4,2.3,12.6,19,0.3,0.4,0.7,0.095,-1,1,0,0.2,2020
363,Larry Nance Jr.,28,CLE,PF,35,27,31.2,3.7,7.8,0.471,1.2,3.3,0.36,2.5,4.5,0.551,0.546,0.9,1.4,0.612,1.5,5.2,6.7,3.1,1.7,0.5,1.6,2.1,9.3,,1091,13.2,0.557,0.419,0.18,5.4,19,12.1,14.4,2.8,1.4,15.8,13.9,0.5,1.3,1.8,0.08,-1.4,1.8,0.4,0.7,2020
364,Aaron Nesmith,21,BOS,SF,46,1,14.5,1.7,3.9,0.438,0.9,2.3,0.37,0.8,1.5,0.543,0.551,0.5,0.6,0.786,0.6,2.2,2.8,0.5,0.3,0.2,0.5,1.9,4.7,,669,9.4,0.573,0.607,0.157,4.6,16.6,10.6,4.6,1.1,1.3,10.8,13.7,0.5,0.6,1.1,0.076,-2.8,-0.4,-3.2,-0.2,2020
365,Raul Neto,28,WAS,PG,64,22,21.9,3.3,7,0.468,1,2.6,0.39,2.3,4.4,0.512,0.539,1.2,1.3,0.882,0.4,2,2.4,2.3,1.1,0.1,0.8,1.7,8.7,,1403,13,0.575,0.367,0.19,2.1,9.6,5.9,14,2.4,0.4,9.9,15.8,1.5,1.3,2.8,0.097,-1.4,0.9,-0.6,0.5,2020
366,Georges Niang,27,UTA,PF,72,10,16,2.5,5.6,0.437,1.7,4.1,0.425,0.7,1.6,0.469,0.59,0.3,0.3,0.957,0.4,2.1,2.4,0.8,0.3,0.1,0.7,1.6,6.9,,1154,11.4,0.602,0.721,0.057,2.7,13,8.1,7.3,1.1,0.6,10.9,17.4,1.2,1.4,2.6,0.108,-0.4,0.1,-0.3,0.5,2020
367,Zeke Nnaji,20,DEN,PF,42,1,9.5,1.2,2.5,0.481,0.6,1.4,0.407,0.6,1.1,0.578,0.596,0.3,0.4,0.8,0.3,1.2,1.5,0.2,0.2,0.1,0.2,0.7,3.2,,397,11.3,0.615,0.567,0.144,4,14.5,9.3,3.3,1,1,6,12.9,0.6,0.3,0.9,0.104,-0.6,-1.1,-1.7,0,2020
368,Nerlens Noel,26,NYK,C,64,41,24.2,2.1,3.5,0.614,0,0,0,2.1,3.4,0.623,0.614,0.8,1.1,0.714,2.2,4.2,6.4,0.7,1.1,2.2,1,2.8,5.1,,1547,14.8,0.638,0.013,0.314,10.1,18.4,14.3,4.1,2.3,8.7,20.4,9.2,1.6,3.6,5.2,0.162,-2.4,3.8,1.4,1.3,2020
369,Jaylen 2020ell,21,MIN,SG,42,0,18.1,3.4,8,0.424,1.2,3.6,0.333,2.2,4.4,0.497,0.499,1.1,1.3,0.818,0.5,1.8,2.3,1.5,0.5,0.3,0.7,1.7,9,,759,12.3,0.528,0.448,0.164,2.6,11.3,6.8,12.5,1.4,1.4,7.2,21.4,0.3,0.4,0.7,0.044,-1.5,-1.4,-2.8,-0.2,2020
370,Frank Ntilikina,22,NYK,PG,33,4,9.8,0.9,2.4,0.367,0.7,1.5,0.479,0.2,0.9,0.194,0.513,0.2,0.5,0.444,0.2,0.8,0.9,0.6,0.5,0.1,0.3,1.4,2.7,,322,7.7,0.512,0.608,0.228,2,8.3,5.2,8.1,2.8,1.2,11.2,13.6,0,0.5,0.5,0.07,-4.2,2.5,-1.7,0,2020
371,Kendrick Nunn,25,MIA,PG,56,44,29.5,5.7,11.8,0.485,2.2,5.7,0.381,3.5,6,0.583,0.578,1,1.1,0.933,0.4,2.8,3.2,2.6,0.9,0.3,1.4,1.9,14.6,,1650,14.2,0.596,0.486,0.091,1.5,10.8,6.2,14.5,1.6,0.9,10.5,20.9,1.4,1.5,2.9,0.084,-0.1,-0.4,-0.5,0.6,2020
372,James Nunnally,30,NOP,SF,9,0,5.3,0.6,1.4,0.385,0.4,1.3,0.333,0.1,0.1,1,0.538,0.1,0.2,0.5,0.2,0.8,1,0.3,0,0,0.2,0.1,1.7,,48,8.3,0.54,0.923,0.154,4.5,15.8,10.2,8.1,0,0,12.6,13.9,0,0,0,0.031,-0.9,-1.8,-2.7,0,2020
373,Jusuf Nurkić,26,POR,C,37,37,23.8,4.6,9,0.514,0.3,0.8,0.4,4.3,8.2,0.525,0.532,1.9,3.1,0.619,2.3,6.6,9,3.4,1,1.1,2,2.8,11.5,,880,20.5,0.554,0.09,0.339,10.2,30.7,20.2,21.4,2.1,4,16,22.3,1.2,1.2,2.4,0.133,0.7,1.8,2.5,1,2020
374,David Nwaba,28,HOU,SF,30,9,22.6,3.5,7.3,0.486,0.6,2.1,0.27,3,5.2,0.574,0.525,1.6,2.3,0.691,1.3,2.6,3.9,1,1,0.7,0.6,2,9.2,,679,14.4,0.557,0.289,0.312,6,12.8,9.3,6.9,2.1,2.8,6.4,16.6,0.7,0.6,1.3,0.094,-1.4,0.6,-0.8,0.2,2020
375,Jordan Nwora,22,MIL,SF,30,2,9.1,2.1,4.5,0.459,0.9,2.1,0.452,1.1,2.4,0.466,0.563,0.6,0.8,0.76,0.3,1.7,2,0.2,0.5,0.2,0.8,0.7,5.7,,274,16.1,0.586,0.459,0.185,3.6,18.9,11.5,3.6,2.7,2.3,14.1,26,0,0.4,0.4,0.068,-0.7,-0.4,-1.1,0.1,2020
376,Royce O'Neale,27,UTA,SF,71,71,31.6,2.5,5.5,0.444,1.5,3.9,0.385,1,1.6,0.586,0.58,0.5,0.6,0.848,1.2,5.6,6.8,2.5,0.8,0.5,1.2,2.6,7,,2241,9.9,0.599,0.706,0.117,4.4,18,11.5,10.4,1.2,1.2,16.7,9.6,2.3,3.3,5.6,0.121,-1.2,2.1,1,1.7,2020
377,Semi Ojeleye,26,BOS,PF,56,15,17,1.6,3.9,0.403,1,2.8,0.367,0.6,1.1,0.492,0.534,0.4,0.6,0.75,0.6,2.1,2.6,0.7,0.3,0,0.4,1,4.6,,950,8.3,0.553,0.715,0.145,3.6,13.7,8.6,5.1,0.9,0,8.2,11.6,0.7,0.6,1.2,0.063,-1.7,-0.7,-2.4,-0.1,2020
378,Jahlil Okafor,25,DET,C,27,2,12.9,2.3,3.8,0.618,0.1,0.3,0.222,2.3,3.4,0.656,0.627,0.6,0.9,0.708,0.9,1.6,2.4,0.5,0.2,0.2,0.8,1.4,5.4,,347,13.1,0.644,0.088,0.235,7.3,13.9,10.6,6.1,0.8,1.3,15.7,16.8,0.3,0.3,0.6,0.082,-2.5,-0.7,-3.2,-0.1,2020
379,Chuma Okeke,22,ORL,PF,45,19,25.2,3,7.2,0.417,1.1,3.1,0.348,1.9,4.1,0.47,0.492,0.7,0.9,0.75,0.9,3.1,4,2.2,1.1,0.5,0.8,1.1,7.8,,1133,11.8,0.511,0.435,0.123,3.7,13.2,8.3,13.2,2.1,1.8,10,14.5,0.3,1,1.3,0.056,-1.9,0.5,-1.5,0.1,2020
380,Josh Okogie,22,MIN,SG,59,37,20.3,1.7,4.3,0.402,0.5,1.8,0.269,1.2,2.5,0.5,0.459,1.4,1.8,0.769,1.1,1.6,2.6,1.1,0.9,0.5,0.7,2.1,5.4,,1197,9.1,0.524,0.425,0.425,5.5,8.7,7.1,7,2.1,2,12.5,12.1,0.5,0.8,1.3,0.051,-3.7,0.3,-3.3,-0.4,2020
381,Onyeka Okongwu,20,ATL,C,50,4,12,1.9,3,0.644,0,0.1,0,1.9,2.9,0.658,0.644,0.7,1.1,0.632,1.2,2,3.3,0.4,0.5,0.7,0.6,2,4.6,,601,16.8,0.655,0.02,0.383,11.5,18,14.9,4.4,1.9,4.8,14.3,14.7,1.1,0.8,1.9,0.155,-2.2,0.8,-1.4,0.1,2020
382,Isaac Okoro,20,CLE,SG,67,67,32.4,3.5,8.3,0.42,0.9,3.2,0.29,2.6,5.1,0.501,0.476,1.7,2.3,0.726,1,2.1,3.1,1.9,0.9,0.4,1.3,2.8,9.6,,2173,7.9,0.514,0.383,0.281,3.4,7.3,5.3,8.6,1.4,1,12,14.3,-0.1,1,0.9,0.02,-4.2,-0.9,-5.1,-1.7,2020
383,KZ Okpala,21,MIA,PF,37,9,12.1,1,2.6,0.375,0.3,1.4,0.24,0.6,1.2,0.522,0.438,0.2,0.4,0.533,0.6,1.3,1.8,0.5,0.3,0.3,0.4,1.6,2.5,,447,5.2,0.448,0.521,0.156,5.5,11.8,8.7,5.8,1.1,2.6,12.8,11.9,-0.3,0.4,0.1,0.015,-6.5,-0.6,-7.1,-0.6,2020
384,Victor Oladipo,28,3TM,SG,33,33,32.7,7.1,17.5,0.408,2.4,7.2,0.326,4.8,10.2,0.466,0.476,3.2,4.2,0.754,0.4,4.5,4.8,4.6,1.4,0.4,2.5,2.5,19.8,,1080,14.3,0.512,0.415,0.24,1.2,15.1,8,22.8,2,1.2,11.5,28.5,-0.6,1,0.4,0.017,-0.9,-0.8,-1.7,0.1,2020
385,Cameron Oliver,24,HOU,SF,4,0,21.8,4.8,8.3,0.576,1,3.3,0.308,3.8,5,0.75,0.636,0.3,1,0.25,1.3,4,5.3,1.3,0.5,1,0.8,2.8,10.8,,87,17.2,0.619,0.394,0.121,5.9,20.5,12.9,9.6,1.1,4.1,7.9,18.5,0.1,0.1,0.2,0.114,-1,-1,-2,0,2020
386,Kelly Olynyk,29,2TM,PF,70,62,28.5,4.8,10,0.484,1.8,5.3,0.342,3,4.7,0.641,0.574,2.1,2.5,0.829,1.2,5.7,7,2.9,1.1,0.6,1.8,3,13.5,,1997,16.4,0.61,0.528,0.251,4.8,22.5,13.6,16,1.9,2.1,14,19.7,2.5,2.6,5.1,0.121,0.3,0.9,1.2,1.6,2020
387,Miye Oni,23,UTA,SG,54,0,9.6,0.6,1.8,0.354,0.6,1.6,0.341,0.1,0.2,0.455,0.505,0.1,0.1,0.833,0.4,1.1,1.6,0.5,0.2,0.1,0.3,1.1,1.9,,519,6.4,0.517,0.889,0.061,4.9,11.9,8.6,6.8,1,1.2,13.6,9.8,0.2,0.7,0.9,0.081,-3,1.3,-1.7,0,2020
388,Cedi Osman,25,CLE,SF,59,26,25.6,3.7,9.9,0.374,1.7,5.5,0.306,2,4.4,0.458,0.458,1.3,1.6,0.8,0.6,2.8,3.4,2.9,0.9,0.2,1.4,2,10.4,,1510,10.3,0.488,0.553,0.162,2.8,12.4,7.5,17.7,1.7,0.5,11.3,20.4,-0.5,1,0.5,0.014,-2.3,-0.9,-3.2,-0.5,2020
389,Daniel Oturu,21,LAC,C,30,0,5.4,0.7,1.7,0.423,0,0.2,0.2,0.7,1.6,0.447,0.433,0.3,0.4,0.75,0.7,0.9,1.6,0.3,0.1,0.2,0.3,0.8,1.8,,161,12.5,0.471,0.096,0.231,15.1,18.3,16.8,8.5,1.2,3.9,13.6,18.2,0,0.2,0.3,0.081,-4.1,-1.1,-5.2,-0.1,2020
390,Kelly Oubre Jr.,25,GSW,SF,55,50,30.7,5.8,13.2,0.439,1.6,5.2,0.316,4.1,8,0.519,0.501,2.2,3.2,0.695,1.5,4.5,6,1.3,1,0.8,1.3,2.2,15.4,,1687,13.3,0.529,0.394,0.244,5.2,15.4,10.4,6.5,1.6,2.2,8,22.1,0,2.2,2.2,0.062,-1.4,-0.5,-1.9,0,2020
391,Jabari Parker,25,2TM,PF,13,0,12.7,2.3,4.2,0.545,0.2,0.8,0.182,2.2,3.4,0.636,0.564,0.8,1,0.769,0.8,2.5,3.2,0.8,0.1,0.4,0.8,1,5.5,,165,14.7,0.593,0.2,0.236,6.7,21.8,14.2,9.9,0.3,2.8,14.1,18.5,0.2,0.1,0.3,0.089,-0.9,0,-0.9,0,2020
392,Eric Paschall,24,GSW,PF,40,2,17.4,3.7,7.5,0.497,0.5,1.4,0.333,3.3,6.1,0.533,0.527,1.7,2.4,0.713,0.7,2.5,3.2,1.3,0.3,0.2,1.1,1.7,9.5,,695,13.4,0.561,0.181,0.315,4.3,15.1,9.8,11.4,0.8,0.9,11.2,23.5,0.2,0.7,0.9,0.062,-1.8,-0.9,-2.7,-0.1,2020
393,Anžejs Pasečņiks,25,WAS,C,1,0,6,0,1,0,0,1,0,0,0,,0,0,0,,1,0,1,1,0,0,5,2,0,,6,-40.6,0,1,0,17.7,0,8.8,18.7,0,0,83.3,41.4,-0.1,0,-0.1,-1.113,-40.7,-5.9,-46.6,-0.1,2020
394,Patrick Patterson,31,LAC,PF,38,5,15.3,1.9,4.3,0.436,1.1,2.9,0.357,0.8,1.4,0.604,0.558,0.3,0.4,0.765,0.5,1.5,2,0.8,0.4,0.2,0.3,1.2,5.2,,582,10.9,0.571,0.679,0.103,3.8,10.5,7.2,6.7,1.2,1.2,6,14,0.7,0.5,1.2,0.101,-0.4,-0.1,-0.6,0.2,2020
395,Justin Patton,23,HOU,C,13,6,19,2.2,5.4,0.414,0.7,2.6,0.265,1.5,2.8,0.556,0.479,0.2,0.3,0.75,1.1,2.7,3.8,1.1,0.9,1.1,0.3,2.6,5.4,,247,11.6,0.488,0.486,0.057,5.8,15.8,10.6,8.1,2.3,5.1,5.3,13,0.1,0.3,0.4,0.076,-3.6,1.4,-2.2,0,2020
396,Chris Paul,35,PHO,PG,70,70,31.4,6.3,12.6,0.499,1.5,3.7,0.395,4.8,8.9,0.543,0.557,2.4,2.6,0.934,0.4,4.1,4.5,8.9,1.4,0.3,2.2,2.4,16.4,"MVP-5,AS,NBA2",2199,21.4,0.599,0.294,0.206,1.3,14.5,8,40.9,2.2,0.8,14,22.6,6.5,2.7,9.2,0.201,3.5,1.1,4.6,3.6,2020
397,Cameron Payne,26,PHO,PG,60,1,18,3.2,6.6,0.484,1.2,2.8,0.44,2,3.8,0.515,0.576,0.8,0.9,0.893,0.3,2.1,2.4,3.6,0.6,0.3,1,1.6,8.4,,1079,17.4,0.602,0.42,0.142,1.7,13.2,7.6,28.1,1.6,1.3,12.5,19.8,2.4,1.2,3.6,0.158,2.1,1,3.1,1.4,2020
398,Elfrid Payton,26,NYK,PG,63,63,23.6,4.3,9.9,0.432,0.4,1.6,0.286,3.8,8.3,0.46,0.455,1.2,1.7,0.682,1,2.4,3.4,3.2,0.7,0.1,1.6,1.8,10.1,,1484,11.7,0.478,0.158,0.172,4.7,11,7.9,21.6,1.6,0.6,13.3,23.2,-0.9,1.9,1,0.032,-2.9,-0.1,-3,-0.4,2020
399,Gary Payton II,28,GSW,PG,10,0,4,1,1.3,0.769,0.2,0.4,0.5,0.8,0.9,0.889,0.846,0.3,0.4,0.75,0.2,0.9,1.1,0.1,0.6,0.1,0.1,0.8,2.5,,40,29.2,0.847,0.308,0.308,5.4,23.6,14.6,4.1,7,2.2,6.3,16.8,0.2,0.1,0.3,0.331,1,8.2,9.2,0.1,2020
400,Norvel Pelle,27,3TM,C,13,0,6.5,0.6,1.2,0.533,0,0,,0.6,1.2,0.533,0.533,0.3,0.5,0.667,0.5,1,1.5,0.2,0.1,0.7,0.2,1.1,1.5,,84,11.6,0.567,0,0.4,8.1,16.5,12.4,3,0.6,10,14.5,10.8,0.1,0.1,0.2,0.112,-4.5,1.9,-2.6,0,2020
401,Reggie Perry,20,BRK,PF,26,0,8.1,1.2,3,0.41,0.2,0.8,0.19,1.1,2.2,0.491,0.436,0.4,0.5,0.769,1,1.8,2.8,0.5,0.2,0.2,0.6,1.5,3,,211,11,0.466,0.269,0.167,14.9,22.9,19.1,9,1.4,2.5,15.2,20.4,-0.1,0.2,0.2,0.04,-5.3,-1.4,-6.7,-0.2,2020
402,Theo Pinson,25,NYK,SG,17,0,2,0.1,0.5,0.111,0,0.5,0,0.1,0.1,1,0.111,0,0,,0,0.3,0.3,0.1,0,0,0.1,0.2,0.1,,34,-8.1,0.111,0.889,0,0,15.8,8,3.7,0,0,10,13.1,-0.2,0,-0.1,-0.205,-13.2,-2.5,-15.7,-0.1,2020
403,Mason Plumlee,30,DET,C,56,56,26.8,4.2,6.8,0.614,0,0.1,0,4.2,6.7,0.626,0.614,2,3,0.669,2.6,6.7,9.3,3.6,0.8,0.9,1.9,3.3,10.4,,1499,18.7,0.638,0.018,0.444,10.6,28.1,19.3,21,1.4,2.9,18.7,16.3,3,2.1,5.1,0.164,0.2,2,2.2,1.6,2020
404,Jakob Poeltl,25,SAS,C,69,51,26.7,3.8,6.2,0.616,0,0,,3.8,6.2,0.616,0.616,0.9,1.8,0.508,3.2,4.8,7.9,1.9,0.7,1.8,1.2,2.5,8.6,,1845,17.5,0.612,0,0.288,12.4,19.3,15.8,10.1,1.2,5.7,14.6,13.4,3.2,2.5,5.7,0.148,-0.5,1.2,0.8,1.3,2020
405,Vincent Poirier,27,PHI,C,10,0,3.9,0.3,1.2,0.25,0,0.1,0,0.3,1.1,0.273,0.25,0.2,0.6,0.333,0.6,0.8,1.4,0.2,0,0.3,0.4,0.8,0.8,,39,1.6,0.273,0.083,0.5,17.2,22.2,19.8,6.6,0,6.9,21.5,20.6,-0.2,0.1,-0.1,-0.127,-12.3,-2.4,-14.8,-0.1,2020
406,Aleksej Pokusevski,19,OKC,PF,45,28,24.2,3.1,9.1,0.341,1.3,4.6,0.28,1.8,4.5,0.403,0.412,0.7,0.9,0.738,0.7,4,4.7,2.2,0.4,0.9,2.2,1.3,8.2,,1090,6.1,0.43,0.507,0.103,2.8,17.6,10.1,13.1,0.9,3.4,18.8,20.5,-2.9,1,-1.9,-0.084,-5.1,-1,-6.1,-1.1,2020
407,Jordan Poole,21,GSW,SG,51,7,19.4,4,9.3,0.432,1.9,5.4,0.351,2.1,3.9,0.545,0.535,2.1,2.3,0.882,0.3,1.5,1.8,1.9,0.5,0.2,1,1.7,12,,988,15.1,0.581,0.582,0.251,1.6,8.2,5,15.4,1.2,0.8,8.8,25,1.1,0.9,1.9,0.094,0.7,-1.2,-0.5,0.4,2020
408,Jontay Porter,21,MEM,PF,11,0,4.9,0.7,1.4,0.533,0.3,0.7,0.375,0.5,0.6,0.714,0.633,0.3,0.5,0.6,0.4,0.9,1.3,0.1,0.3,0.1,0.6,1.1,2,,54,9.2,0.64,0.533,0.333,7.8,19.9,13.7,2.5,2.7,1.7,28.9,18.9,-0.1,0.1,0,0.019,-6.8,0.3,-6.5,-0.1,2020
409,Kevin Porter Jr.,20,HOU,SG,26,23,32.1,6,14.1,0.425,1.9,6.2,0.311,4.1,7.9,0.515,0.493,2.7,3.6,0.734,0.8,3,3.8,6.3,0.7,0.3,3.5,2.3,16.6,,835,12.5,0.528,0.439,0.256,2.4,10.5,6.3,31.2,1.1,0.9,18.2,25.4,-0.3,0.3,0,0,-1.1,-2.4,-3.5,-0.3,2020
410,Michael Porter Jr.,22,DEN,SF,61,54,31.3,7.3,13.4,0.542,2.8,6.3,0.445,4.5,7.1,0.628,0.646,1.7,2.2,0.791,1.5,5.8,7.3,1.1,0.7,0.9,1.3,2.1,19,,1912,20.6,0.663,0.468,0.164,5.4,20.9,13.2,5.6,1,2.8,8.1,21.7,4.8,2.1,6.9,0.173,4,-0.9,3.1,2.5,2020
411,Otto Porter Jr.,27,2TM,SF,28,6,21.6,3.5,8.1,0.432,1.4,3.7,0.375,2.1,4.4,0.48,0.518,1.3,1.5,0.857,1,4.4,5.4,2,0.6,0.1,0.9,1.5,9.7,,606,14.5,0.552,0.458,0.185,5.2,22.4,13.8,12.9,1.3,0.6,9.2,19.3,0.6,0.7,1.3,0.101,0,0,0,0.3,2020
412,Bobby Portis,25,MIL,C,66,7,20.8,4.7,9.1,0.523,1.1,2.4,0.471,3.6,6.7,0.542,0.585,0.8,1.1,0.74,1.9,5.2,7.1,1.1,0.8,0.4,0.8,1.7,11.4,6MOY-9,1372,19.9,0.598,0.263,0.122,9.9,25.3,17.9,7.4,1.8,1.7,8.2,20.9,2.8,2,4.8,0.167,1.8,-0.4,1.5,1.2,2020
413,Kristaps Porziņģis,25,DAL,C,43,43,30.9,7.6,15.9,0.476,2.3,6,0.376,5.3,9.9,0.536,0.547,2.7,3.2,0.855,1.9,7,8.9,1.6,0.5,1.3,1.2,2.7,20.1,,1327,21.3,0.582,0.378,0.202,6.9,24.6,15.8,8.4,0.7,4.1,6.4,26.5,2.6,1.7,4.3,0.154,3,-0.8,2.2,1.4,2020
414,Dwight Powell,29,DAL,C,58,19,16.7,2.1,3.3,0.619,0.1,0.4,0.238,2,3,0.665,0.631,1.7,2.1,0.782,1.4,2.7,4,1.1,0.6,0.5,0.7,2.3,5.9,,966,16.8,0.688,0.108,0.639,9.2,17.4,13.3,8.9,1.8,2.9,13.9,13.2,2.6,1.2,3.8,0.188,-0.7,1.3,0.6,0.6,2020
415,Norman Powell,27,2TM,SG,69,58,32,6.3,13.3,0.477,2.5,6,0.411,3.9,7.3,0.532,0.57,3.4,3.9,0.871,0.6,2.5,3.1,1.9,1.2,0.3,1.7,2.3,18.6,,2205,16.2,0.618,0.453,0.295,2,8.8,5.3,9.2,1.8,0.8,10.3,22.6,3.4,1.3,4.7,0.103,1.1,-0.7,0.4,1.3,2020
416,Taurean Prince,26,2TM,PF,41,10,22.1,3.2,8,0.401,1.5,3.8,0.4,1.7,4.2,0.401,0.495,1.6,1.9,0.855,0.5,3,3.5,1.9,0.7,0.6,1.1,1.8,9.5,,905,12.1,0.54,0.474,0.232,2.3,15.3,8.8,12.8,1.5,2.3,11.5,19.6,0.2,0.8,1,0.052,-1.2,-0.6,-1.8,0,2020
417,Payton Pritchard,23,BOS,SG,66,4,19.2,2.8,6.3,0.44,1.5,3.8,0.411,1.2,2.6,0.482,0.562,0.6,0.7,0.889,0.5,1.9,2.4,1.8,0.6,0.1,0.8,1.6,7.7,,1268,12.4,0.582,0.593,0.108,2.9,11.1,6.9,13.3,1.4,0.7,10.8,16.7,1.6,0.9,2.5,0.095,-0.3,-0.4,-0.7,0.4,2020
418,Immanuel Quickley,21,NYK,PG,64,3,19.4,3.6,9.1,0.395,1.8,4.7,0.389,1.7,4.3,0.401,0.497,2.4,2.7,0.891,0.4,1.8,2.1,2,0.5,0.2,0.9,1.8,11.4,,1243,15.8,0.557,0.522,0.3,2.2,9.7,6,16.2,1.2,0.9,8.1,25.6,1.8,1.4,3.2,0.125,1.4,-0.5,0.9,0.9,2020
419,Jahmi'us Ramsey,19,SAC,SG,13,0,7.2,1.2,2.9,0.395,0.4,1.5,0.263,0.8,1.5,0.526,0.461,0.4,0.4,1,0.2,0.6,0.8,0.5,0.3,0.1,0.2,0.6,3.1,,94,10.5,0.498,0.5,0.132,2.3,9.6,5.9,8.8,2,0.9,6.9,19.8,0,0,0,0.012,-3.1,-1.4,-4.5,-0.1,2020
420,Chasson Randle,27,ORL,PG,41,5,20.4,2.2,5.8,0.388,1.1,3.2,0.338,1.2,2.6,0.449,0.481,0.9,1.2,0.792,0.2,1.8,2,1.8,0.5,0.1,1.1,1.6,6.5,,837,7.4,0.515,0.549,0.203,0.8,9.6,5.1,12.9,1.3,0.5,15.1,15.7,-0.4,0.4,0,-0.001,-4.8,-1.1,-5.9,-0.8,2020
421,Julius Randle,26,NYK,PF,71,71,37.6,8.5,18.6,0.456,2.3,5.5,0.411,6.2,13.1,0.474,0.516,4.9,6,0.811,1.2,9,10.2,6,0.9,0.3,3.4,3.2,24.1,"MVP-8,MIP-1,AS,NBA2",2667,19.7,0.567,0.294,0.325,3.5,25.7,14.7,27.2,1.2,0.6,13.8,29.3,3.4,4.3,7.8,0.14,2.9,0.9,3.8,3.9,2020
422,Cam Reddish,21,ATL,SF,26,21,28.8,3.7,10.1,0.365,1.3,4.8,0.262,2.4,5.3,0.46,0.428,2.6,3.2,0.817,0.8,3.2,4,1.3,1.3,0.3,1.3,2.6,11.2,,750,9.3,0.488,0.479,0.312,3.3,11.7,7.6,6.5,2.2,1.1,10.2,19.3,-0.3,0.7,0.4,0.026,-3.3,0.1,-3.2,-0.2,2020
423,JJ Redick,36,2TM,SG,44,0,16.4,2.4,6.1,0.397,1.5,4,0.371,0.9,2,0.449,0.521,1.1,1.2,0.942,0.1,1.4,1.5,1.2,0.3,0.1,0.8,1.1,7.4,,723,9.9,0.564,0.667,0.195,0.6,9,4.8,9.7,0.7,0.4,11,19.2,0.4,0.3,0.7,0.045,-1.4,-2.1,-3.5,-0.3,2020
424,Paul Reed,21,PHI,PF,26,0,6.8,1.6,3,0.538,0,0.2,0,1.6,2.8,0.583,0.538,0.2,0.3,0.5,1.2,1.2,2.3,0.5,0.4,0.5,0.5,1.1,3.4,,177,21.2,0.54,0.077,0.103,19,18.9,19,11,2.7,6.6,12.8,22.7,0.2,0.4,0.6,0.162,-1.8,0.8,-1,0,2020
425,Naz Reid,21,MIN,C,70,15,19.2,4.3,8.3,0.523,0.9,2.5,0.351,3.5,5.8,0.597,0.576,1.6,2.4,0.693,1.2,3.4,4.6,1,0.5,1.1,1,2.6,11.2,,1347,18.2,0.599,0.299,0.286,6.4,20,12.9,8.7,1.2,4.9,9.5,22.5,1.9,1.3,3.2,0.113,-0.1,-0.2,-0.2,0.6,2020
426,Cameron Reynolds,25,2TM,SF,5,0,8,1.2,3.6,0.333,0.6,2.4,0.25,0.6,1.2,0.5,0.417,0,0,,0.4,0.6,1,0.4,0,0,0,0.4,3,,40,6.5,0.417,0.667,0,5.1,8.3,6.7,7.5,0,0,0,19.2,0,0,0,-0.039,-3.5,-4.6,-8.1,-0.1,2020
427,Nick Richards,23,CHO,PF,18,0,3.5,0.2,0.5,0.444,0,0.1,0,0.2,0.4,0.5,0.444,0.4,0.6,0.636,0.2,0.4,0.6,0.1,0,0,0.2,0.4,0.8,,63,5.5,0.542,0.111,1.222,6.8,12.2,9.5,4.2,0,0,17.8,11.5,0,0,0,0.026,-5.9,-2.1,-8,-0.1,2020
428,Josh Richardson,27,DAL,SG,59,56,30.3,4.5,10.5,0.427,1.5,4.5,0.33,3,5.9,0.501,0.498,1.7,1.8,0.917,0.9,2.4,3.3,2.6,1,0.4,1.3,2.2,12.1,,1790,11.9,0.537,0.432,0.175,3.2,8.8,6,12.1,1.7,1.2,10.6,18.4,1,1.4,2.4,0.066,-1.5,-0.2,-1.7,0.1,2020
429,Grant Riller,23,CHO,PG,7,0,3.9,1.1,1.7,0.667,0.3,0.6,0.5,0.9,1.1,0.75,0.75,0,0,,0,0.1,0.1,0.4,0.1,0,0.1,0,2.6,,27,23.6,0.75,0.333,0,0,4.1,2,20.9,1.8,0,7.7,20.7,0.1,0,0.1,0.177,4.6,0.5,5.1,0,2020
430,Austin Rivers,28,2TM,SG,36,7,23.5,2.9,6.8,0.424,1.5,4.1,0.369,1.4,2.7,0.51,0.537,0.6,0.9,0.71,0.2,2.1,2.3,2.3,0.8,0.1,1,1.8,7.9,,845,9.9,0.551,0.608,0.127,1.1,9.6,5.4,13.2,1.8,0.2,12.2,15.4,0.4,0.9,1.3,0.072,-2.2,0.3,-1.9,0,2020
431,Andre Roberson,29,BRK,SG,5,0,12.6,0.4,2.8,0.143,0.2,1.6,0.125,0.2,1.2,0.167,0.179,0.2,0.4,0.5,1.4,1.6,3,0.8,0.6,0.2,0.4,0.8,1.2,,63,4.2,0.202,0.571,0.143,12.9,13.3,13.2,7.4,2.3,1.4,11.8,11.7,-0.1,0.1,-0.1,-0.043,-5.2,-0.9,-6.1,-0.1,2020
432,Duncan Robinson,26,MIA,SF,72,72,31.4,4.4,10,0.439,3.5,8.5,0.408,0.9,1.4,0.625,0.614,0.9,1,0.827,0.1,3.4,3.5,1.8,0.6,0.3,1.1,2.5,13.1,,2262,11,0.628,0.855,0.105,0.4,12.1,6.3,8.3,0.9,0.9,9.7,16.6,1.9,1.8,3.7,0.079,-0.2,-0.8,-1,0.6,2020
433,Glenn Robinson III,27,SAC,SF,23,2,16,1.8,4.3,0.424,0.7,1.9,0.364,1.1,2.4,0.473,0.505,0.9,1,0.913,0.5,1.5,2,0.9,0.2,0.1,0.5,1,5.3,,369,9,0.554,0.444,0.232,3.3,10.4,6.8,7,0.5,0.7,9.2,14,0.3,0,0.3,0.033,-1.9,-2.2,-4,-0.2,2020
434,Jerome Robinson,23,WAS,SG,17,6,17.9,1.6,5.6,0.295,0.6,2.5,0.262,1,3.1,0.321,0.353,0.9,1.2,0.8,0.2,2,2.2,1.5,0.7,0.4,1.1,1.8,4.9,,305,4.1,0.4,0.442,0.211,1.4,11.8,6.6,10.2,1.8,1.6,15.5,16.7,-0.7,0.3,-0.4,-0.057,-6.9,-0.1,-7,-0.4,2020
435,Justin Robinson,23,OKC,PG,9,0,9.8,0.8,2.3,0.333,0.4,1.6,0.286,0.3,0.8,0.429,0.429,0.3,0.6,0.6,0.1,0.7,0.8,1,0.3,0,0.2,1.1,2.3,,88,6,0.453,0.667,0.238,1.2,7.2,4.1,14.1,1.6,0,7.9,12.2,0,0,0,0.021,-5.8,-1,-6.8,-0.1,2020
436,Mitchell Robinson,22,NYK,C,31,29,27.5,3.7,5.7,0.653,0,0,,3.7,5.7,0.653,0.653,0.8,1.7,0.491,3.6,4.5,8.1,0.5,1.1,1.5,0.8,2.8,8.3,,853,17.7,0.642,0,0.301,14.5,17.5,16,2.9,2.1,5,11.5,11.8,1.8,1.7,3.4,0.192,-0.3,1.5,1.2,0.7,2020
437,Isaiah Roby,22,OKC,PF,61,34,23.4,3.4,7,0.483,0.5,1.8,0.294,2.9,5.2,0.547,0.52,1.4,1.9,0.744,1.5,4.1,5.6,1.8,0.9,0.6,1.9,2.7,8.7,,1425,11.9,0.555,0.254,0.273,6.4,18.6,12.4,11.4,1.7,2.3,19,17.7,-0.3,1.5,1.3,0.043,-3.7,0.4,-3.3,-0.5,2020
438,Rajon Rondo,34,2TM,PG,45,3,17.1,2.1,4.8,0.442,0.8,2,0.404,1.3,2.8,0.468,0.526,0.4,0.4,0.941,0.4,2,2.4,4.4,0.8,0.1,1.8,1.2,5.4,,770,13.2,0.544,0.414,0.079,2.7,12.9,7.9,35.3,2.4,0.5,26.2,17.2,0.5,0.8,1.3,0.081,-0.5,0.3,-0.2,0.4,2020
439,Derrick Rose,32,2TM,PG,50,3,25.6,5.7,12.2,0.47,1,2.6,0.388,4.7,9.6,0.492,0.511,2.2,2.5,0.866,0.4,2.2,2.6,4.2,1,0.4,1.6,1.1,14.7,"MVP-9,6MOY-3",1279,18.3,0.55,0.211,0.208,1.7,9.3,5.5,28,1.9,1.4,10.5,25.8,1.6,1.6,3.1,0.118,1.6,0.3,1.9,1.3,2020
440,Terrence Ross,29,ORL,SG,46,2,29.3,5.5,13.4,0.412,1.9,5.7,0.337,3.6,7.7,0.469,0.485,2.6,3,0.87,0.3,3.1,3.4,2.3,1,0.5,1.6,1.9,15.6,,1347,13.2,0.53,0.429,0.224,1.1,11.4,6.1,13.2,1.7,1.4,9.9,24.1,-0.1,1,0.9,0.03,-1.4,-0.8,-2.3,-0.1,2020
441,Terry Rozier,26,CHO,SG,69,69,34.5,7.4,16.4,0.45,3.2,8.3,0.389,4.2,8.2,0.512,0.548,2.4,2.9,0.817,0.7,3.7,4.4,4.2,1.3,0.4,1.9,1.7,20.4,,2383,17.1,0.575,0.504,0.178,2.1,11.8,6.9,20,1.8,1.1,9.5,24.4,3.3,2,5.2,0.105,2.2,-0.5,1.6,2.2,2020
442,Ricky Rubio,30,MIN,PG,68,51,26.1,2.8,7.3,0.388,1,3.1,0.308,1.9,4.2,0.447,0.454,1.9,2.2,0.867,0.4,2.9,3.3,6.4,1.4,0.1,1.6,2,8.6,,1772,13.5,0.516,0.43,0.301,1.6,12.4,6.8,33.3,2.6,0.2,16.4,16,1.9,1.3,3.1,0.085,-1.9,0,-1.9,0,2020
443,D'Angelo Russell,24,MIN,PG,42,26,28.5,6.7,15.5,0.431,2.9,7.4,0.387,3.8,8.1,0.471,0.523,2.7,3.5,0.765,0.4,2.3,2.6,5.8,1.1,0.4,2.7,1.6,19,,1196,17.6,0.555,0.475,0.229,1.4,8.9,5,33.6,1.8,1.3,13.5,29.1,1,0.6,1.6,0.063,3.3,-1.7,1.6,1.1,2020
444,Domantas Sabonis,24,IND,PF,62,62,36,7.8,14.6,0.535,0.8,2.6,0.321,7,12,0.582,0.564,3.9,5.3,0.732,2.4,9.5,12,6.7,1.2,0.5,3.4,3.3,20.3,AS,2231,20.6,0.601,0.179,0.363,7.3,28.6,18,27.5,1.6,1.2,16.9,24.1,4,3,6.9,0.149,2.3,1.6,3.8,3.3,2020
445,Luka Šamanić,21,SAS,PF,33,4,9.3,1.4,3.2,0.448,0.4,1.3,0.279,1.1,1.9,0.565,0.505,0.5,0.9,0.552,0.5,1.6,2.1,0.5,0.2,0.2,0.6,1.3,3.7,,308,9.8,0.518,0.41,0.276,5.4,18.3,11.7,6.9,1.3,2.2,14.5,19.5,-0.2,0.3,0.1,0.015,-4.2,-0.7,-4.9,-0.2,2020
446,JaKarr Sampson,27,IND,PF,29,4,10.9,1.9,3.9,0.496,0.1,0.5,0.2,1.8,3.4,0.541,0.509,0.7,1,0.655,0.9,1.7,2.7,0.1,0.1,0.5,0.5,1.8,4.6,,316,10.9,0.533,0.133,0.257,9.3,17.1,13.2,1.8,0.3,3.6,10.7,19,0,0.3,0.3,0.044,-5.2,-2.3,-7.5,-0.4,2020
447,Dario Šarić,26,PHO,C,50,4,17.4,3.1,6.8,0.447,0.9,2.7,0.348,2.1,4.1,0.512,0.516,1.7,2,0.848,0.9,2.9,3.8,1.3,0.6,0.1,1.1,1.9,8.7,,871,14.3,0.567,0.395,0.289,6.1,18.4,12.4,10.4,1.7,0.4,12.9,22.6,0.7,1,1.7,0.093,-1.4,-0.6,-2,0,2020
448,Tomáš Satoranský,29,CHI,SG,58,18,22.5,2.9,5.7,0.514,0.7,2,0.356,2.2,3.6,0.602,0.578,1.2,1.4,0.848,0.5,1.9,2.4,4.7,0.7,0.2,1.7,1.5,7.7,,1307,13.8,0.614,0.359,0.24,2.6,9.4,6,27.9,1.5,0.9,20.9,15.2,1.9,1.1,3.1,0.113,-0.6,0.1,-0.5,0.5,2020
449,Dennis Schröder,27,LAL,SG,61,61,32.1,5.4,12.5,0.437,1.2,3.5,0.335,4.3,9,0.476,0.484,3.4,4,0.848,0.5,3,3.5,5.8,1.1,0.2,2.7,2.6,15.4,,1956,13.8,0.543,0.279,0.32,1.7,10.3,6.1,26.9,1.7,0.6,15.8,22.9,1,2.7,3.8,0.093,-1.3,0.2,-1.1,0.4,2020
450,Mike Scott,32,PHI,PF,51,12,16.7,1.5,4.1,0.36,1,3,0.342,0.5,1.1,0.411,0.486,0.2,0.2,0.667,0.2,2.1,2.4,0.8,0.5,0.3,0.4,1.4,4.2,,852,6.8,0.492,0.735,0.057,1.4,13.8,7.8,6.1,1.4,1.5,8.1,11.9,-0.1,1.1,1,0.058,-3.2,0.3,-2.8,-0.2,2020
451,Jay Scrubb,20,LAC,SG,4,1,21,3.5,9,0.389,0.5,2.3,0.222,3,6.8,0.444,0.417,1.3,1.3,1,0.5,3,3.5,0.3,1,0,1.8,1.3,8.8,,84,6.3,0.458,0.25,0.139,2.8,15.6,9.4,1.7,2.4,0,15.5,23.8,-0.2,0.1,-0.1,-0.072,-8.1,-2.8,-10.9,-0.2,2020
452,Collin Sexton,22,CLE,SG,60,60,35.3,8.8,18.4,0.475,1.6,4.4,0.371,7.1,14,0.508,0.519,5.2,6.4,0.815,1,2.2,3.1,4.4,1,0.2,2.8,2.6,24.3,,2115,18,0.573,0.239,0.347,3,7,4.9,22.6,1.4,0.4,11.6,29.7,2.6,0.9,3.5,0.08,1.8,-1.9,-0.2,1,2020
453,Landry Shamet,23,BRK,SG,61,12,23,3,7.5,0.408,2.1,5.5,0.387,0.9,2,0.463,0.549,1.1,1.3,0.846,0.2,1.7,1.8,1.6,0.5,0.2,0.8,1.5,9.3,,1403,10.3,0.578,0.73,0.171,0.9,7.6,4.4,9.3,1.1,0.6,8.9,16.7,1.2,0.6,1.8,0.063,-0.9,-1.5,-2.4,-0.2,2020
454,Iman Shumpert,30,BRK,SG,2,0,5.5,0.5,2,0.25,0,1.5,0,0.5,0.5,1,0.25,0,0,,0.5,0,0.5,0,0.5,0,0.5,0,1,,11,-0.4,0.25,0.75,0,10.6,0,5,0,4.4,0,20,19.8,-0.1,0,0,-0.212,-10.4,-2.2,-12.6,0,2020
455,Pascal Siakam,26,TOR,PF,56,56,35.8,7.8,17.2,0.455,1.3,4.4,0.297,6.5,12.8,0.509,0.493,4.4,5.4,0.827,1.7,5.5,7.2,4.5,1.1,0.7,2.3,3.1,21.4,,2006,17.7,0.547,0.256,0.313,5,17.6,11.1,20.5,1.5,1.8,10.6,26.3,2.3,2,4.2,0.101,1,-0.3,0.8,1.4,2020
456,Chris Silva,24,2TM,PF,15,0,6.1,0.7,1.1,0.625,0.1,0.1,1,0.6,1,0.6,0.656,0.7,1,0.733,0.5,1.3,1.8,0.4,0.1,0.4,0.7,1.6,2.1,,92,11.5,0.708,0.063,0.938,8.9,24.4,16.8,9.3,0.5,6.6,30.7,15.9,0.1,0.1,0.2,0.101,-6.7,1.1,-5.5,-0.1,2020
457,Ben Simmons,24,PHI,PG,58,58,32.4,5.6,10.1,0.557,0.1,0.2,0.3,5.6,9.9,0.562,0.56,3,4.9,0.613,1.6,5.6,7.2,6.9,1.6,0.6,3,2.9,14.3,"MVP-12,DPOY-2,AS,DEF1",1877,18.3,0.584,0.017,0.492,5.6,18.7,12.2,31.3,2.4,1.7,19.6,20.2,2.7,3.3,6,0.153,0.7,2.2,2.9,2.3,2020
458,Anfernee Simons,21,POR,SG,64,0,17.3,2.6,6.3,0.419,1.9,4.4,0.426,0.8,1.9,0.403,0.569,0.7,0.9,0.807,0.2,2,2.2,1.4,0.3,0.1,0.7,1.5,7.8,,1104,12.3,0.589,0.703,0.142,1.3,12.5,6.8,11.4,0.8,0.6,9.2,18.3,1.5,0.3,1.8,0.078,0.6,-1.6,-1,0.3,2020
459,Deividas Sirvydis,20,DET,SG,20,0,6.7,0.7,2,0.35,0.5,1.4,0.357,0.2,0.6,0.333,0.475,0.2,0.3,0.5,0,1.5,1.5,0.3,0.1,0,0.3,0.5,2.1,,133,5.7,0.481,0.7,0.15,0,24.5,12.1,5.4,0.7,0,10.5,15.7,-0.1,0.1,0,-0.01,-4.2,-1.2,-5.4,-0.1,2020
460,Alen Smailagić,20,GSW,PF,15,1,5.6,0.7,1.8,0.407,0.3,0.7,0.4,0.5,1.1,0.412,0.481,0.1,0.4,0.333,0.4,0.7,1.1,0.3,0.2,0.3,0.3,0.7,1.9,,84,8.9,0.472,0.37,0.222,7.7,12.5,10.1,6.5,1.7,5.2,14.4,17.6,-0.1,0.1,0,0.015,-4.9,-0.4,-5.3,-0.1,2020
461,Marcus Smart,26,BOS,PG,48,45,32.9,4.2,10.6,0.398,1.9,5.9,0.33,2.3,4.8,0.482,0.489,2.7,3.4,0.79,0.8,2.7,3.5,5.7,1.5,0.5,2,2.6,13.1,,1581,13.8,0.539,0.553,0.318,2.5,9.3,5.9,23.6,2.2,1.4,14.2,18.4,1.8,1.5,3.3,0.1,-0.4,0.2,-0.3,0.7,2020
462,Dennis Smith Jr.,23,2TM,PG,23,9,18.3,2.5,6.3,0.4,0.8,2.5,0.328,1.7,3.8,0.448,0.466,0.8,1.1,0.731,0.5,1.9,2.4,3.3,1,0.6,1.1,1.6,6.7,,420,13.6,0.492,0.4,0.179,3.1,11.5,7.3,27.8,2.7,2.9,14.3,19,0.1,0.5,0.6,0.07,-1.1,1.5,0.4,0.3,2020
463,Ish Smith,32,WAS,PG,44,1,21,2.9,6.8,0.434,0.4,1.1,0.367,2.5,5.6,0.448,0.465,0.4,0.8,0.576,0.5,2.9,3.4,3.9,0.7,0.3,0.9,1.4,6.7,,924,11.6,0.473,0.165,0.111,2.5,14.6,8.6,24.7,1.6,1.2,11.6,15.8,0.2,0.9,1.1,0.056,-2.1,0.5,-1.5,0.1,2020
464,Jalen Smith,20,PHO,PF,27,1,5.8,0.8,1.9,0.44,0.1,0.6,0.235,0.7,1.2,0.545,0.48,0.2,0.3,0.714,0.3,1.1,1.4,0.1,0,0.2,0.3,0.6,2,,156,8.4,0.499,0.34,0.14,5.2,21.4,13.4,3.4,0.3,2.9,11.7,17.1,-0.1,0.2,0.1,0.022,-4.8,-1.3,-6.1,-0.2,2020
465,Tony Snell,29,ATL,SG,47,23,21.1,1.9,3.6,0.515,1.3,2.3,0.569,0.6,1.3,0.419,0.696,0.2,0.2,1,0.4,2,2.4,1.3,0.3,0.2,0.4,1.6,5.3,,992,9.5,0.708,0.637,0.064,2,10.2,6.2,7.9,0.6,1,10.7,8.6,1.6,0.5,2,0.099,-0.4,-0.1,-0.5,0.4,2020
466,Ray Spalding,23,HOU,C,2,0,9.5,1,2,0.5,0,0.5,0,1,1.5,0.667,0.5,0,1,0,1,1,2,0,0,1,1.5,1.5,2,,19,0.8,0.41,0.25,0.5,10.8,11.7,11.2,0,0,9.4,38.1,17.6,-0.1,0,-0.1,-0.184,-12.2,-2.1,-14.3,-0.1,2020
467,Cassius Stanley,21,IND,SG,24,0,3.9,0.5,1.8,0.302,0.1,0.5,0.231,0.4,1.3,0.333,0.337,0.3,0.4,0.778,0.3,0.5,0.8,0,0,0.1,0,0.6,1.5,,93,5.5,0.383,0.302,0.209,9.4,13.9,11.7,1.4,0.5,1.7,2.1,22,-0.2,0.1,-0.1,-0.05,-7.2,-4,-11.2,-0.2,2020
468,Lamar Stevens,23,CLE,PF,40,0,12.5,1.6,3.4,0.456,0.1,0.6,0.16,1.5,2.8,0.523,0.471,0.9,1.3,0.725,0.6,1.8,2.4,0.6,0.4,0.3,0.6,1.3,4.1,,499,10.5,0.521,0.184,0.375,5.3,16.6,10.8,7.4,1.7,2.3,12.7,15.8,0,0.5,0.4,0.043,-4.2,0,-4.2,-0.3,2020
469,Isaiah Stewart,19,DET,C,68,14,21.4,3.3,6,0.553,0.3,0.9,0.333,3,5.1,0.592,0.578,0.9,1.4,0.696,2.3,4.3,6.7,0.9,0.6,1.3,1,2.7,7.9,,1455,16.4,0.597,0.154,0.225,12,22.7,17.3,6.3,1.3,5.2,13,15.5,1.9,2.1,4,0.132,-1.6,0.5,-1.1,0.3,2020
470,Max Strus,24,MIA,SF,39,0,13,2.2,4.8,0.455,1.3,3.8,0.338,0.9,1,0.897,0.588,0.4,0.6,0.667,0.1,0.9,1.1,0.6,0.3,0.1,0.2,1.1,6.1,,507,12.1,0.597,0.791,0.128,1.1,8,4.6,7.3,1.1,0.4,3.9,18.3,0.6,0.3,0.9,0.088,-0.5,-1.7,-2.2,0,2020
471,Edmond Sumner,25,IND,SG,53,24,16.2,2.8,5.3,0.525,0.7,1.7,0.398,2.1,3.7,0.582,0.587,1.3,1.6,0.819,0.3,1.4,1.8,0.9,0.6,0.2,1,1.7,7.5,,861,12.7,0.626,0.312,0.294,2.3,9.5,5.9,7.9,1.8,0.9,13.8,18.3,0.7,0.7,1.4,0.077,-2.3,-0.5,-2.8,-0.2,2020
472,Jae'Sean Tate,25,HOU,SF,70,58,29.2,4.5,8.9,0.506,0.9,2.8,0.308,3.7,6.1,0.595,0.554,1.5,2.1,0.694,1.9,3.5,5.3,2.5,1.2,0.5,1.4,3.2,11.3,,2043,13.8,0.576,0.312,0.235,6.6,13.2,9.8,13.2,2,1.6,12.4,16.4,2.2,1.6,3.8,0.088,-1.6,0.3,-1.4,0.3,2020
473,Jayson Tatum,22,BOS,SF,64,64,35.8,9.5,20.6,0.459,2.9,7.6,0.386,6.5,13,0.502,0.53,4.6,5.3,0.868,0.8,6.6,7.4,4.3,1.2,0.5,2.7,1.9,26.4,AS,2290,21.3,0.576,0.368,0.258,2.4,20.7,11.5,20.3,1.6,1.3,10.4,30.8,4.1,2.5,6.5,0.137,4.2,-0.3,3.9,3.4,2020
474,Jeff Teague,32,2TM,PG,55,7,17.3,2.2,5.2,0.433,0.7,1.5,0.439,1.6,3.7,0.431,0.496,1.6,1.9,0.848,0.3,1.3,1.6,2.4,0.6,0.2,1.2,1,6.7,,950,12.3,0.562,0.289,0.37,1.7,8.3,5.1,18.3,1.7,1.2,16.2,17.7,0.8,0.8,1.6,0.079,-1.7,-0.5,-2.2,-0.1,2020
475,Garrett Temple,34,CHI,SG,56,25,27.3,2.8,6.8,0.415,1.2,3.6,0.335,1.6,3.2,0.503,0.503,0.7,0.9,0.8,0.5,2.3,2.9,2.2,0.8,0.5,1,2.3,7.6,,1528,8.2,0.525,0.525,0.131,2.1,9.4,5.8,10.5,1.4,1.7,12.6,13.1,0.2,1.4,1.6,0.05,-3.3,0.3,-3,-0.4,2020
476,Tyrell Terry,20,DAL,PG,11,0,5.1,0.5,1.5,0.313,0,0.6,0,0.5,0.8,0.556,0.313,0.1,0.3,0.333,0,0.5,0.5,0.5,0.5,0,0.2,0.2,1,,56,6,0.318,0.438,0.188,0,11.7,5.9,14,4.4,0,10.4,15.3,-0.1,0.1,-0.1,-0.049,-7.5,2.6,-5,0,2020
477,Daniel Theis,28,2TM,C,65,51,24.6,3.9,7.2,0.541,0.8,2.3,0.322,3.1,4.8,0.646,0.593,1.1,1.7,0.673,1.4,4,5.5,1.7,0.6,0.9,1,2.6,9.6,,1601,15,0.609,0.326,0.236,6.5,18.3,12.4,9.5,1.2,3.3,11.4,15.6,2.4,1.8,4.3,0.128,-0.7,0.7,0,0.8,2020
478,Brodric Thomas,24,2TM,SG,32,1,12.5,1.2,3.4,0.361,0.5,1.8,0.271,0.7,1.5,0.469,0.435,1,1.4,0.674,0.3,1.4,1.7,0.9,0.5,0.3,0.7,1.3,3.9,,399,8,0.487,0.546,0.426,2.2,12.9,7.4,10.7,1.8,2.2,14.6,16.4,-0.3,0.3,0.1,0.006,-4.7,0.3,-4.4,-0.2,2020
479,Isaiah Thomas,31,NOP,PG,3,0,16,3,9,0.333,1,4,0.25,2,5,0.4,0.389,0.7,0.7,1,0.3,1,1.3,1.7,0.3,0,2,1,7.7,,48,2.4,0.412,0.444,0.074,2.3,6.8,4.5,15.1,1,0,17.7,29.7,-0.2,0,-0.2,-0.179,-7.8,-5.2,-13.1,-0.1,2020
480,Khyri Thomas,24,HOU,SG,5,2,30.6,6.4,13.2,0.485,1.8,5.4,0.333,4.6,7.8,0.59,0.553,1.8,1.8,1,1.4,2.2,3.6,5,1.8,1.2,1.2,1.6,16.4,,153,21.3,0.586,0.409,0.136,4.7,8,6.3,26.9,2.8,3.5,7.9,21.1,0.4,0.1,0.5,0.164,2.5,-0.1,2.4,0.2,2020
481,Matt Thomas,26,2TM,SG,45,0,7.2,1.1,2.8,0.394,0.6,1.8,0.338,0.5,1,0.489,0.5,0.3,0.3,0.857,0.2,0.8,1,0.4,0.1,0,0.3,0.4,3.1,,326,9.1,0.522,0.63,0.11,2.3,12.2,7.3,8.6,0.6,0,9.5,19.5,0,0.2,0.2,0.031,-2.6,-2,-4.6,-0.2,2020
482,Tristan Thompson,29,BOS,C,54,43,23.8,3.1,6,0.518,0,0.1,0,3.1,6,0.523,0.518,1.3,2.2,0.592,3.1,5,8.1,1.2,0.4,0.6,1.1,2.2,7.6,,1287,14.2,0.54,0.009,0.368,14.5,23.5,19,7.2,0.9,2.4,14.1,14.8,1.5,1.4,2.9,0.107,-1.5,-1,-2.5,-0.2,2020
483,Sindarius Thornwell,26,2TM,SG,21,1,10.3,0.7,2.2,0.326,0.3,1.1,0.304,0.4,1.1,0.348,0.402,0.2,0.4,0.5,0.1,0.7,0.9,1,0.6,0.1,0.3,0.7,2,,217,6.6,0.414,0.5,0.174,1.4,7.4,4.4,13,2.9,0.9,12.4,11.1,-0.2,0.2,0,0.009,-5.7,0.9,-4.7,-0.2,2020
484,Matisse Thybulle,23,PHI,SG,65,8,20,1.6,3.7,0.42,0.7,2.2,0.301,0.9,1.5,0.59,0.508,0.1,0.3,0.444,0.5,1.4,1.9,1,1.6,1.1,0.5,2,3.9,"DPOY-11,DEF2",1298,10.1,0.508,0.588,0.074,2.6,7.8,5.3,6.3,3.9,4.9,11.3,9.4,0.1,2.7,2.8,0.102,-2.6,4.5,1.9,1.3,2020
485,Killian Tillie,22,MEM,C,18,1,10.1,1.1,3.2,0.333,0.6,1.8,0.303,0.5,1.3,0.375,0.421,0.5,0.6,0.818,0.3,1,1.3,0.4,0.3,0.4,0.1,1.1,3.2,,182,8.5,0.461,0.579,0.193,3.5,10.6,7,5.6,1.3,4,3.1,14.8,0,0.2,0.2,0.055,-3.4,-0.3,-3.7,-0.1,2020
486,Xavier Tillman Sr.,22,MEM,PF,59,12,18.4,2.8,5.1,0.559,0.4,1.1,0.338,2.5,4,0.62,0.595,0.6,0.9,0.642,1.3,3.1,4.3,1.3,0.7,0.6,0.8,2,6.6,,1085,14.7,0.605,0.217,0.177,7.2,18,12.5,9.4,1.9,2.7,12.3,14.3,1.4,1.5,2.9,0.127,-1.3,1.1,-0.2,0.5,2020
487,Anthony Tolliver,35,PHI,PF,11,0,9,0.4,1.5,0.235,0.4,1.3,0.286,0,0.3,0,0.353,0.5,0.5,0.833,0.3,0.6,0.9,0.2,0.3,0.2,0.3,0.6,1.5,,99,4,0.433,0.824,0.353,3.4,7.6,5.6,2.5,1.5,1.8,13.3,9.8,-0.1,0.1,0.1,0.025,-5.6,-1.5,-7,-0.1,2020
488,Obi Toppin,22,NYK,PF,62,0,11,1.7,3.4,0.498,0.4,1.4,0.306,1.3,2,0.629,0.56,0.3,0.4,0.731,0.4,1.8,2.2,0.5,0.3,0.2,0.4,0.9,4.1,,683,12.7,0.574,0.407,0.124,4.2,17.6,11,6.4,1.2,2.1,9.4,15.9,0.5,1,1.5,0.109,-1.4,0.7,-0.7,0.2,2020
489,Juan Toscano-Anderson,27,GSW,SG,53,16,20.9,2.3,3.9,0.579,0.7,1.7,0.402,1.6,2.2,0.718,0.667,0.4,0.6,0.71,0.5,3.9,4.4,2.8,0.8,0.5,1.2,2.1,5.7,,1107,12.6,0.676,0.44,0.148,2.8,19.6,11.3,18.1,1.7,2.1,21.5,11,1.4,1.6,3,0.13,-1.4,2.2,0.8,0.8,2020
490,Axel Toupane,28,MIL,SF,8,1,7.6,0.5,1.4,0.364,0.1,0.3,0.5,0.4,1.1,0.333,0.409,0.6,0.9,0.714,0,0.8,0.8,0.5,0.3,0.4,0,0.8,1.8,,61,9,0.497,0.182,0.636,0,10,5.2,7.6,1.5,4.4,0,9.7,0.1,0.1,0.1,0.097,-4.1,1.1,-3,0,2020
491,Karl-Anthony Towns,25,MIN,C,50,50,33.8,8.5,17.5,0.486,2.4,6.3,0.387,6.1,11.2,0.541,0.555,5.3,6.2,0.859,2.7,7.9,10.6,4.5,0.8,1.1,3.2,3.7,24.8,,1689,23.1,0.612,0.36,0.355,8.2,26.4,17,22.6,1.1,2.9,13.7,29.1,3.8,1.6,5.4,0.153,4.3,0.2,4.5,2.8,2020
492,Gary Trent Jr.,22,2TM,SG,58,38,31.1,5.5,13.5,0.408,2.8,7.4,0.385,2.7,6.1,0.435,0.513,1.4,1.8,0.783,0.5,2.2,2.6,1.4,1,0.2,0.7,1.6,15.3,,1802,12.1,0.534,0.546,0.135,1.6,7.7,4.6,6.6,1.5,0.5,4.9,20.9,1,0.7,1.7,0.045,-0.5,-1.7,-2.3,-0.1,2020
493,P.J. Tucker,35,2TM,PF,52,33,26.1,1.3,3.4,0.373,0.8,2.3,0.336,0.5,1.1,0.448,0.486,0.4,0.5,0.75,1,2.9,3.9,1.2,0.8,0.4,0.8,2.4,3.7,,1356,5.5,0.51,0.672,0.158,3.9,12.3,8,5.7,1.4,1.3,17.4,7.2,0.1,0.9,1,0.034,-4.6,0.5,-4.1,-0.7,2020
494,Rayjon Tucker,23,PHI,PG,14,0,4.9,0.6,1.3,0.5,0.1,0.5,0.286,0.5,0.8,0.636,0.556,1,1.4,0.737,0.1,0.7,0.8,0.4,0.1,0,0.3,0.6,2.4,,68,15.1,0.645,0.389,1.056,1.6,15.9,8.9,12.2,1.4,0,13.2,19.2,0.1,0.1,0.2,0.166,-3,-0.4,-3.4,0,2020
495,Myles Turner,24,IND,C,47,47,31,4.4,9.2,0.477,1.5,4.4,0.335,2.9,4.8,0.606,0.557,2.4,3,0.782,1.3,5.2,6.5,1,0.9,3.4,1.4,3.5,12.6,DPOY-9,1455,15.3,0.599,0.477,0.329,4.7,18,11.4,4.4,1.3,8.8,11.9,16.4,1.1,2.2,3.3,0.11,-1.6,2,0.4,0.9,2020
496,Jonas Valančiūnas,28,MEM,C,62,61,28.3,7.1,12,0.592,0.3,0.9,0.368,6.8,11.1,0.611,0.606,2.5,3.3,0.773,4.1,8.4,12.5,1.8,0.6,0.9,1.6,2.9,17.1,,1755,24.4,0.636,0.077,0.273,15.1,31.9,23.4,10,1,2.9,10.7,22.4,5.1,2.6,7.8,0.213,3.2,-0.3,3,2.2,2020
497,Denzel Valentine,27,CHI,SG,62,3,16.7,2.5,6.7,0.373,1.3,3.9,0.331,1.2,2.8,0.431,0.469,0.3,0.3,0.941,0.4,2.8,3.2,1.7,0.5,0.1,0.7,1.1,6.5,,1036,10.1,0.479,0.582,0.041,2.6,18.3,10.5,14,1.4,0.6,9,19.5,-0.4,1.1,0.7,0.032,-2.2,-0.4,-2.7,-0.2,2020
498,Jarred Vanderbilt,21,MIN,PF,64,30,17.8,2.2,3.7,0.606,0,0.1,0.2,2.2,3.6,0.615,0.608,0.9,1.6,0.559,1.8,3.9,5.8,1.2,1,0.7,0.8,1.9,5.4,,1139,16.2,0.612,0.021,0.432,10.8,24.7,17.5,9.3,2.7,3.5,15.9,12.3,1.6,1.5,3.1,0.132,-1.4,1.4,-0.1,0.5,2020
499,Fred VanVleet,26,TOR,SG,52,52,36.5,6.5,16.7,0.389,3.3,9.2,0.366,3.2,7.6,0.416,0.489,3.3,3.7,0.885,0.6,3.6,4.2,6.3,1.7,0.7,1.8,2.3,19.6,,1899,16.8,0.534,0.547,0.22,1.8,11.3,6.4,26.7,2.2,2,9.1,23.9,2.4,1.8,4.3,0.108,2.2,0.2,2.5,2.2,2020
500,Anderson Varejão,38,CLE,C,5,0,7.2,0.8,3.2,0.25,0,0.2,0,0.8,3,0.267,0.25,1,1.8,0.556,1.4,2.6,4,0.6,0,0.4,0.2,0.6,2.6,,36,12.9,0.326,0.063,0.563,21.3,41.4,31.1,12.2,0,5,4.8,25.4,-0.1,0,0,-0.029,-3.7,-3.3,-7.1,0,2020
501,Devin Vassell,20,SAS,SF,62,7,17,2,4.9,0.406,0.8,2.4,0.347,1.1,2.5,0.464,0.492,0.7,0.8,0.843,0.4,2.4,2.8,0.9,0.7,0.3,0.4,1.4,5.5,,1056,10.6,0.524,0.495,0.168,2.4,15.4,8.8,7.1,2,1.4,6.3,14.3,0.4,1.1,1.5,0.069,-2.2,0.7,-1.5,0.1,2020
502,Gabe Vincent,24,MIA,PG,50,7,13.1,1.8,4.7,0.378,0.9,3,0.309,0.8,1.7,0.5,0.476,0.4,0.5,0.87,0.2,0.9,1.1,1.3,0.4,0,0.7,1.6,4.8,,655,7.6,0.498,0.639,0.099,1.8,7.9,4.9,15.1,1.6,0.3,12.3,19.1,-0.4,0.5,0.2,0.011,-4.5,-0.9,-5.4,-0.6,2020
503,Noah Vonleh,25,BRK,C,4,0,2.8,0,0.8,0,0,0.5,0,0,0.3,0,0,0,0,,0,0.3,0.3,0.3,0,0,0.5,0.5,0,,11,-19,0,0.667,0,0,9.6,5,10.2,0,0,40,19.8,-0.1,0,-0.1,-0.488,-21.3,-5,-26.3,-0.1,2020
504,Nikola Vučević,30,2TM,C,70,70,33.5,9.5,19.9,0.477,2.5,6.3,0.4,7,13.7,0.513,0.54,1.9,2.2,0.84,2.1,9.6,11.7,3.8,0.9,0.7,1.8,2,23.4,AS,2348,22.9,0.56,0.315,0.112,6.5,30.9,18.5,21.3,1.3,1.8,7.9,29.3,3.3,3,6.3,0.129,4.9,0.4,5.3,4.4,2020
505,Dean Wade,24,CLE,PF,63,19,19.2,2.1,4.9,0.431,1.2,3.4,0.366,0.9,1.6,0.571,0.556,0.5,0.6,0.769,0.6,2.8,3.4,1.2,0.6,0.3,0.5,1.2,6,,1212,11.3,0.573,0.685,0.125,3.4,16.8,9.9,8.9,1.4,1.5,8.4,12.9,1.1,0.9,2,0.08,-1.1,-0.1,-1.3,0.2,2020
506,Moritz Wagner,23,3TM,C,45,24,16,2.3,5.1,0.454,0.7,2,0.341,1.6,3.1,0.529,0.522,1.6,1.9,0.816,0.6,2.6,3.2,1.1,0.6,0.4,1,2.4,6.9,,722,12.5,0.58,0.397,0.38,3.9,17.7,10.7,9.7,1.7,2.2,13.9,18.1,0.5,0.8,1.2,0.082,-2.7,0.2,-2.6,-0.1,2020
507,Kemba Walker,30,BOS,PG,43,43,31.8,6.6,15.7,0.42,3,8.2,0.36,3.7,7.5,0.486,0.514,3.1,3.5,0.899,0.4,3.6,4,4.9,1.1,0.3,2,1.4,19.3,,1369,17.7,0.559,0.522,0.22,1.3,12.6,6.9,23.8,1.7,0.8,10.6,26.1,2.1,1.1,3.3,0.115,2.8,-0.7,2.1,1.4,2020
508,Lonnie Walker IV,22,SAS,SG,60,38,25.4,4.3,10.2,0.42,1.7,4.7,0.355,2.6,5.5,0.477,0.502,1,1.2,0.814,0.2,2.4,2.6,1.7,0.5,0.3,1.1,1.7,11.2,,1522,9.8,0.523,0.463,0.115,1,10.1,5.4,9.6,0.9,0.8,9.2,20.1,-0.5,0.9,0.4,0.012,-2.3,-1.4,-3.7,-0.7,2020
509,John Wall,30,HOU,PG,40,40,32.2,7.3,18.2,0.404,2,6.2,0.317,5.4,11.9,0.449,0.458,4,5.3,0.749,0.4,2.8,3.2,6.9,1.1,0.8,3.5,1.2,20.6,,1288,15.4,0.503,0.343,0.291,1.3,9.7,5.3,36.2,1.5,2.1,14.7,31.7,-1,0.8,-0.2,-0.007,1.2,-1.9,-0.7,0.4,2020
510,Brad Wanamaker,31,2TM,PG,61,0,17.3,1.9,4.9,0.385,0.3,1.4,0.188,1.6,3.5,0.463,0.411,1.5,1.7,0.891,0.3,1.4,1.7,2.9,0.7,0.2,1.2,1.5,5.5,,1053,9.5,0.489,0.284,0.338,1.8,8.8,5.3,22.5,1.9,1,17.1,16.9,-0.2,1,0.9,0.039,-4.4,0.3,-4,-0.5,2020
511,T.J. Warren,27,IND,SF,4,4,29.3,6.8,12.8,0.529,0,1.8,0,6.8,11,0.614,0.529,2,2.5,0.8,0.5,3,3.5,1.3,0.5,0,1,4,15.5,,117,11.6,0.56,0.137,0.196,1.9,11.1,6.5,6.5,0.8,0,6.7,21.6,0.1,0.1,0.1,0.045,-3.6,-1.9,-5.5,-0.1,2020
512,P.J. Washington,22,CHO,PF,64,61,30.5,4.7,10.7,0.44,1.8,4.5,0.386,3,6.2,0.48,0.522,1.7,2.3,0.745,1.5,5.1,6.5,2.5,1.1,1.2,2,2.7,12.9,,1954,13.4,0.549,0.423,0.211,5.1,18.3,11.6,12.2,1.7,4,14.6,19.4,0.3,2.4,2.7,0.066,-1.5,0.6,-0.9,0.6,2020
513,Yuta Watanabe,26,TOR,SF,50,4,14.5,1.6,3.6,0.439,0.7,1.8,0.4,0.9,1.8,0.478,0.539,0.5,0.6,0.828,0.7,2.5,3.2,0.8,0.5,0.4,0.4,1.1,4.4,,723,12.2,0.565,0.5,0.161,5.3,19.4,12.1,7.7,1.7,2.6,9,12.7,0.7,0.8,1.5,0.102,-1.1,0.5,-0.7,0.2,2020
514,Tremont Waters,23,BOS,PG,26,3,9.2,1.3,3.2,0.405,0.6,1.5,0.395,0.7,1.8,0.413,0.494,0.6,0.7,0.941,0.2,0.6,0.8,2.4,0.6,0,1,0.7,3.8,,238,14.6,0.541,0.452,0.202,2.3,7.5,4.9,36.4,3.1,0.4,22.8,21.4,0.2,0.2,0.4,0.08,0.4,-0.1,0.3,0.1,2020
515,Paul Watson,26,TOR,SF,27,2,11,1.4,3,0.463,1.1,2.4,0.469,0.3,0.7,0.444,0.646,0.2,0.3,0.625,0.1,1.5,1.7,0.6,0.2,0.1,0.3,1.3,4.1,,297,10.9,0.649,0.78,0.098,1.4,15.7,8.3,8.2,1,1,9.5,13.7,0.4,0.2,0.6,0.096,-0.8,-0.6,-1.3,0.1,2020
516,Quinndary Weatherspoon,24,SAS,SG,20,0,6.1,0.8,1.8,0.457,0.1,0.3,0.167,0.8,1.5,0.517,0.471,0.7,0.8,0.813,0.2,0.4,0.6,0.4,0.4,0.1,0.5,0.9,2.3,,121,9.6,0.547,0.171,0.457,2.6,7.2,4.8,9.1,3.2,1.4,19.2,18.7,-0.1,0.1,0.1,0.023,-5.8,0.7,-5,-0.1,2020
517,Russell Westbrook,32,WAS,PG,65,65,36.4,8.4,19,0.439,1.3,4.2,0.315,7,14.8,0.475,0.474,4.2,6.4,0.656,1.7,9.9,11.5,11.7,1.4,0.4,4.8,2.9,22.2,MVP-11,2369,19.5,0.509,0.221,0.334,4.9,28.6,16.8,48.6,1.7,0.8,18,30.2,0.5,3.2,3.7,0.075,2.6,1.1,3.7,3.4,2020
518,Coby White,20,CHI,PG,69,54,31.2,5.4,13.1,0.416,2.4,6.6,0.359,3.1,6.5,0.473,0.506,1.9,2.1,0.901,0.4,3.7,4.1,4.8,0.6,0.2,2.3,2.6,15.1,,2156,12,0.54,0.503,0.157,1.5,13,7.3,21.8,0.9,0.6,13.9,22.5,0.7,1.7,2.4,0.052,-1.2,-1.2,-2.4,-0.2,2020
519,Derrick White,26,SAS,SG,36,32,29.6,5.2,12.6,0.411,2.3,6.8,0.346,2.8,5.8,0.486,0.503,2.7,3.2,0.851,0.4,2.6,3,3.5,0.7,1,1.3,2.5,15.4,,1064,15,0.55,0.536,0.252,1.3,9.6,5.4,17.4,1.2,2.9,8.2,22.4,1,0.9,1.9,0.085,1.3,0,1.3,0.9,2020
520,Hassan Whiteside,31,SAC,C,36,4,15.2,3.5,6.2,0.563,0,0,0,3.5,6.2,0.565,0.563,1.1,2.2,0.519,1.7,4.3,6,0.6,0.3,1.3,1.1,2,8.1,,546,19.2,0.566,0.004,0.353,12.2,31.8,21.9,5.6,0.8,7.1,13.4,23.5,0.3,0.6,0.9,0.081,-1.8,-0.4,-2.2,0,2020
521,Greg Whittington,27,DEN,PF,4,0,3,0,0.8,0,0,0.5,0,0,0.3,0,0,0,0,,0,0,0,0,0,0,0,0,0,,12,-10.2,0,0.667,0,0,0,0,0,0,0,0,10.9,-0.1,0,-0.1,-0.259,-11.4,-5.7,-17.2,0,2020
522,Andrew Wiggins,25,GSW,PF,71,71,33.3,7.1,14.9,0.477,2,5.2,0.38,5.1,9.7,0.529,0.543,2.4,3.4,0.714,1.2,3.7,4.9,2.4,0.9,1,1.8,2.2,18.6,,2364,15,0.568,0.348,0.225,3.7,11.8,7.8,10.9,1.3,2.6,9.8,23.3,1.2,2.7,3.9,0.08,0,-0.4,-0.4,1,2020
523,Grant Williams,22,BOS,PF,63,9,18.1,1.7,3.9,0.437,0.8,2,0.372,1,1.9,0.508,0.534,0.5,0.8,0.588,0.8,2.1,2.8,1,0.5,0.4,0.9,2.6,4.7,,1138,7.5,0.546,0.522,0.206,4.7,12.8,8.7,7.4,1.4,2,17.2,12.3,0.1,1,1.1,0.046,-4,0.3,-3.7,-0.5,2020
524,Kenrich Williams,26,OKC,PF,66,13,21.6,3.3,6.2,0.533,0.8,1.8,0.444,2.5,4.5,0.568,0.596,0.5,1,0.571,1.3,2.9,4.1,2.3,0.8,0.3,1.2,2.2,8,,1426,14,0.599,0.285,0.153,6.1,14,10,16.4,1.8,1.1,14.8,15.3,1.6,1.2,2.8,0.096,-1.2,0.5,-0.7,0.4,2020
525,Lou Williams,34,2TM,PG,66,4,21.6,4,9.8,0.41,1,2.6,0.399,3,7.2,0.414,0.464,2.3,2.6,0.867,0.3,1.8,2.1,3.4,0.7,0.1,1.6,0.9,11.3,,1423,14,0.519,0.268,0.268,1.7,8.9,5.4,23.4,1.6,0.4,13,25.7,0.5,1.2,1.7,0.056,-1,-1.5,-2.5,-0.2,2020
526,Patrick Williams,19,CHI,PF,71,71,27.9,3.6,7.4,0.483,0.8,1.9,0.391,2.8,5.5,0.515,0.534,1.3,1.8,0.728,0.9,3.7,4.6,1.4,0.9,0.6,1.4,1.8,9.2,,1983,10.5,0.562,0.261,0.237,3.7,14.4,9.1,6.7,1.6,2,14.4,14.9,0.3,2.2,2.5,0.06,-2.8,0.4,-2.4,-0.2,2020
527,Robert Williams,23,BOS,C,52,13,18.9,3.6,5,0.721,0,0,0,3.6,4.9,0.727,0.721,0.9,1.4,0.616,2.6,4.3,6.9,1.8,0.8,1.8,1,2,8,,985,25.7,0.719,0.008,0.283,14.9,25.6,20.2,14.2,2.1,8.6,15.2,15,3.4,1.9,5.3,0.258,2.9,3.1,6,2,2020
528,Zion Williamson,20,NOP,PF,61,61,33.2,10.4,17,0.611,0.2,0.6,0.294,10.2,16.4,0.622,0.616,6,8.7,0.698,2.7,4.5,7.2,3.7,0.9,0.6,2.7,2.2,27,AS,2026,27.1,0.649,0.033,0.51,8.9,14.7,11.8,19.7,1.3,1.8,11.6,29.8,7.1,1.6,8.7,0.205,6.1,-0.3,5.8,4,2020
529,D.J. Wilson,24,2TM,PF,35,1,12.4,1.9,4.8,0.405,0.9,2.5,0.345,1.1,2.3,0.469,0.494,0.5,0.7,0.68,0.6,2.6,3.2,0.7,0.3,0.5,0.6,1.3,5.2,,433,11.5,0.511,0.518,0.149,4.8,23.2,13.7,7.9,1.2,3.3,10.9,19.7,-0.2,0.5,0.3,0.032,-2.7,-0.6,-3.3,-0.1,2020
530,Dylan Windler,24,CLE,SF,31,0,16.5,1.8,4.2,0.438,0.8,2.5,0.338,1,1.7,0.585,0.538,0.7,0.9,0.778,0.6,2.8,3.5,1.1,0.6,0.4,1,1.2,5.2,,513,10.8,0.567,0.592,0.208,4.3,19.5,11.7,9.4,1.8,2.1,18.4,14.8,0,0.5,0.5,0.045,-2,0.3,-1.7,0,2020
531,Justise Winslow,24,MEM,SF,26,1,19.5,2.8,8.1,0.352,0.4,2.1,0.185,2.5,6,0.41,0.376,0.8,1.3,0.571,0.7,3.8,4.5,1.9,0.6,0.5,1.4,1.8,6.8,,507,6.2,0.395,0.257,0.167,3.7,21.1,12.3,13.3,1.4,2.1,14.1,21.9,-1.3,0.6,-0.7,-0.066,-6.2,0.2,-6,-0.5,2020
532,Cassius Winston,22,WAS,PG,22,0,4.5,0.6,1.5,0.424,0.4,0.8,0.471,0.3,0.7,0.375,0.545,0.2,0.3,0.833,0,0.4,0.4,0.5,0.1,0,0.2,0.4,1.9,,98,10.8,0.575,0.515,0.182,0,9.7,4.9,16.3,0.9,0.9,12.3,17.2,0.1,0.1,0.1,0.066,-2.1,-1.1,-3.2,0,2020
533,James Wiseman,19,GSW,C,39,27,21.4,4.9,9.4,0.519,0.3,1,0.316,4.6,8.5,0.542,0.535,1.4,2.2,0.628,1.4,4.4,5.8,0.7,0.3,0.9,1.5,3.1,11.5,,836,13.1,0.552,0.103,0.234,7.1,21.5,14.4,4.9,0.6,3.8,12.9,23.8,-0.4,1.2,0.7,0.042,-4,-1,-5,-0.6,2020
534,Christian Wood,25,HOU,C,41,41,32.3,8,15.6,0.514,1.9,5,0.374,6.1,10.6,0.581,0.574,3,4.8,0.631,1.9,7.8,9.6,1.7,0.8,1.2,2,2.1,21,,1326,20,0.591,0.322,0.309,5.9,26.8,15.9,9.4,1.2,3.2,9.9,25.9,1.4,1.4,2.8,0.1,1.7,-0.3,1.4,1.1,2020
535,Robert Woodard II,21,SAC,SF,13,0,3.5,0.6,1.5,0.4,0.1,0.5,0.167,0.5,1.1,0.5,0.425,0.2,0.6,0.375,0.3,0.9,1.2,0.2,0,0.2,0.1,0.3,1.5,,45,12.5,0.425,0.3,0.4,9.7,30,19.7,6.3,0,5.6,4.1,23.4,0,0,0,-0.011,-2.7,-2.6,-5.3,0,2020
536,Delon Wright,28,2TM,PG,63,39,27.7,3.8,8.2,0.463,1,2.7,0.372,2.8,5.5,0.509,0.525,1.6,2,0.802,1,3.2,4.3,4.4,1.6,0.5,1.3,1.2,10.2,,1748,16.3,0.562,0.332,0.243,4.1,13.1,8.6,23,2.8,1.5,12.6,16.3,2.5,1.8,4.3,0.117,0.6,1.5,2.2,1.8,2020
537,Thaddeus Young,32,CHI,PF,68,23,24.3,5.4,9.7,0.559,0.2,0.7,0.267,5.3,9.1,0.58,0.568,1,1.7,0.628,2.5,3.8,6.2,4.3,1.1,0.6,2,2.2,12.1,6MOY-14,1652,20.3,0.578,0.068,0.171,11.4,16.9,14.2,27.1,2.2,2.1,16.1,22.3,2.8,2.2,5.1,0.147,1.9,1.4,3.3,2.2,2020
538,Trae Young,22,ATL,PG,63,63,33.7,7.7,17.7,0.438,2.2,6.3,0.343,5.6,11.3,0.491,0.499,7.7,8.7,0.886,0.6,3.3,3.9,9.4,0.8,0.2,4.1,1.8,25.3,,2125,23,0.589,0.357,0.491,2,10.5,6.3,45.5,1.2,0.5,16.2,33,5.9,1.3,7.2,0.163,5.3,-1.7,3.7,3,2020
539,Cody Zeller,28,CHO,C,48,21,20.9,3.8,6.8,0.559,0.1,0.6,0.143,3.7,6.2,0.598,0.565,1.8,2.5,0.714,2.5,4.4,6.8,1.8,0.6,0.4,1.1,2.5,9.4,,1005,18.2,0.599,0.086,0.367,12.6,22.9,17.7,13.2,1.3,1.7,11.9,18.3,2.1,1.1,3.3,0.156,-0.2,-0.2,-0.5,0.4,2020
540,Ivica Zubac,23,LAC,C,72,33,22.3,3.6,5.5,0.652,0,0.1,0.25,3.6,5.4,0.656,0.654,1.9,2.4,0.789,2.6,4.6,7.2,1.3,0.3,0.9,1.1,2.6,9,,1609,19.1,0.693,0.01,0.434,13.6,22.4,18.1,7.9,0.7,3.4,14.7,15.1,4.8,2.1,6.9,0.206,0.6,0.4,1,1.2,2020
